sentence;Joy;Trust;Fear;Surprise;Sadness;Disgust;Anger;Anticipation;Neutral
Telegram is not only the best messanger, but the best APP on android.;0;1;0;0;0;0;0;0;0
From Hiding private notes, cloud sync, and making to do.;0;0;0;0;0;0;0;0;1
How can you charge so much without the ability to sync between devices :O;0;0;0;1;1;0;0;0;0
Excel GPS navigation.;1;0;0;0;0;0;0;0;0
Good app but I find some problem in synchronization with my watch and I need to disconnect.;1;0;0;0;1;0;0;0;0
It would be very nice to add that feature in a nearly update and then I will pay for the app.;0;0;0;0;0;0;0;1;0
I wish there were more similar that would automatically sync across devices!;0;0;0;0;0;0;0;1;0
It just didnt give me the satisfaction of a everyday planner that i like;0;0;0;0;1;0;0;0;0
I hope for more powerful features like tagging, a browser app, and deeper analytics in the future.;0;0;0;0;0;0;0;1;0
Like the app overall but it will not sync with my wife's calendar.;1;0;0;0;1;0;0;0;0
Customizable and easy to use with basic knowledge.;1;0;0;0;0;0;0;0;0
super very nice gps @come;1;0;0;0;0;0;0;0;0
Also I hope you launch the text formatting soon;0;0;0;0;0;0;0;1;0
The best app for make stickers for Whatsap.;0;1;0;0;0;0;0;0;0
I can't say that it is my favorite because it isn't necessarily easy to navigate.;0;0;0;0;1;0;0;0;0
Getting error occurred and retry message.;0;0;0;0;1;0;0;0;0
This app is best aap for social networking;0;1;0;0;0;0;0;0;0
If you use Microsoft planner, Outlook mail, share point then it is excellent app for remind you.;1;0;0;0;0;0;0;0;0
Video calling not mention;0;0;0;0;1;0;0;0;0
Can't sync manually imported folders/notebooks on desktop to Android via file system.;0;0;0;0;1;0;0;0;0
Its a nice app, it has been working fine for me until this night, its saying theres a problem with the sticker pack and it wont let me send the stickers to whatsapp, and there's no new update for the app, please try and fix this problem;1;0;0;0;1;0;0;0;0
The only thing that would make this the perfect app is text formatting.;1;0;0;0;0;0;0;1;0
Animated stickers from gif don't show on whatsapp even after creating them in a pack and adding them to whatsapp, and using the own apps's keyboard.;0;0;0;0;1;0;0;0;0
"They claim to give you total anonymity and they never see messages or calls on their ""encrypted servers"" .";0;0;1;0;0;0;0;0;0
I setup automatic backup of the whole my phone file system into cloud, but my notes are not backed up automatically, I should manually export them occasionally.;0;0;0;1;1;0;0;0;0
A big problem of maps me is that you can not synchronise it whith your other devices so you have to bookmark your interest points on each device separately one by one, that is awful Please activate synchronizing and backuping whith email to work on multi devices for a user Thanks;0;0;0;0;1;0;0;1;0
Top 👍recovery all photo video chat very good this is app;1;0;0;0;0;0;0;0;0
STANDARD NOTE really works well and is 100% encrypted.;1;0;0;0;0;0;0;0;0
Educational;0;0;0;0;0;0;0;0;1
Use to be good now its just spam bots and ads;0;0;0;0;0;1;0;0;0
I get my weather from KALB News channel 5;0;0;0;0;0;0;0;0;1
But it doesn't sync between devices Notes from tablet you can't access from phone.;0;0;0;0;1;0;0;0;0
Overall, this is an unbelievably good notetaking/journaling app and they offer it for free.;1;0;0;0;0;0;0;0;0
why does my account isn't eligible for monetization?;0;0;0;1;0;0;0;0;0
Some of the features that are pro are certainly worth the price, but a more decentralized option would be worth 5 stars and twice the subscription rate.;1;0;0;0;0;0;0;1;0
Time Fee for Free GPS Navigation;0;0;0;0;0;0;0;0;1
Great app, easy to use, great way to keep track of recurring tasks, whether it's daily, fixed or flexible.;1;0;0;0;0;0;0;0;0
Lacks basic security features and developer seems to lack awareness of terminology: E2E encryption is not really E2E when the data stays unencrypted locally.;0;0;1;0;0;0;0;0;0
mobile friendly.;1;0;0;0;0;0;0;0;0
Unthinkable for a notetaking app - please stick to banner ads only for these kind of apps.;0;0;0;0;0;1;0;0;0
I would love to have a WWE news channel on the news list.;0;0;0;0;0;0;0;1;0
I'm doing a Tour De Habit Trackers and this one is one of the best I've seen.;0;1;0;0;0;0;0;0;0
Cloud sync not working now.;0;0;0;0;1;0;0;0;0
Glad my gps has voice lol.;1;0;0;0;0;0;0;0;0
The search button doesn't work and when I click on a pinned message it jumps to the begging of the chat.;0;0;0;0;1;0;0;0;0
As I used all ok, but the call recording is .. only my voice is perfectly recorded.;1;0;0;0;1;0;0;0;0
Would be nice to organize folders alphabetically;0;0;0;0;0;0;0;1;0
Easy user simple app that helps with all your running/training needs;1;0;0;0;0;0;0;0;0
Perhaps the developer would prefer I pay for a subscription to their web service instead?;0;0;0;1;0;0;0;0;0
Lists/sub-Lists, notifications, tags and backups sure but... now with Image attachments!;1;0;0;0;0;0;0;0;0
When it comes to the web, the calendar sync stops working all the time so I've decided it's time for me to find something else that more consistent and reliable.;0;0;0;0;1;1;0;0;0
I live this stopwatch.;1;0;0;0;0;0;0;0;0
THE BEST RADAR APP;0;1;0;0;0;0;0;0;0
If a fairer monetization measure is implemented, I will consider returning, however as it stands, I will look for an alternative.;0;0;0;0;0;1;0;0;0
Very cute calendar.;1;0;0;0;0;0;0;0;0
Can it sync across devices yet?;0;0;0;0;0;0;0;1;0
Is there a way to categorize the messages by person?;0;0;0;0;0;0;0;0;1
Also the sleep tracking is hit and miss, I might lay down to watch a film and the app says I've been asleep.;0;0;0;0;1;0;0;0;0
The desktop app is excellent too.;1;0;0;0;0;0;0;0;0
Ok for location tagging;1;0;0;0;0;0;0;0;0
Usable app with good detailed routing instructions for seniors and driving to unfamiliar places.;1;0;0;0;0;0;0;0;0
Despite the last update meaning to fix this, it's completely broken for anything media related, including hyperlinks to media.;0;0;0;0;1;0;0;0;0
I like that it syncs across devices.;1;0;0;0;0;0;0;0;0
Could you tell me how do I switch to stopwatch mode from timer mode?;0;0;0;0;0;0;0;0;1
We can't do recording before call we have to wait for recording and manually do recording when other person after lifting the call and when ever you record call other person and you both will get an odd voice notifications that call has been recording it's seem every oddd and annoying worst app from Google mainly this app and msg app;0;0;0;0;1;0;0;0;0
Add hide chat features;0;0;0;0;0;0;0;1;0
it was the best planner that I have ever seen .;0;1;0;0;0;0;0;0;0
As a student i can easily manage my tasks by creating seperate folders.;0;1;0;0;0;0;0;0;0
Compact routing application with complete and accurate maps, excellent speaker.;1;0;0;0;0;0;0;0;0
Simple and clean notes and reminder.;1;0;0;0;0;0;0;0;0
With the features on here, i am able to map topics together even if they are in another mind-map file, link to a mind-mapping calendar for scheduling or logging purpose, and even use active recall techniques with the built-in hidden child feature.;1;0;0;0;0;0;0;0;0
could use tools like table of contents with hyperlinks but I do a similar thing with folders.;0;0;0;0;0;0;0;0;1
Automatic backups and syncing to new devices and all the other features you want.;1;0;0;0;0;0;0;0;0
slow synchronization;0;0;0;0;1;0;0;0;0
Didn't download it for a calendar feature, but now I use it more than note keeping.;0;0;0;0;0;0;0;0;1
There isn't a backup feature to the cloud or local storage, so I'm a tad hesitant to rely too heavily upon it.;0;0;0;0;1;0;0;0;0
Great functionality, lots of tools to help with note-taking and organisation.;1;0;0;0;0;0;0;0;0
You will find yourself in rooms that are separate from the people you are in a meeting with.;0;0;0;0;1;0;0;0;0
Very useful App,especially at the time of soaring fuel prices and ecological concerns.;1;0;0;0;0;0;0;0;0
Won't link to My Fitness pal or any other fitness app for calorie counting.;0;0;0;0;1;0;0;0;0
Google Maps rushed to show the devastation that hit that small community, but now doesn't seem to want to update the imagery, though nowhere around that region is the storm's devastation still evident, but there's little Mexico Beach looking like it has been ignored and abandoned.;0;0;0;0;1;0;0;0;0
This app opportunity should be monetised by asking some amount for ride publishing .;0;0;0;0;0;0;0;1;0
Does not provide transparency for the updates.;0;0;1;0;0;0;0;0;0
The watch associated with this app pin on band broke the lobe from base rendering app same value as WRIST RING.. absolute junk.;0;0;0;0;0;0;1;0;0
Does not backup media just text and the automatic backup feature does not work, I would have to go into the app and manually backup each time.;0;0;0;0;1;0;0;0;0
Still can't show completed task & subtasks on widget.;0;0;0;0;1;0;0;0;0
The best messaging app❤❤;0;1;0;0;0;0;0;0;0
Critical to find my folder & document.;0;0;1;0;0;0;0;0;0
Sleep tracking not working.;0;0;0;0;1;0;0;0;0
"Needs further updates; 1.Bookmarks attached to pdf aren't accessible...(needs content table accessibility) 2.Needs Bookmark + sub-bookmark editing option.";0;0;0;0;0;0;0;1;0
Tap a notification, blank screen.;0;0;0;0;1;0;0;0;0
This app becomes a mobile app when listening to voice messages sent by friends;0;0;0;0;0;0;0;0;1
Its aa very good app,helps in deleting messges, appears fast,but it shoud improve in one time watch videos and photos in whats app also show in WAMR application ,otherwise it's aa good app....;1;0;0;0;0;0;0;1;0
Love snapchat just wish it had a picture in picture when im on video chat where I can leave the app and still use other apps;1;0;0;0;0;0;0;1;0
When trying to sign in it says use a browser that has Java script.;0;0;0;1;1;0;0;0;0
Bookmarked.;0;0;0;0;0;0;0;0;1
Its privacy protection like me;0;1;0;0;0;0;0;0;0
It is a weather and clock widget so time should be accurate;0;0;0;0;1;0;0;0;0
Great app for creating recurring tasks.;1;0;0;0;0;0;0;0;0
I hate telegram;0;0;0;0;0;0;1;0;0
I really love this app, specially because of graphs and charts, however I think it can be better by adding subtasks or improvement on graphical environment.;1;0;0;0;0;0;0;1;0
Use this app once on your free time to make every sticker pack you could possibly use and then never look back;1;0;0;0;0;0;0;0;0
If you even think about privacy, don't install this app at all.;0;0;1;0;0;0;0;0;0
When it is something as important as an email app you would think that their push notifications is tune to perfection but that's far from the case.;0;0;0;0;1;0;0;0;0
good app - 'simple' and 'note' like its name but has technical flaws, especially network and sync between devices (I use it to sync a note between my Windows PC and this Android phone).;1;0;0;0;1;0;0;0;0
This app could receiving and sending Blockchain payment in Cryptocurrency and fiat.;0;0;0;0;0;0;0;0;1
Desktop app?;0;0;0;1;0;0;0;0;0
Call recording is not proper.;0;0;0;0;1;0;0;0;0
Take a look on Zenmoney accounting app, they have free and paid version.;0;0;0;0;0;0;0;0;1
I am satisfied with the high level of performance.;1;0;0;0;0;0;0;0;0
The most important feature to me is that I can set up my encrypted private section with a password protection.;0;1;0;0;0;0;0;0;0
"(Get reminder day before, get reminders at different times from day to day, etc.); Diary/Notebook Section; One-Time Tasks with deadline instead of fixed date; Pinned Notification/Widget.";0;0;0;0;0;0;0;0;1
Keeps crashing when I hit send to a message.;0;0;0;0;1;0;0;0;0
Customizable, looks nice, good enough;1;0;0;0;0;0;0;0;0
I also love the notification filter, makes a huge difference to the overall experience;1;0;0;0;0;0;0;0;0
Should add share videos to whatsapp feature.;0;0;0;0;0;0;0;1;0
It's my favorite launcher among the others.;0;1;0;0;0;0;0;0;0
Wish I could call this TerraVision from Art+Com.;0;0;0;0;0;0;0;1;0
You cannot put an image into a note, you cannot record a voice message, no text formatting...;0;0;0;0;1;0;0;0;0
AWESOME APP LOOK UP A FLOWER, PLACE, BUILDING, ANTIQUES, FIND OUT HOW TO BUY WHAT YOU WANT AT A RESONABLE PRICE, TEXT FUNCTION READS PAGES BACK YO YOU ACTS AS AN OCR (OPTICAL CARICATURE RECOGITION);1;0;0;0;0;0;0;0;0
So, at the bottom they had the privacy word.;0;0;0;0;0;0;0;0;1
It doesn't happen real-time, it doesn't sync between devices - if you want your phone to have the laptop version of your files, you have to sync it manually.;0;0;0;0;1;0;0;0;0
Beautiful clean design and no ads;1;0;0;0;0;0;0;0;0
I can't believe how easy it is to add different type of items to the notebooks to access later.;1;0;0;0;0;0;0;0;0
The best note taking app with material design.;0;1;0;0;0;0;0;0;0
Just the text label with the timer status is odd.;0;0;0;0;1;0;0;0;0
Timer Ending sound and vibration not working;0;0;0;0;1;0;0;0;0
Very tasteful and clean design.;1;0;0;0;0;0;0;0;0
Samsung should expand their food database and add look into adding a barcode option.;0;0;0;0;0;0;0;1;0
Total rubbish at keeping connected, pointless for notifications.;0;0;0;0;0;1;0;0;0
I had the weather channel app,but it was draining my battery too fast.;0;0;0;0;1;0;0;0;0
But I can't watch videos on Facebook lite, I tried uninstalling it and later installed the app again but it's still faulty;0;0;0;0;0;1;0;0;0
I've been using this app for more than 7yrs but I realise there are more bots using the App than humans.;0;0;0;0;1;0;0;0;0
Half the screen is taken up by the routing - bring back the simple uncluttered previous version.;0;0;0;0;1;0;0;0;0
Habe a login option where all data of habits gets stored...;0;0;0;0;0;0;0;1;0
LOGGING IN SHOULD BE FREE, NOT SOMETHING THAT PEOPLE SHOULD BE PAYING FOR.;0;0;0;0;0;0;1;0;0
Telegram has stolen my channel username without my permission and I will delete telegram for ever .;0;0;1;0;0;1;0;0;0
I will be using Google maps until they can work out a better monetization system.;0;0;0;0;0;1;0;0;0
App have a nice UI but there is lot of features in original app that missed here, so with all respect i prefer to use orginal telegram.;1;0;0;0;0;1;0;0;0
You can't even send files like replays of games from steam.;0;0;0;0;1;0;0;0;0
My favorite weather go-to App Always very trustworthy.;0;1;0;0;0;0;0;0;0
I don't like that much transparency into my data.;0;0;1;0;0;0;0;0;0
GPS Navigation download;0;0;0;0;0;0;0;0;1
Can we see history of organized meeting.;0;0;0;0;0;0;0;1;0
But an option to slide the whole screen across to reveal 4 more quadrants (for 'pending' and 'recurring' tasks to suggest 2) and an option to sync between devices, and this would be the ULTIMATE task app.;0;0;0;0;0;0;0;1;0
Steam Chat app is another great mobile app by Valve.;1;0;0;0;0;0;0;0;0
I understand free app users having to deal with ads but right after they began video ads I set a reminder & a dating app ad began playing loudly in a doctor's office I was in, forcing me to close the app to stop it & making me more likely to forget to place a reminder since I have to wait until I'm in place it won't matter.;0;0;0;0;0;1;0;0;0
It's a to do list that you pay money for.;0;0;0;0;1;0;0;0;0
Monetization should be used to provide optional extra benefits, not to lock a core feature of a transport planning app behind a paywall.;0;0;0;0;1;0;0;0;0
Cycling 12v power to the DNX is the only way to restore operation.;0;0;0;0;0;0;0;0;1
"When I check off a task, it goes away immediately, and then it comes back until it updates; when I create a task offline, which would be every day if there was no issue, the task disappears; and the synchronization of the app with the desktop is also very slow.";0;0;0;1;1;0;0;0;0
Purchsses HabitBull now Habit Tracker.. years ago...found the receipt and emailed them several times....no answer.;0;0;0;0;1;0;0;0;0
I want to be able to set time faster (not tap ~100 hundred times, but hold or type the timer or scroll like in the alarm clock app on my phone).;0;0;0;0;0;0;0;1;0
I use it for to do lists, grocery lists, and saving pretty Instagram pictures. 😁;0;1;0;0;0;0;0;0;0
After recent update I had a synchronise issue with app watch data not synchronising with Mobile app in my IQOO 3 Device even service centre person cannot resolve the issue;0;0;0;0;1;0;0;0;0
But could be better if had an update with Google Calendar sync;0;0;0;0;0;0;0;1;0
Translator required, please include in the app, thanks;0;0;0;0;0;0;0;1;0
Minimalistic and Perfact;1;0;0;0;0;0;0;0;0
Thanks for developer this is a good invention please add video call option;1;0;0;0;0;0;0;1;0
THERE ISN'T PROBLEM IN REGULAR TELEGRAM.;0;0;0;0;0;0;0;0;1
1: It'd be great to add annotation and OCR scan text features for pdfs UPDATE 2: it'd be great to create multiple users with the same account (1 x college 1 x personal life).;0;0;0;0;0;0;0;1;0
I'm a personal trainer so I've got a webcal sync for gym shifts that get automatically loaded and a Google calendar sync for my personal appointments.;0;1;0;0;0;0;0;0;0
This has blocked main arterial routes for my town, rendering routing useless.;0;0;0;0;0;1;0;0;0
The level of customisation and lists within lists, as well as reminders and being able to label things and arrange them by priority makes and now with the new function where you can attach an image it's improving all the time and I love it, the one slight problem I do have however is with the amount of images that you can attach being only one if that were to increase, that would be fabulous;1;0;0;0;0;0;0;0;0
Still showing rejected error after 2 days of publishing.;0;0;0;0;1;0;0;0;0
Literally the best habit tracker!;0;1;0;0;0;0;0;0;0
You can create checklists, change color of the note, lock the note, and the note is set to automatically save after each edit similar to ggl docs.;1;0;0;0;0;0;0;0;0
I can organize notes by putting them in notebooks.;0;1;0;0;0;0;0;0;0
An ENCRYPTED, OPEN SOURCE NOTE-TAKING APP?;0;0;0;1;0;0;0;0;0
Able to keep track of everything, like bills, grocery lists and more.;1;0;0;0;0;0;0;0;0
But it would be great if there is option for doodling, a more effective way for a non-verbal expression in note-taking.;0;0;0;0;0;0;0;1;0
Probably the best habit tracker I've come across;0;1;0;0;0;0;0;0;0
All I need are ( phone apps, messaging apps sms , mms,if allowed!;0;1;0;0;0;0;0;0;0
Cloud sync problem...;0;0;0;0;1;0;0;0;0
It's A Great App, i got to know bout through this yt channel called Hayls World,;1;0;0;0;0;0;0;0;0
I have recently swapped from the Samsung S10 to S21 and my calendar would not transfer over (very annoying) but within 5 minutes of downloading this app onto both phones I had all my appointments on my new phone!;0;1;0;0;0;0;0;0;0
Excellent Pomo app pom timer doesn't pause if the screen locks or you open another app;1;0;0;0;0;0;0;0;0
The final thing I'll mention is the ability to copy phone numbers, emails or anything I want rather than having to copy the entire message and dissect it after with the info I need.;0;1;0;0;0;0;0;0;0
Good timer!;1;0;0;0;0;0;0;0;0
Image editing will be useful, like marking with pen(brush) tool or text editing on the photo.;0;0;0;0;0;0;0;1;0
The app keeps track of everything that a paper notebook can;1;0;0;0;0;0;0;0;0
I only set up the app yesterday and the only place I record my daily weigh-ins is in an app called Noom.;0;0;0;0;0;0;0;0;1
Wow, this is amazing. I use it for tracking time and this app is very effective at this, it is good but I was expecting more than colours and Timers in premium, if you guys can add a habit tracker like thing and to do list, this will be the only app needed to make the day a super productive.;0;1;0;0;0;0;0;1;0
"A better app for backing up (and restoring) SMS and MMS is ""SMS Backup And Restore"", though you have to save to a cloud based drive (i.e. Google Drive) vs Gmail.";0;0;0;0;0;0;0;0;1
💯 more reliable than the other web service I tried.;0;1;0;0;0;0;0;0;0
Used to allow custom background, which is now a must have due to Android 10 dark theme.;0;1;0;0;0;0;0;0;0
Update: Yes I connected to my google calendar.;0;0;0;0;0;0;0;0;1
Was simply the best, offline GPS navigation application.;0;0;0;0;0;0;0;0;1
Be sure to bookmark the help website too.;0;0;0;0;0;0;0;1;0
Please make a desktop app;0;0;0;0;0;0;0;1;0
Only issues are I wish loading another page of tweets was more obvious, and I used to have a bug (probably with battery saving) on an older phone with Android 10, but I switched phones and now get all message and interaction notifications.;1;0;0;0;1;0;0;0;0
For example, I use the urgent/important paradigm for priority setting, and the filters are perfect.;0;1;0;0;0;0;0;0;0
Easy to use, no ads, best instant messaging;1;0;0;0;0;0;0;0;0
hey google nerd-ocracy, your product sucks now, because your priorities suck, and one day you will crash like the androids you have been destroying w this piece of shyte you pass off as an email app. 🖕;0;0;0;0;0;0;1;0;0
Best macro app I've used.;0;1;0;0;0;0;0;0;0
Group messaging is a disaster, as the messages get stuck in only one contacts thread, instead of a thread for the group conversation.;0;0;0;0;1;0;0;0;0
please add folder tab;0;0;0;0;0;0;0;1;0
Only monetization is an optional donation page.;1;0;0;0;0;0;0;0;0
soon as burner steps up to the pump and adds end to end encryption...they will hands down be the best in google play store...hands down only reason they don't get a 5...you've implemented the perfect features as far as multiline and burning feature...just encrypt the lines and your a clear winner;1;0;0;0;0;0;0;1;0
Highly disappointed the way their support team works because instead of stopping and taking strong action against those who are constantly making new accounts nd deleting the old ones for their fraudulent activity they are just ready to restrict the activity of genuine users!;0;0;0;0;1;0;0;0;0
This app took payment today, no subscription page to manage the account, no warning it was going to take money, no support page or email publicly on the site.;0;0;1;0;1;0;0;0;0
Everything is good except that the comment section reply doesn't really work;1;0;0;0;1;0;0;0;0
Gmail integration is awsome...;1;0;0;0;0;0;0;0;0
Feature feature - provide a web interface or a mac/desktop app.;0;0;0;0;0;0;0;1;0
Ability to place imported pictures at any place in the pdf not only on left margine.;0;0;0;0;0;0;0;1;0
Always says she is offline.;0;0;0;0;1;0;0;0;0
Last updat is bad I can't share video because it's showing like it's picture it's not playing I'm disappoint about this;0;0;0;0;1;0;0;0;0
Only get nonsensical canned responses.;0;0;0;0;1;0;0;0;0
Can't clear empty categories of to-do, no indication if it purges old tasks or if the done tasks are just going to pile up, needs sort by date, needs reoccurring tasks.;0;0;0;0;1;0;0;1;0
Clean design, clear and relevant temperature and precipitation charts, minimal ads.;1;0;0;0;0;0;0;0;0
Even uninstalled, since there were no subscriptions logged in Play.;0;0;0;0;0;1;0;0;0
Good sleep tracking and analysis.;1;0;0;0;0;0;0;0;0
I've been able to restore call logs and messages multiple times thanks to this app.;0;1;0;0;0;0;0;0;0
Automatically turns the Bluetooth on even when not using the GPS Navigation device.;0;0;0;0;1;0;0;0;0
Please develop iOS version and let the notes sync between devices.;0;0;0;0;0;0;0;1;0
I can still run manual backups, but the automatic backups just aren't kicking off as they used to.;0;0;0;0;1;0;0;0;0
Highly Recommended best app in this category.;0;1;0;0;0;0;0;0;0
Works offline.;1;0;0;0;0;0;0;0;0
I was very dissappointed when I realized that hyperlinks were not accessible.;0;0;0;0;1;0;0;0;0
It won't sync my notebooks.;0;0;0;0;1;0;0;0;0
It's make note taking, planning, project management, task, and everything in between.;1;0;0;0;0;0;0;0;0
Bus only routing used to be a paid of the free options now you have to pay for it.;0;0;0;0;1;0;0;0;0
Accounting;0;0;0;0;0;0;0;0;1
Blasts you with push notification ads for Adidas' latest marketing initiative (currently, the plastic waste song-and-dance).;0;0;0;0;1;0;0;0;0
The app lacks two very important features for me: 1) calendar sync, so I could use only HabitNow without worrying on losing my calendar events.;0;0;0;0;1;0;0;1;0
If Ayoba wants to takeover the African social networking market, they must simply go the route of WhatsApp which promoted virtual contacts than actual contacts.;0;0;0;0;0;0;0;0;1
Great app for the users who needs a timer with stopwatch, easy interface and easy to use.;1;0;0;0;0;0;0;0;0
Whatsapp Voice Calls and Video Calls are not displayed on Screen When it Rings;0;0;0;0;1;0;0;0;0
I appreciate how modular the app is: you assign tasks for the day, have them repeat on specific days, assign tasks to projects, and add subtasks.;1;0;0;0;0;0;0;0;0
Quite amazed by this app and how it can provide a detailed, surprisingly accurate view of your 24-hour schedule that will allow you to balance and prioritize your time with features such as multi-sync, location-based awareness, and more.;1;0;0;0;0;0;0;0;0
Telegram is good platform;1;0;0;0;0;0;0;0;0
Used to be a good app for automatic backups, but now, after the last update, it stopped doing automatic backups, no matter what I tried.;0;0;0;0;1;0;0;0;0
The only thing i would add is ability to add hand written note, dark theme would be also welcome and maybe change icons to look more like material design.;0;0;0;0;0;0;0;1;0
The app now includes: Web browser, Games, News, OneDrive, Math solver, Unit converter, Translator, etc.;1;0;0;0;0;0;0;0;0
Make WhatsApp cloud base!!;0;0;0;0;0;0;0;1;0
As I cycle nearly every day the App combines walking from the watch and somehow treats my cycling as steps and produces a ridiculously high step count.;0;0;0;0;1;0;0;0;0
Excellent running app.;1;0;0;0;0;0;0;0;0
Very efficient and feature rich..syncs across devices...and is absolutely one of the best...i have been using it for years while comparing it to other apps;1;1;0;0;0;0;0;0;0
It synced with gmail, backuped (or so it seemed), but won't restore.;0;0;0;0;1;0;0;0;0
I definitely recommend this app for height incemrease I grew 4 inches tall in like...2.5 months which was cool I didn't go out for 3 months and all my friends were shocked to see me tall😌 plus stay consistent with the app and you'll get better results also try to use the food suggestions and sleep tracker along with it it'll give better results 🤗;0;1;0;0;0;0;0;0;0
Anti-consumer practices like removing IFTTT integration, no actual support except forums with other people upset with the same issues etc.;0;0;0;0;1;0;0;0;0
"Reinstalled Receive a ""Google Smart Lock"" prompt, then App crashes";0;0;0;0;1;0;0;0;0
With cloud storage l am loving this 😍🥰;1;0;0;0;0;0;0;0;0
The upgrade to the premium version is well worthwhile for the improved calendaring and notification capabilities.;1;0;0;0;0;0;0;0;0
"The only selling point of using a standalone GPS navigation is that is OZ land on a P license peeps are not allowed to use ""screen mirroring"" lik Android Auto.";0;0;0;0;0;0;0;0;1
But yet there is no way to share notebooks with friends.;0;0;0;0;1;0;0;0;0
Cloud sync.;0;0;0;0;0;0;0;0;1
How can I permit these content (usually from the same youtube channels), while blocking other non school related contents being consumed.;0;0;0;0;0;0;0;0;1
I have lost so many of my recorded tracks in the switch over!!;0;0;0;0;1;0;0;0;0
Whether complex project management, medication reminders, payment schedules or shopping lists everything is simple to structure in an intuitive way that has kept me organised and on task.;0;1;0;0;0;0;0;0;0
I also have a video with the workflow, if anybody is interested...;0;0;0;0;0;0;0;0;1
When a message is deleted, other text kind of repeated itself and doesnt look organize;0;0;0;1;1;0;0;0;0
It's very good, it just needs OneDrive \ Google integration!;1;0;0;0;0;0;0;1;0
"Edited: Since the update, developers noticed my review and solved some of my problems but only 1 thing, ""People nearby"" Hopefully this will be available.";1;0;0;0;0;0;0;1;0
Feature request: subfolders for better notes organization.;0;0;0;0;0;0;0;1;0
Customizable and free;1;0;0;0;0;0;0;0;0
This is a wonderful app thankyou , kindly its my suggestion that you bring on bord the language translator option.......;1;0;0;0;0;0;0;1;0
2. All stickers won't display as positioned in story once live.;0;0;0;0;1;0;0;0;0
Good for non animated stickers.;1;0;0;0;0;0;0;0;0
Every time I try to watch a weather video, it doesn't work and I get error messages on my phone, forcing me to restart my phone.;0;0;0;0;1;0;0;0;0
Very interesting channel;1;0;0;0;0;0;0;0;0
My only gripe is that I can't make folders for notes, they all just lay on the dashboard.;0;0;0;0;1;0;0;0;0
Notes and notebook, all in one.;1;0;0;0;0;0;0;0;0
Simple clean interface, but still customisable to quite a high level.;1;0;0;0;0;0;0;0;0
Also, cloud storage service is spotless.;1;0;0;0;0;0;0;0;0
It is a very good app for a lot of social networking.;1;0;0;0;0;0;0;0;0
It's socal networking app;0;0;0;0;0;0;0;0;1
If youre here your most likely trying to find a better alternative to MyFitnessApp and it is, as far as i can tell there is no overpriced premium and has all the essentials for nutrients and macros.;1;1;0;0;0;0;0;0;0
I was searching for todo list apps with in built pomodoro timer and this has it.;1;0;0;0;0;0;0;0;0
One of the improvements that can be done is adding a folder feature to make organising a bunch of notes easier.;0;0;0;0;0;0;0;1;0
But I want my JellyBean ASOP 4.1 circular clock widget back.;0;0;0;0;1;0;0;1;0
Love it but wish I could coordinate it with my outlook calendar.;1;0;0;0;0;0;0;1;0
It is now impossible to upload your route with bookmarks from Google earth into maps me.;0;0;0;0;1;0;0;0;0
the constant reminder to enable location permissions is just stupid.;0;0;0;0;0;0;1;0;0
I can't send or forward posts or reels to individual people it's always the Group chats popping out please fix this;0;0;0;0;1;0;0;0;0
Best app better than what,s app I can't tell advantages I love telegram !;0;1;0;0;0;0;0;0;0
Honestly it's better than Google calendar for the purpose of being simple and getting the job done.;0;1;0;0;0;0;0;0;0
Is there any bug in telegram?.;0;0;0;0;0;0;0;0;1
It as not been working properly for me because i can't meet new people or enter group everytime I try to it always tells me that I have reach the limit for the day and I haven't even tried it, it's so frustrating......;0;0;0;0;1;0;0;0;0
Keep up guys I loved the app with the image attachment, cloud sync service .;1;0;0;0;0;0;0;0;0
A simple yet highly motivating tool to help improve overall wellness;1;0;0;0;0;0;0;0;0
Minimalistic, aesthetically pleasing and does provide basic customizing functionalities like colour tags, custom fonts and passcode protection.;1;0;0;0;0;0;0;0;0
This App is also a privacy concern and collects way too much personal information!;0;0;1;0;0;0;0;0;0
The world clocks widget doesn't seem to be scaling down correctly when resizing.;0;0;0;0;1;0;0;0;0
Bookmarking things got harder, navigating became awkward, some new useless features, a download button when everything is already downloaded...why change what worked so well?;0;0;0;0;1;0;0;0;0
When they do, if they are completed on the phone the watch notification doesn't disappear, which is a real problem for recurring tasks because if you complete it instead of dismissing it from the watch after completing it in phone, the task is moved forward a date.;0;0;0;0;1;0;0;0;0
You have 1 option for pickup call in mini notification which is very useful for gamers.;1;0;0;0;0;0;0;0;0
Please add a barcode scanner for tracking food.;0;0;0;0;0;0;0;1;0
It will be convenient 🙂 (1) Re-order, (2)Edit folder, (3)Delete, (4)*Mark as read;0;0;0;0;0;0;0;1;0
Customizable at its best.;1;0;0;0;0;0;0;0;0
To ease workflow for many students and make it a lot easier to switch between notes.;1;0;0;0;0;0;0;0;0
It happens when I'm snoozing alarms using the touchscreen only, it happens if I adjust the volume on my phone for another app, it happens seemingly automatically just because the app decides that it's going to lower the volume itself.;0;0;0;1;1;0;0;0;0
It Should be a default messaging app.;1;0;0;0;0;0;0;0;0
The app itself is very useful, but there are bugs all the time, disappearing tasks, synchronization mistakes, timezone setting problems etc.;1;0;0;0;1;0;0;0;0
Needs support for samsung secure folder.;0;0;0;0;1;0;0;1;0
Only suggestion from me would be a replay button for when I want to listen to a tone while sleeping.;0;0;0;0;0;0;0;1;0
Great app with gamification and great story to track with every day you achieve your better self;1;0;0;0;0;0;0;0;0
I paid the modest fee for premium service and can set up recurring tasks as easily as I can in Outlook.;0;1;0;0;0;0;0;0;0
-There is no option to auto backup to Google Drive or OneDrive.;0;0;0;0;1;0;0;0;0
Having my upcoming calendar on the lock screen makes sure I don't forget appointments.;0;1;0;0;0;0;0;0;0
I haven't did any exercise in such a very long time and was reluctant to start with this app but after doing the exercises I fii very safe to do them and the exercises aren't to bad for an old timer like me I give it a five 👍 up;0;1;0;0;0;0;0;0;0
Deleted messages are not being shown.;0;0;0;1;0;0;0;0;0
Voice messages frequently stop working, the rest is fine;1;0;0;0;1;0;0;0;0
I'm using AirVisual app instead, which shows all of Airnow sensors and thousands of other sensors from community members.;0;0;0;0;0;1;0;0;0
I have been using it for many years and I love it, especially I am able to save my documents with password and sync across devices.;0;1;0;0;0;0;0;0;0
Paid for the subscription so I could upload the pdf planner I bought and after I got it in, that's when I found out that Squid does not support hyperlinks within the document.;0;0;0;1;0;0;0;0;0
Customizable, on time reminders, never glitches.;1;0;0;0;0;0;0;0;0
Could not sign in on the app, apparently it's not Java supported for Android.;0;0;0;0;1;0;0;0;0
"Great for online privacy but advertising via pop-ups, very annoying for a ""free"" communication app, that's why I uninstalled it.";0;0;0;0;0;1;0;0;0
*revised* the app stopped finding gps a few years ago and is no longer very useful.;0;0;0;0;0;1;0;0;0
Thank you developers it is working well, compare to other OCR apps it is working verry accurately definitely it is artificial Eye for me, one more please add auto language deduction, Kannada language and PDF reader, this is humble Request, finally allow to join beta version;0;1;0;0;0;0;0;1;0
It was a good app but in my group chat i cant send message!;0;0;0;0;1;0;0;0;0
We SHOULD be able to disable video or phone call, PLEASEEEE!;0;0;0;0;0;0;0;1;0
Not good for call and media transfer but good in privacy and group chating and chatung;1;0;0;0;1;0;0;0;0
Only running contributes to the fitness level, and the watch itself is too temperamental not capturing heart rate properly and ECG only works if heart rate above 50.;0;0;0;0;1;0;0;0;0
I can't send messages from my telegram account;0;0;0;0;1;0;0;0;0
"No bs ""pay to write more characters"" or ""pay to unlock subtasks"".";1;0;0;0;0;0;0;0;0
They made recurring tasks a premium feature.;0;0;0;1;0;0;0;0;0
Works offline or with no reception as well!;1;0;0;0;0;0;0;0;0
Easy to use and does what it needs to do, however I don't see any reason an Instant Messaging app should have ads.;1;0;0;1;0;0;0;0;0
I love this app, but until I can sync between devices, it's functionality it's limited....;1;0;0;0;1;0;0;0;0
Live Earth Map HD- World Map 3D & share locations is very useful and amazing app .it's works very good and helpful .you can explore all locations and driving directions around the world and share with friends 🚨;1;0;0;0;0;0;0;0;0
Please add a feature that we can restrict a Group Chat.;0;0;0;0;0;0;0;1;0
Best combo weather clock widget I've found;0;1;0;0;0;0;0;0;0
I can't download telegram;0;0;0;0;1;0;0;0;0
this app is great you should try this app if you have sticker battles with your friends this app relly helps us to make our own sticker you should try it 🤩🤩💖💖;1;1;0;0;0;0;0;0;0
The best cycling app;0;1;0;0;0;0;0;0;0
Same as everyone else's review: Screws up your distance calculations rendering any tracking useless.;0;0;0;0;1;0;0;0;0
Mobile app keeps crashing;0;0;0;0;1;0;0;0;0
Top most priority basis work;0;0;0;0;0;0;0;0;1
Easy to organise notes by category and find my data easily;1;0;0;0;0;0;0;0;0
Super flexible and perfect for ad-hoc notetaking!;1;0;0;0;0;0;0;0;0
Very Educational.;1;0;0;0;0;0;0;0;0
And it also creates cloud storage in Google Drive.;0;0;0;0;0;0;0;0;1
You should be able to enlarge the sleep tracking to better narrow down the times when events occurred.;0;0;0;0;0;0;0;1;0
Wonderful app with tones of option only video calling is not there if add that it will be perfect , i need phone video calling;1;0;0;0;0;0;0;1;0
I've been using this APP for years and loved it, but recently the automatic backup stopped working.;0;0;0;0;1;0;0;0;0
This is my favorite wellness app because it lets me choose different categories of well being to focus on.;0;1;0;0;0;0;0;0;0
i wish there was more customisation options and the synchronization should be more user friendly;0;0;0;0;0;0;0;1;0
Easy to keep, organize, and share notes;1;0;0;0;0;0;0;0;0
Thus rendering an expensive watch virtually useless.;0;0;0;0;0;1;0;0;0
The feature for sharing notes with other users is very handy;1;0;0;0;0;0;0;0;0
The best app for to do i have come accross...simple, easy,effective and lightweight.;0;1;0;0;0;0;0;0;0
Synchronization is without any possibility to set up when.;0;0;0;0;1;0;0;0;0
Secret chat feature has an loophole;0;0;1;0;0;0;0;0;0
I love this app.....this app gives me so much relaxation...very workful app.....people should use this app who has any kind of problems in their life.;0;1;0;0;0;0;0;0;0
This app is really nice and useful for gamification.;1;0;0;0;0;0;0;0;0
I have tried a LOT of to do list apps over the years, and this is my favorite by far.;0;1;0;0;0;0;0;0;0
Minimalistic look.;1;0;0;0;0;0;0;0;0
Radar;0;0;0;0;0;0;0;0;1
Great tutorial, really helps;1;0;0;0;0;0;0;0;0
The messaging is still in beta and definitely not recommended to use as you can miss messages.;0;0;0;0;1;0;0;0;0
"A year waiting for the ""future update"" (according to the devs replies on the comments section) and here we are.";0;0;0;0;1;0;0;0;0
I'd like to be able to click on the notification and be taken to that link.;0;0;0;0;0;0;0;1;0
the messaging system has to be improved and when calls appear they should be in full screen.;0;0;0;0;1;0;0;1;0
It's not necessary to follow the IMAP SMS Backup+ workaround from Android Police, which also removes the login encryption to Plain Text.;0;0;0;0;0;0;0;0;1
my alarm goes off two hours before and half hour before then on time.;0;0;0;1;0;0;0;0;0
I can't see any of my new messages being sent to me.;0;0;0;0;1;0;0;0;0
Reliable, effective and the only thing that gives me marked improvement on my running!;0;1;0;0;0;0;0;0;0
Had a nice experience at first but over time the consistent ads being shown to just access my own writing, the bugginess of the app, the bad cloud syncing, the mobile app experience generally, and the lack of customization without the paid version has led me to move away from this product.;0;0;0;0;0;1;0;0;0
Any short-comings with Google integration and such, you can blame either gov for, but not Huawei, imo.;0;0;0;0;0;0;0;0;1
Great way to plan your day, same as using a daily planner.;1;0;0;0;0;0;0;0;0
A great way to keep track of my running distance and calories burned!;0;1;0;0;0;0;0;0;0
I like being able to make a grocery list on my cellphone and cross things off as I get them.;0;1;0;0;0;0;0;0;0
It's not that it's a bad habit tracker.;0;0;0;0;0;0;0;0;1
fastest phone call dialler;1;0;0;0;0;0;0;0;0
It does exactly what I was hoping to get out of a free macro calculator I've downloaded several others and deleted all of them because there are too many add walls or you have to pay to use it.;0;1;0;0;0;0;0;0;0
Clean design and beautiful timer.;1;0;0;0;0;0;0;0;0
This App is useful The # 1 Part about Google Lens Is It's Educational & It Teaches you about how much something is worth plus it tells you Names of Different types of things and Names of different types of Tree's & Plants;1;0;0;0;0;0;0;0;0
Due to the restrictions the app places on the use of my phone I need to turn off the functions of this app each morning in order to engage in my wellness routine.;0;0;0;0;1;0;0;0;0
Can i please stop receiving notifications about my alarm volume?;0;0;0;0;1;0;0;0;0
Needs phone call access after verifying me with SMS.;0;0;0;0;0;0;0;1;0
Great app ....after so long found a genuine free habit tracker;1;0;0;0;0;0;0;0;0
Synchronization does not work for me.;0;0;0;0;1;0;0;0;0
This Is The Best Note App Ever ❤️ They Provide Complete Solution To All Your Expectations From A Diary Or Notepad App Like They Give You Black Theme, Choice Between Notes & Checklists, Creating Folders, Favourites, Locking The Notes, Changing Size & Opacity Of Fonts, Creating Heading & Titles, Etc. Hence, Every Basic Expectation Is Right There With Flawless UI ✨;1;1;0;0;0;0;0;0;0
Past few days, I've been importing contacts on desktop & installing mobile apps.;0;0;0;0;0;0;0;0;1
Nice reminders;1;0;0;0;0;0;0;0;0
I am a new user and it is the best app among all notetaking apps available on the play store and it is also free with such amazing features ☺️;0;1;0;0;0;0;0;0;0
So, have to turn Chat off, which leaves an extremely basic text messaging system;0;0;0;1;1;0;0;0;0
My best app Like u Good 1 I receive phone call comfortable;0;1;0;0;0;0;0;0;0
Buggy call functionality.;0;0;0;0;1;0;0;0;0
The best app in the category;0;1;0;0;0;0;0;0;0
Hypocrisy at it's highest level...;0;0;0;0;0;0;1;0;0
If the free version is so good, I am sure the paid version would be much better For almost 32 years I've used a manual planner.;1;0;0;0;0;0;0;0;0
Installed in April, turned on automatic backup, and let it be.;0;0;0;0;0;0;0;0;1
And the reminder notification works well.;1;0;0;0;0;0;0;0;0
No Resent Updates, Cloud Based & csv export is avaliable in only pro.;0;0;0;1;0;0;0;0;0
This app is almost perfect for organizing tasks and habits I tend to forget I wish I could manually move items around in the list instead of using priority levels;0;1;0;0;0;0;0;1;0
it's so easy to use especially with Samsung internet browser....i totally love it but if this app can provide for hyperlink option then it would have been the best notes making app ever.;1;0;0;0;0;0;0;1;0
It also works for grocery lists and even daily tasks.;1;0;0;0;0;0;0;0;0
Cloud Storage 🔥;1;0;0;0;0;0;0;0;0
Color coded for stores and to do lists.;0;0;0;0;0;0;0;0;1
One of the better apps but why oh why do the ask consent to read messages or phone calls if its end to end encryption, especially when they tell u WhatsApp can't even read or listen to your conversations,l think they can read and listen, why else would they ask consent🤔;1;0;1;1;0;0;0;0;0
Sleep tracking totally off and not working at all.;0;0;0;0;0;1;0;0;0
I seriously couldn't comprehend why FCM is not unabled by default and the app pushes notification by always staying in the background.;0;0;0;0;1;0;0;0;0
This has saved me from missing so many meetings;0;1;0;0;0;0;0;0;0
I am trying to connect to my phone in order to remotely shut down an alarm as i am not wearing it and despite using Bluetooth to connect, it wont let me until I connect to the internet too.;0;0;0;0;1;0;0;0;0
Cloud sync not functioning.;0;0;0;0;1;0;0;0;0
A very useful translator / text copier / thing identifier / picture searcher.;1;0;0;0;0;0;0;0;0
Awesome ⭐⭐⭐⭐⭐App to do exercise without any Coaching or watching videos, it will definitely burn out specific calories as shown.;1;0;0;0;0;0;0;0;0
Tested on Android 11, built-in call recording doesn't record incoming voice.;0;0;0;0;1;0;0;0;0
You can additionally add information about the vehicle, eg top speed, height, etc and the routing will take it into account.;1;0;0;0;0;0;0;0;0
OneNote sync works as RSS subscription via Outlook.;1;0;0;0;0;0;0;0;0
EDIT: Why no automatic backup to Google drive?;0;0;0;0;0;0;0;1;0
i guess it works for simple notes, but i wish there was text formatting and coloring.;0;0;0;0;0;0;0;1;0
Very intuitive, links to calendar super easily, love that I can make schedules or lists, love it.;1;1;0;0;0;0;0;0;0
There is an ap called gps tools that has nothing to do with GPS, and many other strange things;0;0;0;1;1;0;0;0;0
stupid app doesn't give call recording option;0;0;0;0;0;0;1;0;0
Routing is excellent, best I've tried so far!;0;1;0;0;0;0;0;0;0
Voice GPS maps gives you step by step driving directions.;0;0;0;0;0;0;0;0;1
Would be better if it has text to speech.;0;0;0;0;1;0;0;1;0
Handy translator;1;0;0;0;0;0;0;0;0
Good customer feedback;1;0;0;0;0;0;0;0;0
Beautiful app, but without cloud sync;1;0;0;0;1;0;0;0;0
Up until recently, this app was amazing but now it struggles to find my location by both network and gps resulting in inaccurate weather.;0;0;0;0;1;0;0;0;0
Excellent, the best Weather Radar Widget.;1;1;0;0;0;0;0;0;0
Very annoying encryption information takes up a lot of screen.;0;0;0;0;0;0;1;0;0
The app helps you to meet new people but a lot of pornographical content;1;0;0;0;0;0;0;0;0
I hate that the most relevant comments are prioritized in comment section.;0;0;0;0;0;0;1;0;0
In fact, they're the best I've seen in any notetaking app.;0;1;0;0;0;0;0;0;0
Amazing habit tracker.;1;0;0;0;0;0;0;0;0
Updates needed 🙏 Please see task notes app (made by compilers hub - yellow coloured icon with image of mobile & pen), that app has formatting options like bold, underline, italic, double strike, font size selection like MS-OFFICE 🙏;0;0;0;0;0;0;0;1;0
No voice recognition, no support for S-pen, Zero rich text formatting options, and swipe gestures are missing.;0;0;0;0;1;0;0;0;0
It backed up most texts fine, but the group chats came out very wonky.;1;0;0;0;1;0;0;0;0
I think it could be better it's supposed to be private messaging it's not completely or that's what I was told the + meant private 🤷 💯 🤔 🤔 🙃 not;0;0;0;0;1;0;0;0;0
Watchap text messaging;0;0;0;0;0;0;0;0;1
This is so far the Best Habit Tracker !!;0;1;0;0;0;0;0;0;0
Perfect diet planner and sleep tracker.;1;0;0;0;0;0;0;0;0
.... Google integration please?;0;0;0;0;0;0;0;1;0
My notes are getting stored in internal memory (local Storage).;0;0;0;0;0;0;0;0;1
Very fast and highly encrypted application;1;1;0;0;0;0;0;0;0
I would like to be able to use my own photos or graphics for any given notebook.;0;0;0;0;0;0;0;1;0
The developers are incapable of learning from their mistakes and customer feedback.;0;0;0;0;0;0;1;0;0
This app has been very useful to me.... due to the timer thing I could just focus more on studying rather than procrastinate;0;1;0;0;0;0;0;0;0
It works great for a shared family calendar, grocery lists, and to-do lists.;1;0;0;0;0;0;0;0;0
Can I suggest a translator in the news feed with our friends we follow please;0;0;0;0;0;0;0;1;0
Pretty useful as regular timer and stopwatch;1;0;0;0;0;0;0;0;0
Educational;1;0;0;0;0;0;0;0;1
I am an undergraduate student and use this app to manage my reading assignments, exam schedule, administrative deadlines etc.;0;1;0;0;0;0;0;0;0
Customizable.;1;0;0;0;0;0;0;0;0
On my black background and the transparency options combined, the text stands right out.;0;0;0;0;0;0;0;0;1
Overall a great running app!;1;0;0;0;0;0;0;0;0
I cannot sync contacts with Facebook.;0;0;0;0;1;0;0;0;0
Love this Calendar!;0;1;0;0;0;0;0;0;0
Only good for steps and calorie counting now.;0;0;0;0;1;0;0;0;0
I didn't use a lot the calendar sync to make a review.;0;0;0;0;0;0;0;0;1
Basic and encrypted.;1;1;0;0;0;0;0;0;0
Barcode scanner doesn't work but I think it's my camera.;0;0;0;0;1;0;0;0;0
The app is good,actually I love how i was able to make funny stickers and share them with my friends😏.;0;1;0;0;0;0;0;0;0
Well integrated sync between devices and simplistic UI.;1;0;0;0;0;0;0;0;0
Bringing Material design will uplift this app to an another level.;0;0;0;0;0;0;0;1;0
I've had the free version of shift planner for years as I work Fifo and it helps me plan ahead knowing whether I'm at home or on break.;0;1;0;0;0;0;0;0;0
// Update 9/4/22: The RADAR is still grossly inaccurate.;0;0;0;0;0;1;0;0;0
Excelent applition for instant messaging on WhatsApp.;1;0;0;0;0;0;0;0;0
But there is no way to use this app for free, and I wouldn't be surprised if a large amount of revenue comes from downloads immediately uninstalled because no one wants to subscribe to use a launcher...;0;0;0;0;0;1;0;0;0
Not able to provide basic features like caller id call recording;0;0;0;0;1;0;0;0;0
It would be even more awesome if themes and custom background was added..;0;0;0;0;0;0;0;1;0
how can such a simple app designed to make my workflow easier be such a problem.;0;0;0;0;1;0;0;0;0
Please add video calling option please thats it, in this app all function are good nice use;1;0;0;0;0;0;0;1;0
Encryption may be lacking..., Haven't had an issue yet!;0;1;0;0;0;0;0;1;0
Privacy settings to control who can add us to groups!;0;0;1;0;0;0;0;0;0
Too many notifications, ugh.;0;0;0;0;1;0;0;0;0
I turn to this app when I'm having trouble focusing on a single task, just to bring a bit of extra structure to my workflow.;0;1;0;0;0;0;0;0;0
First message was my watch is no longer supported.;0;0;0;0;1;0;0;0;0
Simple and easy to use habit tracker;1;0;0;0;0;0;0;0;0
I just love the aspect that it restores deleted messages.;0;1;0;0;0;0;0;0;0
Very annoying as it is also a push notification and shows on your status bar.;0;0;0;0;0;1;0;0;0
We've been using Cozi as our shared family calendar and to-do list for over 10 years.;0;1;0;0;0;0;0;0;0
Not bad but the ads get obnoxious, the notifications are spotty and it doesn't sync anything besides pulling wieght from fit.;0;0;0;0;1;0;0;0;0
Can't get it to connect without linking phone calls.;0;0;0;0;1;0;0;0;0
Not giving 5 stars cause there could be a few improvements:;0;0;0;0;1;0;0;1;0
awesome team work but this application does need updating now Twice a year since it hasn't been updated since may 2011 it would be great if you update this application every month and year like you do with WhatsApp👍 💝💝💝❤❤️👍👍👍👍👍👍👍👍👍👍👍👍👍👍👍👍👍👍👍👍👍👍👍👍👍👍👍👍👍👍👍👍👍👍👍👍👍👍👍👍👍👍👍👍👍👍👍👍👍👍👍👍👍👍👍👍👍👍👍👍👍👍👍👍👍👍👍👍👍👍👍👍👍👍👍👍👍👍👍👍👍👍👍👍👍👍👍👍👍👍👍👍👍👍👍👍👍👍👍👍👍👍👍👍👍👍👍👍👍👍👍👍👍👍👍👍👍👍👍👍👍👍👍👍👍👍👍👍👍👍👍👍👍👍👍✔️✔;1;0;0;0;0;0;0;1;0
HH has still many improvements to be done for classic and elegant versions of the Huawei GT2, there is only 5 activities to be able to add in the app when the watch does not track it: indoor and outdoor running, swimming on open and pool and walking.;0;0;0;0;1;0;0;0;0
Easy to use, negligible ads, syncs across devices, highly recommend.;1;0;0;0;0;0;0;0;0
Free to play but you need to pay to remove ads, have more than three milestones per goal, and unlock the full map;0;0;0;0;1;0;0;0;0
"Until last month I had no problems with the app but nowadays when I open battery saver mode my alarms give this warning: ""Battery saver might degrade your alarm and timer experience"", instead of ringing.";0;0;0;1;1;0;0;0;0
Social networking aspects are nice but app fails to maintain tracking signal quite often losing signal during runs and rides.;1;0;0;0;1;0;0;0;0
Displays correct location scrolling across screen, but map ALWAYS shows tablet location 35-50 miles away rendering app virtually useless.;0;0;0;0;0;1;0;0;0
This app kinda works in that it times my runs but gps stops halfway or it shows on the map but says I've done .75km of a +10k.;0;0;0;0;1;0;0;0;0
Also, some type of sync across devices would be helpful.;0;0;0;0;0;0;0;1;0
Also to make this better add Voice Chat please!!!;0;0;0;0;0;0;0;1;0
And now the truly absurd bit - somebody called Outdoor Active bought VR and cancelled all our subscriptions.;0;0;0;1;0;0;1;0;0
How many permissions does a checklist making app need?!;0;0;0;0;0;0;1;0;0
management pls fix the prob of logging and hanging in I.g 😠😠😠;0;0;0;0;0;0;1;0;0
Solid notetaking app;1;0;0;0;0;0;0;0;0
My Cute Calendar's theme is cats, but there are numerous other things to choose from plus a place for To Do, Diary, Event reminders, background changes, photos & more.;0;1;0;0;0;0;0;0;0
This app is excellent but the calendar syncing isn't perfect;1;0;0;0;1;0;0;0;0
Chat features will NOT stay connected which means i recieve no text.;0;0;0;0;1;0;1;0;0
where the analog clock widget?;0;0;0;1;0;0;0;0;0
Please fixed the video chat because the echo is to loude please fixed it;0;0;0;0;1;0;0;1;0
Really great app recomended by hum jeetenge YouTube channel;1;0;0;0;0;0;0;0;0
But can you guys please add a feature where we can customize the color and transparency of the widget?;0;0;0;0;0;0;0;1;0
Very intuitive UI and nice for the project management!!!;1;0;0;0;0;0;0;0;0
It provides details I need for meeting reminders.;0;1;0;0;0;0;0;0;0
[/EDIT] •• Cool Timer & StopWatch APP that is accurately, uniquely, and aesthetically designed with eye-soothing colorful themes for personalization.;1;0;0;0;0;0;0;0;0
I got banned for a day before and I didn't spam anything, but while my friends spammed messages, it was okay.;0;0;0;1;0;0;0;0;0
Right now I have to go back and forth to the calendar and click through to each day separately.;0;0;0;1;1;0;0;0;0
My only issue with it is that the timers are in their own place.;0;0;0;0;1;0;0;0;0
Good work done, please I suggest you add online and login so we can track sales workers.;1;0;0;0;0;0;0;1;0
I enjoy meeting new people in my area and comparing and creating routes.;0;1;0;0;0;0;0;0;0
Samusung Notes App is Awesome only one problem found is Multitasking Not Possible Only one File can open at a time I want to read two Files at a time;1;0;0;0;1;0;0;1;0
"This is one of the best free habit tracker app out there, with easy analysis,minmal user interface and one can add as many habits as one may want to but the only problem with that ""it doesn't provide data sync and backup"".";1;0;0;0;0;0;0;1;0
But something missed....Volte Video Calling....;0;0;0;0;0;0;0;1;0
The barcode scanner is a godsend and 80% of the items it finds saving me tons of time.;0;1;0;0;0;0;0;0;0
Accurate, simple to understand user interface and aesthetically pleasing as well with a modern and clean design.;1;0;0;0;0;0;0;0;0
just need some cloud storage for backup;0;0;0;0;0;0;0;1;0
Perfect for notes and checklists.;1;0;0;0;0;0;0;0;0
The daily reminders to check in have really helped me stay connected and I can see an improvement in my mood and my attitude this is a pretty cool app;0;1;0;0;0;0;0;0;0
And I really didn't want to make this app my default SMS messaging app on my android phone.;0;0;0;0;0;1;0;0;0
Can't load the wallpaper on Chat background...;0;0;0;0;1;0;0;0;0
So disappointing lately, I can't go back after opening the comments section unless I restart the phone.;0;0;0;1;1;0;0;0;0
Great app for calendar viewing.;1;0;0;0;0;0;0;0;0
I created a folder titled Keto&LoCarb then I add subfolders and categorize, ie.;0;0;0;0;0;0;0;0;1
No subscriptions (yet).;0;0;0;0;0;0;0;0;1
Awesome task planner.;1;0;0;0;0;0;0;0;0
The file sharing and group features are awesome but if it takes so much for the chat content to even appear, it's underwhelming...;1;0;0;0;1;0;0;0;0
I only wish the desktop app worked just as well.;1;0;0;0;0;0;0;0;0
Love the gamification.;1;0;0;0;0;0;0;0;0
"This app works for those who are looking for something really simple ""on the go"" and use it for a simple reminder.";1;0;0;0;0;0;0;0;0
How to enable video calling feature;0;0;0;1;0;0;0;0;0
Good luck .add some clock widget too;0;0;0;0;1;0;0;0;0
The reason I only give 4 stars is because they don't provide an automatic backup system for your lists like others do.;0;0;0;0;0;0;0;1;0
Good app, does what is expected with better privacy protections.;0;1;0;0;0;0;0;0;0
Good video calling and excellent;1;0;0;0;0;0;0;0;0
This is the best way to straighten your legs walk for two exercise in case your mind from stress by walking meeting new people when they're walking beside each other have been doing something for a year but it's great I love it thank you so much love when I'm walking and getting healthy!;0;1;0;0;0;0;0;0;0
Minimalistic, adaptable to screen, stylish and easy to use.;1;0;0;0;0;0;0;0;0
SEE RADAR OF THE NATION I LIKE VIEWING RADAR MAPS THIS ONE IS A GOOD ONE;1;0;0;0;0;0;0;0;0
Contact, text, video chat integration all in one.;0;0;0;0;0;0;0;0;1
App is everything I was looking for except you have to manually backup to sync between devices and content can not be stored on Google drive.;0;1;0;0;1;0;0;1;0
It's very amazing new phone calls 😍😍;1;0;0;0;0;0;0;0;0
Poor networking;0;0;0;0;1;0;0;0;0
I Want to Complain About on Group Chat i can't able to Mention the @Everyone;0;0;0;0;1;0;0;0;0
What ads are u publishing;0;0;0;1;0;0;0;0;0
I really try to use the sleep score to improve my sleep habits but when the watch doesn't even register that I fall asleep or give me a complete wrong bed time, I don't see the point if using Huawei sleep tracking.;0;0;0;0;0;1;0;0;0
When I open a group chat that has 50+ msgs, it sends me to the bottom instead of the first unread msgs!;0;0;0;1;0;0;0;0;0
A very cool tool for your health and wellness.;1;0;0;0;0;0;0;0;0
This app was to good for personal messaging , I like his all feature only 1 feature I didn't like that was he consuming too many data for video call;1;0;0;0;1;0;0;0;0
Has everything I need to keep up with a GTD style workflow!;0;1;0;0;0;0;0;0;0
Minimalistic , easy to use and no ads;1;0;0;0;0;0;0;0;0
My only complaint is that I sometimes have sync issues with shared notebooks.;0;0;0;0;1;0;0;0;0
Needs personal categories like family, friends, work.;0;0;0;0;0;0;0;1;0
Have been looking for the best logical cloud based lists for many years.;0;1;0;0;0;0;0;0;0
Useful app which follows Material Design guidelines.;1;0;0;0;0;0;0;0;0
Fair App - Sync w/ desktop app is got better.;1;0;0;0;0;0;0;0;0
It was great but when the video is sent is timer it wont play and if i send any video in timer it plays in other mobile why is thi s prob i have updated the telegram app also to latest version;1;0;0;1;0;0;0;0;0
Hi, can someone please fix the bug where i've been chatting with my families and friends, and got community standard smth going on, i haven't done any strict or violation since then, but suddenly got 3 days banned where i can't send message.;0;0;0;1;0;0;0;0;0
I just loved it you can write notes keep them safe by putting a password and could also categories it it's truly awesome.... best note pad app ever to write notes as well as to keep them safe with the help of password;0;1;0;0;0;0;0;0;0
Simple to use stopwatch/timer;1;0;0;0;0;0;0;0;0
The improve security and encryption to protect personal account too.;0;0;0;0;0;0;0;1;0
JUST REALIZED THAT ASSISTANT IS ACCOUNTING SOFTWARE;0;0;0;0;0;0;0;0;1
Its a great notebook to download and easy to use it saves auntomatically so you dont need to worry about losing any typed written work done on the notebook applyiet;1;0;0;0;0;0;0;0;0
completely offline and no ads!;1;0;0;0;0;0;0;0;0
Would like better customization for widgets - set transparency, fonts, material design to match rest of phone, etc.;0;0;0;0;0;0;0;1;0
"App has inaccurate gps tracking; no working Stress monitor; very poor sync between app and watch, no realtime availab sync of data, except sleep tracking & step count is working properly.";0;0;0;0;1;0;0;0;0
Major rendering issues.;0;0;0;0;1;0;0;0;0
Timer with short and long breaks.;0;0;0;0;0;0;0;0;1
Please develop hide chats fouction, it shouldn't be that hard to take that long to do it.;0;0;0;0;1;0;0;1;0
Yes this is an awesome app which helps me of to to do lists or whatever I need to remember:)😊;0;1;0;0;0;0;0;0;0
My account had been reported for breaking one of the rules, which I did not do any and I have read the community guidelines.;0;0;0;1;0;0;0;0;0
Your reminder system could use some improvements please.;0;0;0;0;0;0;0;1;0
This app is really useful for finding out where my bus is, and whether its running early or late.;0;1;0;0;0;0;0;0;0
I love the video chat!!;1;0;0;0;0;0;0;0;0
I might not know much about other notetaking apps.;0;0;0;0;0;0;0;0;1
Perhaps sync across devices?;0;0;0;0;0;0;0;1;0
Would Love To Share Videos;0;0;0;0;0;0;0;1;0
Also would love to know how many times I've completed a certain recurring task, can't do this either:( i am considering switching but all the other stuff is so good I am still in doubt.;0;0;0;0;0;1;0;1;0
Very nice and interesting messaging app;1;0;0;0;0;0;0;0;0
Video chat should also be included;0;0;0;0;0;0;0;1;0
Weather Radar Widget is a very good app.;1;0;0;0;0;0;0;0;0
If I need camera remote and outdoor cycling which I do alot I hope it can become possible for android phones;0;0;0;0;0;0;0;1;0
It's the perfect notebook, I enjoy all the options and how easy it is to use;0;1;0;0;0;0;0;0;0
The recorded calls are no where stored in local storage and dosent provide location of the storage too;0;0;0;1;0;0;0;0;0
A nice feature would be a To Do List...;0;0;0;0;0;0;0;1;0
Great tool to have a synchronized, live, updated to do list that i can share with my wife.;0;1;0;0;0;0;0;0;0
I hope you take action to it right away.😭😭😭😭😭😭😭😭😭😭😭😭😭😭😭😭😭😭😭😭😭😭😭;0;0;0;0;0;1;0;0;0
The first stopwatch app I downloaded.. and my favorite so far.😊;0;1;0;0;0;0;0;0;0
Nice app but add an option of Private Chat which can be seen by adding only password and Patterns;1;0;0;0;0;0;0;1;0
The Share option from the support page does not show up in the desktop app or the android app.;0;0;0;1;0;0;0;0;0
I run it on my Dropbox cloud storage with Android, Mac and Linux clients, and I have had no issues.;0;1;0;0;0;0;0;0;0
My recommendations for additional features: *More icons or allow your own *Color wheel selector for categories *Alphabetical order with favorites at the top *Add notes or pictures to event *Undo button *IFTTT integrations;0;0;0;0;0;0;0;1;0
I also found quite a few items that weren't scanning with correct calories and macros.;0;0;0;1;0;0;0;0;0
Shows truck stops, scales, and the routing has been spot on every time.;1;0;0;0;0;0;0;0;0
Simple to use, fast, small memory usage, no ads, saves automatically when you close the app.;1;0;0;0;0;0;0;0;0
Great and secure, tagging makes things so much easier;1;0;0;0;0;0;0;0;0
Better than my Diary, previously had 6 journals.;1;1;0;0;0;0;0;0;0
goo.gl/kWctv9 which is a generic canned response to something completely unrelated.;0;0;0;1;0;0;0;0;0
The syncing with calendars, Alexa and multi device support takes the cake for me.;1;0;0;0;0;0;0;0;0
This is the BEST mood tracking app for those who just want to track it, not be pushed in any direction except consistency.;0;1;0;0;0;0;0;0;0
Please add the comments section and it will become the best telegram app.👋;1;0;0;0;0;0;0;1;0
I've used quite a few calorie counting apps.;0;0;0;0;0;0;0;0;1
Radar doesn't work unless you pay for it;0;0;0;0;1;0;0;0;0
This app opens when I make or receive a phone call, it's really annoying, that is why I'm giving it a 1 star rating, I would give it a 1/2 star, if I could.;0;0;0;1;0;1;0;0;0
i hate that it disconnects if the app is not running in the background and sometimes it misses to push notifications.;0;0;0;0;0;0;1;0;0
In Truecaller there is no video calling option...;0;0;0;1;0;0;0;0;0
Anu recommendations for a good running app???;0;0;0;0;0;0;0;0;1
Nice and add call recording;1;0;0;0;0;0;0;1;0
Video chat please..🙏;0;0;0;0;0;0;0;1;0
Fingerprint unlock would be nice to have, as well as a simple tagging system.;0;0;0;0;0;0;0;1;0
Good to capture photo with sudden and accurate geo tagging;1;0;0;0;0;0;0;0;0
Accuracy is really bad show pin location all over the place fly everywhere yet zenly can use fake gps not;0;0;0;0;1;0;0;0;0
Java error;0;0;0;0;0;0;0;0;1
The interface is so clean, no subscriptions and an option to remove all ads.;1;0;0;0;0;0;0;0;0
Very helpful to recover messages;1;0;0;0;0;0;0;0;0
I created a backup file transferred over to new phone via email but after restoring nothing gets restore.;0;0;0;1;1;0;0;0;0
In Record section, task name, date, time start, time end, could you add - comment section to add further details of individual task or followup;0;0;0;0;0;0;0;1;0
Super limited control over alarm settings, can't mass delete alarms or set one time alarms, and settings alarms in the first place is much more tedious than it should be.;0;0;0;0;1;0;0;0;0
80€ for lifetime access for a buggy launcher lmao.;0;0;0;0;0;1;0;0;0
it's missing a lot of features that if exists will make it better such as hyperlink;0;0;0;0;1;0;0;1;0
Why can't we have the option to remove the day and date on the digital clock widget?;0;0;0;0;0;0;0;1;0
No calendar sync;0;0;0;0;1;0;0;0;0
Very good application for running;1;0;0;0;0;0;0;0;0
I don't need this app recording my phone call info!;0;0;1;0;0;0;1;0;0
Beautiful graphics, clever tactile UI and community based challenges to always keep you engaged.;1;0;0;0;0;0;0;0;0
It's so easy to use and having it as a widget for a daily to do list is so helpful.;0;1;0;0;0;0;0;0;0
will continue to learn the app, would like to see it a little more kid friendly;0;0;0;0;0;0;0;1;0
I keep trying to backup my SMS messages and it will never go past about 1,500.;0;0;0;0;1;0;0;0;0
I always manage to accidentally erase my grocery list while shopping.;0;0;0;1;0;0;0;0;0
Great running app!;1;0;0;0;0;0;0;0;0
This is a very nice Radar App;1;0;0;0;0;0;0;0;0
great for shopping list and shared notes between people;1;0;0;0;0;0;0;0;0
easy to use and although the price is still something not everyone can afford, its convenient and offers a bit more anonymity than in person stuff.;1;0;0;0;1;0;0;0;0
These guys take theirs todo list management very seriously.;1;0;0;0;0;0;0;0;0
Definitely a good Todo list maker ,tried many but couldn't find a apt one for me and this had resolved my problem, thanks to the developer;0;1;0;0;0;0;0;0;0
I wish I could change the font of my handwriting, but other than that, this is a pretty good notetaking app.;1;0;0;0;0;0;0;1;0
I love this app, definitely the best that I've tried so far to calculate calories and macros.;0;1;0;0;0;0;0;0;0
Ever since you rolled out RCS with no way to disable it messages is entirely broken.;0;0;0;0;1;0;0;0;0
Tiny Chat supposed to be vets in the game .;0;0;0;1;1;0;0;0;0
So easy to write notes in multiple languages on clean-n-clear pad.;1;0;0;0;0;0;0;0;0
IF google won't cooperate, then possibly look into another backup option, like dropbox, or a file transfer or something of the sorts.;0;0;0;0;0;1;0;0;0
have made a police report and also the telecommunications and multimedia ministry to prevent it from being hacked by irresponsible individuals but no action has been taken.;0;0;1;0;0;0;0;0;0
People nearby doesn't work!!;0;0;0;0;1;0;1;0;0
Also good shopping or checklist app.;1;0;0;0;0;0;0;0;0
but i hope you'll add the comment section and add more features like the telegram original :( so far, i love using this app so much :(;1;0;0;0;0;0;0;1;0
"2 hours of recording street view, 1h uploading and another for processing, to get error ""Publishing failed - unable to process location information"".";0;0;0;0;1;0;0;0;0
I love it, I use it as a minute timer and the alarm does not need to be dismissed, can set to time out after a few seconds.;0;1;0;0;0;0;0;0;0
Experiencer stopwatch;1;0;0;0;0;0;0;0;1
Excellent list management!;1;0;0;0;0;0;0;0;0
"I also find the guides voices more relaxing and less ""smug wellness person"" (sorry!) than many of the Calm ones.";0;1;0;0;0;0;0;0;0
This is a great tool for sharing videos and stories.;1;0;0;0;0;0;0;0;0
Not as convenient for setting schedules as it is for daily Todo lists;0;0;0;0;1;0;0;0;0
The app is giving much more than most of the rest notetaking apps out there at the free tier.;0;1;0;0;0;0;0;0;0
"I just don't like downloading AppLock, a whole another application to lock my notes; many note taking app provides in app locking of individual notes and some encryption too.";0;0;0;0;0;1;0;0;0
It dosn't sync or connected with any calorie counting apps such as mfp ... it's just a pice of junk if you don't update your softwear to sync with sny calorie counting apps , and also not all features working with samsung phones;0;0;0;0;0;1;0;0;0
Even you can download other catagory videos online rather than a status video;1;0;0;0;0;0;0;0;0
An excellent gps which always gets me where I need to go without needing to be online (Samsung Galaxy Tab S2 Android 7.0);0;1;0;0;0;0;0;0;0
It is the perfect tool for throwing an online party or working from home.;1;0;0;0;0;0;0;0;0
Tick Tick doesn't sync to Google tasks but you can import them and it does sync across devices and with Google calendar.;0;0;0;0;0;0;0;0;1
After emailing the author, we determined that if I enable my Exchange calendar (which is synced using an app called Nine) in the built-in calendar things might start working again.;0;0;0;0;0;0;0;0;1
Really good, clean design.;1;0;0;0;0;0;0;0;0
Best to do list reminder apps.;1;0;0;0;0;0;0;0;0
Hands down the best handwritten notetaking app available.;1;0;0;0;0;0;0;0;0
App Is Fantastic But It Needed Direct Video Calling Feature.;1;0;0;0;0;0;0;1;0
I use to be able to see my text messages and phone calls without actually touching my phone.;0;0;0;0;1;0;0;0;0
Super easy to use task planner.;1;0;0;0;0;0;0;0;0
One of the best GPS navigation aids for cars.;1;0;0;0;0;0;0;0;0
"First is the OCR and ""writing to text"" conversion ability not being present in the app, and second is that ""search of the hand written text"" is also absent.";0;0;0;0;1;0;0;0;0
Makes call hungs;0;0;0;0;1;0;0;0;0
It's an awesome app I use it to write to do list;0;1;0;0;0;0;0;0;0
Why not local storage?;0;0;0;1;0;0;0;0;0
Calendar sync is not happening;0;0;0;0;1;0;0;0;0
This is the best Habit tracker I've seen;0;1;0;0;0;0;0;0;0
There is no subscriptions, NO adds and no in app purchases.;1;0;0;0;0;0;0;0;0
Checklist option is fantastic.;1;0;0;0;0;0;0;0;0
the material design is simple but stunning.;1;0;0;0;0;0;0;0;0
It has cloud storage, annotation and note writing services.;0;0;0;0;0;0;0;0;1
I think it would be the best notes app if online backup/cloud sync feature really works... please solve the issue.;0;0;0;0;1;0;0;1;0
29 seconds I have to see an ad to read a message Unbelievably disgusting;0;0;0;0;0;1;0;0;0
As there are some launchers out there those do not give widget option for the app.;0;0;0;0;0;0;0;0;1
Great addition to my daily workflow, any predicited inconveniences were negated upon consistent application, in use approximately 2 months.;0;1;0;0;0;0;0;0;0
My favorite habit tracker ever!;0;1;0;0;0;0;0;0;0
Not possible to share notebook from the app.;0;0;0;0;1;0;0;0;0
I've contacted Google support and I just get canned responses detailing how to check app permissions in settings but don't address the issue.;0;0;0;0;1;0;0;0;0
For some strange reason, after switching to my new phone (Samsung Android version 11), I am not able to use it offline.;0;0;0;1;1;0;0;0;0
Better crowdsourced;0;0;0;0;0;0;0;0;1
I am a big fan of calorie counting and the better I know what I'm eating the more likely it is that I'll have healthy weight and diet.;0;1;0;0;0;0;0;0;0
The most simple and elegant notes app in material design!;1;0;0;0;0;0;0;0;0
"There is no keyboard, stylus or touch screen action I can take which allows me to ""scroll.""";0;0;0;0;1;0;0;0;0
Finally a simple calorie and macro tracker!;1;0;0;0;0;0;0;0;0
Not sure how to receive push notification reminders though.;0;0;0;1;0;0;0;0;0
WA should be errors free & should also update privacy settings more so that we can have fingerprint lock on archived chats also, as we have it in order to open WhatsApp.;0;0;0;0;0;0;0;1;0
I like being able to remain anonymous online, and the Weather Radar Widget allows me to do that, without requiring my location and shoe size.;0;1;0;0;0;0;0;0;0
i love sticker maker;1;0;0;0;0;0;0;0;0
I downloaded this app for Call recording feature .;0;0;0;0;0;0;0;0;1
Sleep tracking less good these days.;0;0;0;0;1;0;0;0;0
But please do something about the interface . add more material designs.;0;0;0;0;0;0;0;1;0
It is taking space and it is not accounting for it.;0;0;0;0;1;0;0;0;0
The only missing feature in the paid version is automatic backup and syncing.;0;0;0;0;0;0;0;1;0
"Variety of widgets; adjustable transparency levels.";1;0;0;0;0;0;0;0;0
Simple and clean design, works perfectly.;1;0;0;0;0;0;0;0;0
Please add text formatting, Good basic app for making notes;1;0;0;0;0;0;0;1;0
I can't create group chat;0;0;0;0;1;0;0;0;0
Good notetaking and checklist app;1;0;0;0;0;0;0;0;0
I reinstalled the app recently and now the cloud sync inst working.;0;0;0;0;1;0;0;0;0
It can breifly tell about multitasking and app functionality restrictions in my phone;0;0;0;0;0;0;0;0;1
No longer can successfully connect to Gmail, rendering it useless!;0;0;0;0;0;1;0;0;0
And clean design.;1;0;0;0;0;0;0;0;0
Joshi Traders cosmetics and garments whole sale and retail price show room;0;0;0;0;0;0;0;0;1
note organization and viewing modes are clumsy and time consuming;0;0;0;0;1;0;0;0;0
Let's me keep important matters secret with the lock, if nothing else is exposed in the category & the title no one knows what's in there.;0;1;0;0;0;0;0;0;0
Wonderfull App for social networking;1;0;0;0;0;0;0;0;0
For a checklist?;0;0;0;0;0;0;0;0;1
It's really starting to effect some of my relationships considering that my work contacts me a lot through text messaging;0;0;0;0;1;0;0;0;0
I am unable to use the Chat feature;0;0;0;0;1;0;0;0;0
I like that the quick button lets you choose the persistent option, but it would be good to be able to also add priority and date & time if required.;1;0;0;0;0;0;0;1;0
I am using Facebook lite but i have a problem in facebook my new account has not logging logging error problem show i am open my pc and try facebook login facebook pc login.;0;0;0;0;1;0;0;0;0
Great easy to use app, and notification screen is simple to use;1;0;0;0;0;0;0;0;0
The notification icons are getting the text color regardless of selecting the app color option in the settings.;0;0;0;0;1;0;0;0;0
Add Analog option for Miui 13 based on Android 12 Can not add analog clock widget...it does not show in widget menu... only digital and stacked option are available...;0;0;0;0;1;0;0;1;0
Thank u for viewing rating favorite apppp;1;0;0;0;0;0;0;0;0
You can't share videos, just pictures downloaded on your device.;0;0;0;0;1;0;0;0;0
The advantage of being able to read and remember what you have to read offline is cool.;1;0;0;0;0;0;0;0;0
"The impact of a simple ToDo rearranged on demand by simple comparison of each task to others, by choosing which is more important is amazing; awaiting an adon to drag and drop to further fine tune the priorities and maybe freeze 4 safety?";1;0;0;0;0;0;0;1;0
"I go to sleep past midnight, so it means my todo list shows lots of recurring tasks for ""today"" that are actually meant for tomorrow.";0;0;0;0;1;0;0;0;0
Having checked the help centre, this appears to be intended functionality and can be worked around, but it's really not practical to do so when you have a lot of subtasks;0;0;0;0;1;0;0;0;0
The only thing I would like changed in my usage so far is the ability to drag and drop items rather than going through the whole priority process again when you just want to add one item.;0;0;0;0;1;0;0;1;0
Oh..so cool...I am happy for official work...Only telegram is rough 🤮;1;0;0;0;0;0;0;0;0
Great beats for relaxation.;1;0;0;0;0;0;0;0;0
Nice Minimalistic app!;1;0;0;0;0;0;0;0;0
Huawei's remedy (Google it so that you can see my experience is far from unique) is a joke rendering the product a waste of space.;0;0;0;0;0;1;0;0;0
My name is Joseph and I request you humbly to let my number continue working and accessing telegram because I use it to study and last night I missed lessons because of that problem.;0;0;0;0;1;0;0;0;0
I feel more comfortable keeping an app like this in a secured folder.;0;1;0;0;0;0;0;0;0
I a good app but i can't hide chats💔;1;0;0;0;1;0;0;0;0
Well done including a barcode scanner to easily include refined good you eat otherwise a pretty extensive database of foods from a quick search.;1;0;0;0;0;0;0;0;0
To begin with, it lacks enough levels of subtasks, and more often than not it causes frustration when you try to plan something big and complicated.;0;0;0;0;0;1;0;0;0
I think having a tagging feature and metadata export functionality would be really helpful.;0;0;0;0;0;0;0;1;0
pls enable reprioritize manually and material design layout..  it would improve your apps.. and then I will start consider to buy the apps because it's awesome. =);1;0;0;0;0;0;0;1;0
The only actually secure and private messaging app.;0;1;0;0;0;0;0;0;0
It's also part of at a glance widget and calendar.;0;0;0;0;0;0;0;0;1
There is no subscription-based premium version, but a super convenient, small one-time purchase.;1;0;0;0;0;0;0;0;0
Very good app for planning and performing to do list.;1;0;0;0;0;0;0;0;0
Now that Google reminders are going away, I will use this app even more since it has date and time reminders which are missing from Google tasks.;0;1;0;0;0;0;0;0;0
I also love that I receive a reminder every hour to hydrate.;0;1;0;0;0;0;0;0;0
It is THE tool for healping keep track of macros and more needs to be more promotional materials to make this mainstream, once it is 5 stars for sure baby.;1;0;0;0;0;0;0;0;0
Direct Video calling feature not available;0;0;0;0;1;0;0;0;0
So helps with adhd's prioritizing and multitasking drama.;1;0;0;0;0;0;0;0;0
Minimalistic.;1;0;0;0;0;0;0;0;0
I wish there was a mountain bike category.;0;0;0;0;0;0;0;1;0
Would you rather uninstall updates for this app every day or reselect your default launcher every time you use the home button or clear open app?;0;0;0;0;0;1;0;0;0
It says to go to apps - > launcher and such but doesnt work for me.;0;0;0;0;1;0;0;0;0
In this new update video calling and floating app issue.;0;0;0;0;1;0;0;0;0
It,s good, but cab be better by debugging connecting to other android devices, transfering weather data to band, and sharing data with Google fit without preventing by Google in the reson of privacy;1;0;0;0;0;0;0;1;0
Can you add audio format for text (text to speech)🔥💯;0;0;0;0;0;0;0;1;0
It never really worked well from the beginning the sleep tracking is clearly off it says I sleep more then 8 hours a night when I def didn't and most frustratingly it's not tracking my steps well I feel like they are low on a good day but then other days the steps jump to hundreds of thousands of steps a day one day was 1.4 million clearly this is not possible.;0;0;0;0;0;1;0;0;0
2022: the latest update completely broke bookmarks.;0;0;0;0;1;0;0;0;0
By adding gamification, of course!;0;0;0;0;0;0;0;0;1
Lightweight;1;0;0;0;0;0;0;0;0
The routing and traffic information is not as good as Waze simply because they have as many users to collect data off.;0;0;0;0;1;0;0;0;0
Include Publishing (Uploading);0;0;0;0;0;0;0;0;1
Large file transfers can be time consuming.;0;0;0;0;1;0;0;0;0
Of all the reminders ive ever used.;0;0;0;0;0;0;0;0;1
Very nice app for who did not know multiple languages;1;0;0;0;0;0;0;0;0
"You can easily control your music/playlist, without having to stop the app or stop running.";1;0;0;0;0;0;0;0;0
Voice message isn't working;0;0;0;0;1;0;0;0;0
The breaks start without alarm sound though.;0;0;0;0;1;0;0;0;0
The Viber Chat I's so good cell i's also good.;1;0;0;0;0;0;0;0;0
I only wish my wife and I could be able to edit our shared notes together.;0;0;0;0;0;0;0;1;0
This app is awesome,the best app for over health wellness,well done good job;0;1;0;0;0;0;0;0;0
Can't set alarm past a week.;0;0;0;0;1;0;0;0;0
Very Customizable!;1;0;0;0;0;0;0;0;0
Where is it offline;0;0;0;0;0;0;0;1;0
The app does not even open without location permission, a clear violation of privacy.;0;0;1;0;0;0;0;0;0
Good Platform to share your skills and to meet new people;1;0;0;0;0;0;0;0;0
It would be great if the development team spent less time and effort on rubbish features such as additional stickers and emotions and prioritise fixing all the bugs in the app.;0;0;0;0;0;0;1;0;0
Ads, ads,ads,ads bhikhari sale;0;0;0;0;1;0;0;0;0
Great for multitasking, great for reminders, easy to use across both laptop and smart phone platforms.;1;0;0;0;0;0;0;0;0
"This is a very useful app because Android backs up everything including contacts, photos and even wifi passwords to my Google account there is no way to automatically backup SMS messages!";0;1;0;0;0;0;0;0;0
Does what it says, I use this app more than google calendar.;0;1;0;0;0;0;0;0;0
It has helped me finally feel in control of my time and actions.;0;1;0;0;0;0;0;0;0
Other than the horribly unnecessary request for calls, contacts, and the like, great app.;1;0;0;0;1;0;0;0;0
App launcher icon does not appear correctly.;0;0;0;0;1;0;0;0;0
Might have been OK, but it insists on running whether I want it to or not, and ALWAYS displays a notification telling me it's ready to use.;0;0;0;0;1;0;1;0;0
nice to have a timer that just makes a notification sound instead of continuous alarm sound;1;0;0;0;0;0;0;0;0
World best app for calling and messaging;1;0;0;0;0;0;0;0;0
Never miss a phone call or text.;1;0;0;0;0;0;0;0;0
That includes no price tag, no invasive GPS tracking, no ads, no collecting data to sell, no social media gamification...;1;0;0;0;0;0;0;0;0
Customizable to location - as specific as a street address.;1;0;0;0;0;0;0;0;0
It says try sgain later too many times and they push scam AGW propaganda with the so called science blog!;0;0;1;0;1;0;0;0;0
"Are you aware your app description says ""Dairy"" and not ""Diary?";0;0;0;1;0;0;0;0;0
Excellent app that changed my concentration level and boosted my memory to a very high level.;0;1;0;0;0;0;0;0;0
I am old enough to remember when you had to buy OCR software for the scanners hooked up to PCs.;0;0;0;0;0;0;0;0;1
never get text to speech it's working right now I'm quite shocked but it's always something the wrong words and it's always in the wrong language it's always transcribing against me it's always doing what it wants to do when I'm not doing it so please fix this to legit version certified protected don't update automatically ever thank you besides you know right now and my favor for the Google app store version protected certified only.;0;0;0;1;1;0;0;0;0
The alarm most of the times does not make sound but only vibrates.;0;0;0;0;1;0;0;0;0
I USE THIS APP,FOR GROCERY LIST ETC...;0;1;0;0;0;0;0;0;0
Amazing simplistic design, notifications, custom alert categories, and even safety tips.;1;0;0;0;0;0;0;0;0
Easy to use, own music, lightweight, intuitive.;1;0;0;0;0;0;0;0;0
Can we pls get the ability to add Subtasks?;0;0;0;0;0;0;0;1;0
Until July 2022 Maps.me was the best GPS navigation tool.;0;0;0;0;1;0;0;0;0
Current location not showing gps on...;0;0;0;0;1;0;0;0;0
I really do like the category filters, they add a dimension to the Eisenhower matrix so that views can be filtered by context (I have work, productivity, chores, leisure, development).;1;0;0;0;0;0;0;0;0
Love that you can select exactly what and who you need info backed up from instead of backing up ALL text & calls.;1;0;0;0;0;0;0;0;0
3- Be able to copy a checklist as a new note ( Like save as ) in pc.;0;0;0;0;0;0;0;1;0
Color notes is simple and easy to use you can make a checklist or just a regular text and save it I definitely recommend this app if you want simple easy to use way to put notes down quick this is your app 👍;1;1;0;0;0;0;0;0;0
"I bought the full app ASAP; about $7 or so for cloud sync ability.";0;1;0;0;0;0;0;0;0
An amazing tracker for those who needs only the most important features, local storage and self-service.;1;0;0;0;0;0;0;0;0
I click on the emoji options, then stickers and my whole app just closes by itself only because of the sticker maker app.;0;0;0;0;1;0;0;0;0
It allows me to scan my favorites w/o having to look up each time.;1;0;0;0;0;0;0;0;0
Wonderful notetaking app, I wish they added more features;1;0;0;0;0;0;0;0;0
Alarm doesn't sound even though it should.;0;0;0;1;1;0;0;0;0
Great way of tracking my workflow and project timeline;1;0;0;0;0;0;0;0;0
Excellent Task management I use almost daily.;0;1;0;0;0;0;0;0;0
Suitable for note organization.;1;0;0;0;0;0;0;0;0
Radar is beyond inconsistent.;0;0;0;0;1;0;0;0;0
Maybe a simple calendar feature for scheduling meetings and appointments would help.;0;0;0;0;0;0;0;1;0
This app is good at messaging;1;0;0;0;0;0;0;0;0
It's very easy to use and it's a great tool for my wellness routine.;0;1;0;0;0;0;0;0;0
It does a good job with recurring tasks.;1;0;0;0;0;0;0;0;0
The only thing it offers different or better than Samsung health cycling or the Samsung health app is the Watts.. who cares.;0;0;0;0;1;0;0;0;0
An attractive and flexibly strong Habit Tracker.;1;0;0;0;0;0;0;0;0
Very good app for JIO tagging in govt's tagging development works.;1;0;0;0;0;0;0;0;0
Good app but please atleast add basic text formatting options like bold and italics.;1;0;0;0;0;0;0;1;0
VIBER IS EXCELLENT IN ENCRYPTED COMMUNICATION;1;0;0;0;0;0;0;0;0
I just love this notebook.;1;0;0;0;0;0;0;0;0
On a positive note I really like that I export to Excel and analyze the data.;0;1;0;0;0;0;0;0;0
This app is missing Bluetooth support for call recording.;0;0;0;0;0;0;0;1;0
If u add stopwatch feature in it.;0;0;0;0;0;0;0;1;0
I missed an important early meeting and I've watched a notification popup without alarm while using my phone.;0;0;0;0;1;0;0;0;0
I like that a notification pops up on my PC when a text arrives.;1;0;0;0;0;0;0;0;0
only 6/15 meet new ppl was real the rest was chat bots.. reporting the Spam is ignored as well...;0;0;1;0;0;0;0;0;0
Please Add Real-time Database;0;0;0;0;0;0;0;1;0
Good app for team work but it should have a notification when a new assignment is assigned or task is completed.;1;0;0;0;0;0;0;1;0
"So, that would be greate if I could create a habit named ""neck workouts"" consist of 6 subTasks.";0;0;0;0;0;0;0;1;0
Great for kayaking, hiking or cycling.;1;0;0;0;0;0;0;0;0
I use it all the time on the treadmill and free running.;0;1;0;0;0;0;0;0;0
Great Habit Tracker without Ads. Would love to see a setting to have some habits automatically tic themselves.;1;0;0;0;0;0;0;1;0
Super please hide chat option release;0;0;0;0;0;0;0;1;0
"I dont get bogged down with pop-up questions, or suggestions, or tutorials, it just works; thats what I want, and thats why I use it.";0;1;0;0;0;0;0;0;0
The app really needs to sync across devices.;0;0;0;0;0;0;0;1;0
This hijacking of the device soundstream is unchangeable and intolerable for me as I find it very disruptive to workflow.;0;0;0;0;0;1;0;0;0
Phone calls?;0;0;0;0;0;0;0;0;1
Best app for photo effects and sharing ur life's moments with the world;1;0;0;0;0;0;0;0;0
I was looking for encryption and transparency for my notes so no one steals my info cause I do not trust Google notes;0;0;1;0;0;0;0;0;0
It shows steps in mobile app notification but not in app when we open it.;0;0;0;0;1;0;0;0;0
WhatsApp App Is Fantastic, Music Video's Play On Video in Picture Format View Video In Application Without Exiting WhatsApp Is Five Star Excellent, Especially Being End To End Encryption, Owned By Facebook And Supposedly Facebook Can't Even Read It... Well That Remain's Too Be Seen... Application Itself Is Five ☆;1;0;0;0;0;0;0;0;0
(Old) Steam Chat keeps on closing whenever I try to add a picture to one of the chats with my friends, it was the only reason I download it was so I can send memes to my friends when I am not on my PC.;0;0;0;0;0;1;0;0;0
It's good but there is a option needed export to HTML file .. please;1;0;0;0;0;0;0;1;0
Secret chat immages don't show up just a blank screen or if you just set timers they are all blurred;0;0;0;0;1;0;0;0;0
Truly private messaging in a well-working app.;1;0;0;0;0;0;0;0;0
Google Keep 📒📝 is an E-Note App where we can save all our written subjects and records safely and securely in cloud storage system offered by 🌐 Google.;0;0;0;0;0;0;0;0;1
Very easy app for quick notes and reminders.;1;0;0;0;0;0;0;0;0
Unfortunately pretty much all of the features including tagging are hidden behind premium;0;0;0;0;1;0;0;0;0
It's indispensable for its crowdsourced reporting.;0;0;0;0;0;0;0;0;1
No ads, no subscription completely free.;1;0;0;0;0;0;0;0;0
Just upgraded to a new S22 Ultra and seem to have lost the ability to show 12 hour format (zero appears as first digit) on the large clock widget.;0;0;0;0;1;0;0;0;0
Okay the cloud sync was atleast working before , but now it barely functions.;0;0;0;0;1;0;0;0;0
It was an excellent GTD app, sortable next actions and subtasks, integrate evernote, email, and gcal, widgets to make it front and center.;0;0;0;0;0;0;0;0;1
I haven't been able to use the meet new people or group functions for a few weeks, when I went to support I couldn't find a category to help me and contacting support only showed me options that weren't fitting of what issues I've had.;0;0;0;0;1;0;0;0;0
The app is really nice it is good, but that is not what I am leaving a comment, I am leaving one to tell the dev of this app to pleas pleas bring back Anole launcher, pleas.;1;0;0;0;0;0;0;1;0
It's easy to keep things in order from to-do list to grocery list.;1;0;0;0;0;0;0;0;0
There is a bit of a lack of multi device support but I haven't had any issues cause I can just log into my account on my phone and retrieve all my old notes.;1;0;0;0;0;0;0;0;0
A lot of synchronization issues still when it is supposed to be a seamless process.;0;0;0;0;1;0;0;0;0
Why I don't get notifications on app also like other messaging apps.;0;0;0;1;1;0;0;0;0
Be notified about your app's status and publishing changes.;0;0;0;0;0;0;0;0;1
Customizable, you can skip timers by tapping the name of the timer, SIMPLE, and can keep running in the background without it being open and screen unlocked.;1;0;0;0;0;0;0;0;0
Now cannot import or export bookmarks!;0;0;0;1;0;0;1;0;0
Radar needs a little work, seems to think I'm in another state.;0;0;0;0;1;0;0;0;0
Please add option to edit a sent message !;0;0;0;0;0;0;0;1;0
Can't log in since I traveling and have no access to my home phone so lost all my bookmarks!;0;0;0;0;0;0;1;0;0
No subscription.;0;0;0;0;0;0;0;0;1
Best App translator for all languages,...;1;0;0;0;0;0;0;0;0
Just as good if bot better than myfitnesspal;1;0;0;0;0;0;0;0;0
FACTS are FACTS AND TRUTH CAN BE PROVEN ON EVERYTHING I HAVE EVER SAID.I HAVE THE DAY 1 texts and messages admitting my personal information so there wouldn't be any future issues.;0;0;0;0;0;0;1;0;0
Great app, only reviewing because your eastern map pack is glitches and once downloaded will not load maps or routing.;1;0;0;0;1;0;0;0;0
I hope you will update the app with free customizing.;0;0;0;0;0;0;0;1;0
Great video chat app!;1;0;0;0;0;0;0;0;0
The best notes ever , I've never seen better , you can export the notes and import them to any device, and it works perfectly, also you can customize colors and attach files to the notes, also pin notes as notification and add bookmarks thanks Dnotes;0;1;0;0;0;0;0;0;0
Could simplify the part where the sticker is taken to the final layout after cropping.;0;0;0;0;0;0;0;1;0
The only option is to turn on ALL the bookmarked routes.;0;0;0;0;1;0;0;0;0
Does exactly what it's supposed to do and it does it well - whatsapp stickers.;1;0;0;0;0;0;0;0;0
Perfect for Study & Diary writing;1;0;0;0;0;0;0;0;0
I love the app she's fun but she doesn't make calls for me and that's really annoying I think she needs an updating;1;0;0;0;1;0;0;0;0
I have OCD so finding a Todo list app that allowed me to really break down my list and wants was pretty hard until I found this app.;0;1;0;0;0;0;0;0;0
Minimalistic and simple.;1;0;0;0;0;0;0;0;0
Please resolve logging out issue.;0;0;0;0;1;0;0;0;0
Why does a navigation app need access to my contacts and messages and make phone calls and record video and turn off my Do Not Disturb etc etc???;0;0;1;1;0;0;0;0;0
It has a lot of options for setting recurring tasks, dividing them up into categories and sub-categories, sharing with others, and organising your tasks in a way easy to manage.;1;0;0;0;0;0;0;0;0
Good Translator;1;0;0;0;0;0;0;0;0
For call recording After Turning it ON From Accessibility it keep asking to turn it ON again in the next call.;0;0;0;0;1;0;0;0;0
The only thing that would make this better is if the videos were available offline;0;0;0;0;0;0;0;1;0
Real-time reports of weather conditions (rain and snow) for my part of the state leave me scratching my head because of the discrepancy between what the app is reporting and what is actually occurring at the moment.;0;0;0;0;1;0;0;0;0
The app looks good..only point you can add is comment section for each day..which will help to note down progress on that day;1;0;0;0;0;0;0;1;0
So synchronization with my honor band is bad, instead of Celsius I see Fahrenheit on my watch.;0;0;0;0;1;0;0;0;0
This is a great Habit Tracker.;1;0;0;0;0;0;0;0;0
"I would prefer an option to play the sound i selected even in a meeting and also that the volume depens on the ""alarm volume"" not the ""call volume"" while in meetings / calls";0;0;0;0;1;0;0;1;0
But far too much illegal file sharing and distributing.;0;0;1;0;0;0;0;0;0
Great app, Synchronization with Onenote is very good.;1;0;0;0;0;0;0;0;0
Nice to have on mobile app;1;0;0;0;0;0;0;0;0
Good companion app for wellness with wide range of meditative topics to choose from.;1;0;0;0;0;0;0;0;0
This app is easy to use, I like that you can choose different colors for different tasks, the widgets are great and you can change their transparency as they display over your background.;1;0;0;0;0;0;0;0;0
I barely love this app why, cause it makes me create my own stickers there were not 10 stars but I will give a 5!!!🌵🦋🌵🦋🌵🦋🌵🦋❤❤❣🤩🤩🤩🥳🥳🥳🤡🤡👻👻👻😺😺😺😺😺😸😺😸;0;1;0;0;0;0;0;0;0
Add feature tagging photo please 🙏🙏🙏🙏;0;0;0;0;0;0;0;1;0
The cloud sync option doesn't work after few days.;0;0;0;0;1;0;0;0;0
The app is really nice and efficient but it needs some more updates...a reminder should be added to the app to remind users of things they planned to do or buy and also an alarm should be added too...if this updates are put in place the application will be super efficient.;1;0;0;0;0;0;0;1;0
App randomly dropped out on a meeting and wouldn't reconnect at all.;0;0;0;0;1;0;0;0;0
Okay so this app is great, but problem is that it didn't add the stickers to whatsapp.;1;0;0;0;1;0;0;0;0
Will this app fix broken hyperlinks issue?;0;0;0;0;1;0;0;0;0
This app has all of that plus the gamification that me as an Old School D&D guy really enjoys.;0;1;0;0;0;0;0;0;0
Good app but recently faced some issues to make some animated sticker.....;1;0;0;0;1;0;0;0;0
The checklist and text formats are super helpful and I need the color coding it allows.;1;0;0;0;0;0;0;0;0
This is really amazing telegram deserve the 5 star because of its quality and when you send a picture is not that blur.;1;0;0;0;0;0;0;0;0
On the other hand you can create hyperlinks between notes which is great and also the reminder is excellent with some options that most other reminders don't have.;1;0;0;0;0;0;0;0;0
Chat head problem, working slow,call connection problem and so many others problem now showing on messenger;0;0;0;0;1;0;0;0;0
The washer and dryer have been pathetic and the constant calls to repair guy are very upsetting and expensive!!!!!;0;0;0;0;0;0;1;0;0
The outdoor cycling work out mode does not work at all.;0;0;0;0;1;0;0;0;0
Very good app, but sync between devices could be better.;1;0;0;0;1;0;0;0;0
Best to do list app out there.;0;1;0;0;0;0;0;0;0
I don't like d app , deleting it , entering too much in d privacy.;0;0;1;0;0;1;0;0;0
I wish I could sync across devices.;0;0;0;0;0;0;0;1;0
Minimalistic but functional.;1;0;0;0;0;0;0;0;0
Excellent app, would love it if it had automatic backups (local and cloud).;1;0;0;0;0;0;0;1;0
it's a very nice way to meet new people 😊 everyone i met so far was very friendly;0;1;0;0;0;0;0;0;0
I know it's not my phone or my network because I don't lose GPS signal when using it for driving directions.;0;0;0;0;1;0;0;0;0
Very good and lovely app I give it 5 stars but request the launcher to introduce number tracking in this application Everything will be good as this is a TRUSTABLE APP NOT A SCAM AS OTHERS DO;1;0;0;0;0;0;0;1;0
Let's wake up and get the support team working.;0;0;0;0;1;0;1;0;0
Lovely app but unfortunately it doesn't play videos on profiles and that's really bad Please upgrade the app so short videos uploaded on profiles can play Also, secret chats should not allow screenshots of any sort;1;0;0;0;1;0;0;1;0
Not only that, watching videos just randomly stops playing and you have to refresh the video like 3 times for it to play.;0;0;0;0;1;0;0;0;0
Would be nice to have a qr/barcode scanner also, and to get the pdf file in better resolution.;0;0;0;0;0;0;0;1;0
Feature suggestion: a calendar UI that shows colored dots for daily successful habits.;0;0;0;0;0;0;0;1;0
Add voice chat and video chat please!;0;0;0;0;0;0;0;1;0
Does not connect to the smart link services therefore rendering the app useless with device, will now be sending it back for a refund;0;0;0;0;0;1;0;0;0
Cool apps, could not record video.;1;0;0;0;1;0;0;0;0
Customizable but not hard to work with.;1;0;0;0;0;0;0;0;0
This the worst app I've ever seen regarding logging into a new device, and by far!;0;0;0;0;0;1;0;0;0
sadly, as of July, 2019, SMS+ can no longer access gmail or backup SMS messages to Gmail, as Google has ordered new privacy updates.;0;0;0;0;1;0;0;0;0
Best social networking platform in the world.;0;1;0;0;0;0;0;0;0
Please add a food barcode scanner!;0;0;0;0;0;0;0;1;0
It is good apps for audio and video calling .;1;0;0;0;0;0;0;0;0
Telegram is no more as it used to be.;0;0;0;0;1;0;0;0;0
Love that I can keep multiple lists, back them up, and send them through a messaging app.;1;0;0;0;0;0;0;0;0
I have my launcher pro, but not my weather pro.;0;0;0;1;0;0;0;0;0
Very good note taking & list management app.;1;0;0;0;0;0;0;0;0
StopWatch;0;0;0;0;0;0;0;0;1
Do not update!;0;0;0;0;0;0;0;1;0
But my account is eligible for monetization 😥;0;0;0;0;1;0;0;0;0
Initially I was using raindrop (for bookmarks), google keep (for notes) and Microsoft to do (for tasks and reminders).;0;0;0;0;0;0;0;0;1
A very sturdy, professional looking and clear UI, albeit with two flaws discovered so far: the reminder options (also in editor) has a very small and unadjustable font-size, and also the haptic feedback when scrolling through time wheels is annoying, too much :);1;0;0;0;1;0;0;0;0
Alarms don't work after Android update.;0;0;0;0;1;0;0;0;0
Nice but it's aromatic logging outs please fix it it's only showing that checknur internet but mine connected to my mobile data please fix it;1;0;0;0;1;0;0;1;0
Improve call recording;0;0;0;0;0;0;0;1;0
Great app, bad monetization strategy.;1;0;0;0;1;0;0;0;0
And when you set an alarm it sends updates to the Google play store app that as well is hacked and a online file cloud storage area with files.;0;0;1;0;0;0;0;0;0
Calls me out when I'm procrastinating and motivates me to work.;0;1;0;0;0;0;0;0;0
I've used this messaging app forever, and it's great.;0;1;0;0;0;0;0;0;0
Need custom background option;0;0;0;0;0;0;0;1;0
Instead of listing subtasks as same priority as the parent task during scheduling, I wanted things to remain nested and recurring.;0;0;0;0;1;0;0;0;0
This used to work really great for me much better than Verizon cloud and other text messaging for storage but now something's wrong where Gmail won't allow it, does anyone have help or advice for this;0;0;0;0;1;0;0;0;0
It's also extremely rare nowadays to come across an app that does what it says, is extremely lightweight and uses no permissions at all.;1;0;0;0;0;0;0;0;0
"At first - probably around 2019 the app did not hold long phone calls; however, along these past few years WhatsApp has grown and has been more reliable on calls photos and videos sharing.";1;0;0;0;0;0;0;0;0
There should be a better way of communication because of the way privacy is disregarded quite clearly.;0;0;1;0;1;0;0;0;0
It is the best application that I use, but unfortunately there is no setting for transparency in the widget section, I think the To-do application works better in this case.;0;1;0;0;1;0;0;0;0
Would give 5 stars if not for the otherwise broken Gmail integration.;1;0;0;0;1;0;0;0;0
Nice stopwatch timer;1;0;0;0;0;0;0;0;0
1 thing I want to ask, how can I transfer my bookmarked locations from my old phone to my new phone?;0;0;0;0;0;0;0;1;0
Take a picture of an unknown plant & voila you get the name & a hyperlink to the Wikipedia page.;1;0;0;0;0;0;0;0;0
The fact that one has to login on the desktop app to do this is asinine.;0;0;0;0;1;0;0;0;0
This is the first time in my adult life to take up running.;0;1;0;0;0;0;0;0;0
Rare translator functionality compared to other apps.;0;0;0;0;1;0;0;0;0
* Duplicating messages * Connection issues * Message synchronization issues Stick with the Steam app.;0;0;0;0;1;0;0;0;0
Works well, great flexible and customizable workflow!;1;0;0;0;0;0;0;0;0
Alarm clock still doesn't show at the top of the screen whenever enabled.;0;0;0;0;1;0;0;0;0
Transparency overlay keeps all tidy;1;0;0;0;0;0;0;0;0
Very useful for a translator while listening to the words...specially for the beauty products that I'm using with other languages just take a pic then tadahhh...;0;1;0;0;0;0;0;0;0
Apex launcher is awesome, but it's irritating how all the customizable features require multiple other apps.;1;0;0;0;0;0;1;0;0
ORIYOMI FABIYI: WE ARE SPECIALIZE IN: COMPUTER ENGINEERING., LAPTOP REPAIR, DESKTOP REPAIR, SALES OF LAPTOP AND DESKTOP, NETWORKING, SUPPLYING OF DESKTOP AND LAPTOP, HARD DISK REPAIR, FROM NIGERIA.;0;0;0;0;0;0;0;0;1
Poor video calling pictures and voice are not cleared;0;0;0;0;1;0;0;0;0
It wasn't what I needed and I absolutely HATE that they don't even tell you the timers are for premium memberships only.;0;0;0;0;1;0;1;0;0
Once you start the stopwatch you don't need to start it again.;1;0;0;0;0;0;0;0;0
(references heavily outdated web service calls/redirects and various compiler sorceries);0;0;0;0;1;0;0;0;0
It still creates the SMS and Call Log folders under your alternative IMAP email address.;1;0;0;0;0;0;0;0;0
Excellent 👌👌 team work 👍👍;1;0;0;0;0;0;0;0;0
After latest security update and GPS fix my watch stopped reading my heart rate and not recording track when running.;0;0;0;0;1;0;0;0;0
Works fine with android police instructions, doesn't backup calls anymore;1;0;0;0;0;0;0;0;0
Now I need to reboot the phone just to turn off the alarm.;0;0;0;0;1;0;0;0;0
Hello messenger why i cannot send messages in group chat???;0;0;0;1;1;0;0;0;0
Helps keep on top of appointments and meetings.;1;0;0;0;0;0;0;0;0
cCheckable boxes for my grocery list is great!;1;0;0;0;0;0;0;0;0
If they make some features, this would be absolutely the best To Do and Project management app!!;0;1;0;0;0;0;0;0;0
here are my suggestions: 1. allow the users to make hyperlinks within the document/page 2. laser pointer pen 3. better animation when using lasso for pic 3.;0;0;0;0;0;0;0;1;0
After OS update, repeatedly, the widget will not load :-( . I rely on this app and it's messing with my workflow :-(;0;0;0;0;1;0;0;0;0
And to John Melchert who claims this app's developer is using his info to send spam from his personal email server, that's not at all how that works.;0;0;0;0;0;0;0;0;1
Use it to mark up PDFs every day, also for math work and notetaking.;0;1;0;0;0;0;0;0;0
Add all linking apps combined ex: translate all written text formats.;0;0;0;0;0;0;0;1;0
So provide direct video call option;0;0;0;0;0;0;0;1;0
Very good habit tracker.;1;0;0;0;0;0;0;0;0
"Despite being set to play a ""blaring"" alarm in emergency situations, this app stayed completely silent while I was in the direct path of major tornados and extreme storms on the night of december 10th.";0;0;0;0;1;0;0;0;0
Its very usefull app....in this app you watch videos of all varities....thanks to app launcher....;1;0;0;0;0;0;0;0;0
stickers can't be added, there is some problem;0;0;0;0;1;0;0;0;0
Good app it have many options like to do list , shopping list, etc;1;0;0;0;0;0;0;0;0
IMO the best habit tracker.;0;1;0;0;0;0;0;0;0
Just a suggestion that you should add a little more of features such a priority (like high, medium or low) and if we could change the background or something ... it would be great....;0;0;0;0;0;0;0;1;0
Isn't working well lately, not letting me share video!!;0;0;0;0;1;0;0;0;0
Mainly feel much relaxation after use.;0;1;0;0;0;0;0;0;0
Good for taking notes, could improve the tagging system by having the option to add more accessible (like replacing the share to other people button) and would be better if we could integrate or share the notebooks or notes to other programs like notion or evernote.;1;0;0;0;0;0;0;1;0
This app is very great,Being mobile app developer makes me respect this app a lot just simple and do what I want without any complexity thanks Habit Tracker team;1;1;0;0;0;0;0;0;0
I really appreciate this app but lately I've been have issues with the cloud sync.;1;0;0;0;1;0;0;0;0
We can trusted for a while to protect our lost devices priorities and privacy!!;0;1;0;0;0;0;0;0;0
now it doesnt sync across devices AND you get ads to despite paying for it... if i could rate this app lower i would.. they have since increased the ads on it..;0;0;0;0;1;1;0;0;0
Minimalistic yet elegant aesthetic.;1;0;0;0;0;0;0;0;0
Except for 1 thing is missing - there is no Radar!;0;0;0;0;1;0;0;0;0
Export to csv avoids lock-in of collected data, backups to Google Drive provide safety while all data are stored locally to secure privacy.;0;1;0;0;0;0;0;0;0
Once familiar with extended functions it's very good, and that is also for the full web service.;1;0;0;0;0;0;0;0;0
I love the dark theme and being able to have my to do list as a widget.;0;1;0;0;0;0;0;0;0
However, Google blocked the access to two different GMail accounts, effectively rendering this app useless.;0;0;0;0;0;1;0;0;0
Please put an option for privacy like to hide Online.;0;0;0;0;0;0;0;1;0
Because they cheat by Oracle Java and Python3>.;0;0;0;0;0;1;0;0;0
Could use Real-time background access.;0;0;0;0;0;0;0;0;1
Load in ad understandable, writing a note/checklist navigate away ad, switch from one note to another ad.;0;0;0;0;1;0;0;0;0
One downfall my notifications doesn't always come through when I receive a message if I don't go in everyday if that could get fixed I have no complaints;0;0;0;0;1;0;0;0;0
Is it possible that true phone acts like a web server and I can use a browser to load contacts on my laptop and dial contacts from my laptop and calls should get placed via mobile.;0;0;0;0;0;0;0;1;0
From the last 30 days I am facing some serious problem with telegram, not even a single document is downloading, I have tried many ways to fix this problem but no progress.. anyone plz tell me how to fix this;0;0;0;0;1;0;0;0;0
No World Clock widget?;0;0;0;1;1;0;0;0;0
All your notes that have a Password gets an almost impossible encryption.;0;1;0;0;0;0;0;0;0
Dear Sir We Want: 1/ Folder Note Options & 2/ Multiple Account Support like Google Keep;0;0;0;0;0;0;0;1;0
The data encryption and sync feature are very impressive.;1;0;0;0;0;0;0;0;0
If you want a to meet new people by using a penpal system.;0;0;0;0;0;0;0;0;1
No subscription activated yet and sent email to the app developer email address but no response.;0;0;0;0;1;0;0;0;0
Somehow kik fixed the meet new people feature.;1;0;0;0;0;0;0;0;0
Easy to share videos and pictures and tge network is moderate.🤓;1;0;0;0;0;0;0;0;0
some annoying quirks (as all apps have) but decent formatting options, ability to organise in folders including locked notes and you can easily share notes content across to other installed apps on your device.;1;0;0;0;1;0;0;0;0
The only thing that it need is table support and note hyperlinks.;0;0;0;0;0;0;0;1;0
Have you even tested the video upload feature?;0;0;0;0;1;0;0;0;0
Would like to have a resync feature to re-sync all the messages again.;0;0;0;0;0;0;0;1;0
Absolutely ridiculous routing.;0;0;0;0;0;1;0;0;0
It is very simple to use as a shared family calendar;1;0;0;0;0;0;0;0;0
Good app and easy to tranafer Contacts mobile to mobile app;1;0;0;0;0;0;0;0;0
So far so good, I may be able to stop carrying so many notebooks.;0;1;0;0;0;0;0;0;0
Would definitely use the ability to see my subtasks on my to do list during focus mode otherwise great;1;0;0;0;0;0;0;1;0
Also, the app now will randomly sync contacts.;0;0;0;0;1;0;0;0;0
Timers and alarms are perfectly done.;1;0;0;0;0;0;0;0;0
use Samsung notes alot to make quick notes, prepare for meetings, presentations, discussions;0;1;0;0;0;0;0;0;0
We use this app for reporting, can you add also easy search for a group chat .;0;1;0;0;0;0;0;1;0
Status history, Live video upload, change in user interface.;0;0;0;0;0;0;0;0;1
2.) features like subtasks and auto move missing that are in 'My Daily Planner' 3.);0;0;0;0;1;0;0;0;0
it's the only white noise thing that has that wonderfully deep engine sound, it puts me right into relaxation.;0;1;0;0;0;0;0;0;0
This was such a great app for automatic backup to email sms and call log.;0;0;0;0;0;0;0;0;1
also we don't know where the lpcked files are...it should have its own encryption rather than using app lock.;0;0;0;0;1;0;0;0;0
The alarm has never rung on my phone neither has it pop up any notification.;0;0;0;0;1;0;0;0;0
Among the status saver apps this one is the 👌 👍 because it doesn't take long to load and also it gives u options on which whatsap u can save from, it has unique features like that of message encryption I rate it five star;1;0;0;0;0;0;0;0;0
Excellent Notebook;1;0;0;0;0;0;0;0;0
How can I install the productivity timer on my phone?;0;0;0;0;0;0;0;0;1
I use this ColorNote app daily for simple things like grocery lists and for very important things too that I need to remember!;0;1;0;0;0;0;0;0;0
Sleep tracking is very inaccurate.;0;0;0;0;1;0;0;0;0
This app lets you easily take notes and materials design is just awesome 😍...but there should be an option of sync notes with Google drive or some other cloud services.;1;0;0;0;0;0;0;1;0
I can't go back whenever I open comment section untill i clear the cache or restart my phone.;0;0;0;0;1;0;0;0;0
Simple and reliable notetaking app for android users;1;0;0;0;0;0;0;0;0
Comes in handy for those of us that speak multiple languages 'almost' fluently.;1;0;0;0;0;0;0;0;0
Animated stickers behind paywall.;0;0;0;0;0;0;0;0;1
Won't ring no more when someone calls me .;0;0;0;0;1;0;0;0;0
Widget works - can add any of the four categories and adjust transparency.;1;0;0;0;0;0;0;0;0
"Want to see backup of voice text messages (audio recordings via sms).";0;0;0;0;0;0;0;1;0
What a great translator instantely.;1;0;0;0;0;0;0;0;0
Proxy set from wifi settings doesn't work on this app.;0;0;0;0;1;0;0;0;0
Also I would love it if you added a separate tab for group chats and for personal message chats, or having the option separate them.;0;0;0;0;0;0;0;1;0
great app for calorie counting!!;1;0;0;0;0;0;0;0;0
I received a phone call today from the burner number I was assigned.;0;0;0;0;0;0;0;0;1
EVO 4G;0;0;0;0;0;0;0;0;1
back to the 2015 steam mobile app I go;0;0;0;0;0;1;0;0;0
Need to improve on location for storage not depend on devices (dont use local storage);0;0;0;0;1;0;0;0;0
It's time to say goodbye to paper checklists.;1;0;0;0;0;0;0;0;0
Voice chat is missing on group chat.;0;0;0;0;1;0;0;0;0
I do my grocery list, to do list, whatever list and check mark as I go.;0;1;0;0;0;0;0;0;0
Cannot find the message the caller left.;0;0;0;1;1;0;0;0;0
It needs a one-way Google calendar sync.;0;0;0;0;1;0;0;1;0
Great app, i can see the deleted messages and photos.;1;0;0;0;0;0;0;0;0
No subscription, Nice UI, many functionality;1;0;0;0;0;0;0;0;0
JAN 2019: LIVE RADAR WIDGET IS MISSING!;0;0;0;0;0;0;1;0;0
Data transfers quickly.;1;0;0;0;0;0;0;0;0
Can hardly watch videos anymore.;0;0;0;0;1;0;0;0;0
But please add backup and restore from google...this online synchronization means very very important to us..!;0;0;0;0;0;0;0;1;0
lite is ugly now when I open the lag right away and I can't watch videos or view myday since it updated, I uninstalled it several times but nothing I hope it goes well;0;0;0;0;1;1;0;0;0
I really like this app ive used in my personal vehicle and a 150thousand dollar freightliner fully loaded and never steered me wrong with the deizl770 gps.;0;1;0;0;0;0;0;0;0
its tedious to go to timer > add to project > start :( it breaks up my workflow;0;0;0;0;1;0;0;0;0
Automation is hell;0;0;0;0;1;0;0;0;0
Just want a simple alarm calendar,any recommendations?;0;0;0;0;0;1;0;0;0
Less function, much memory usage...;0;0;0;0;1;0;0;0;0
This is a great ever app in material design I have used...;0;1;0;0;0;0;0;0;0
Great family calendar app;1;0;0;0;0;0;0;0;0
Ex: Which ones have a higher priority over another.;0;0;0;0;0;0;0;0;1
So easy to use and customisable for each notebook and pages within.;1;0;0;0;0;0;0;0;0
How does an instant messaging app not allow you to zoom in when viewing images?;0;0;0;1;1;0;0;0;0
Your phone comes with a text messaging app or use the Google app.;0;0;0;0;0;0;0;0;1
only con is there is no desktop app to sync with.;0;0;0;0;1;0;0;0;0
Educational;1;0;0;0;0;0;0;0;0
I mean to say videos upload or download is too much slow so i think this is my reason for giving it three stars caz my maximum work done by videos as i m a student;0;0;0;0;1;0;0;0;0
Please get a professional UX designer to redo the workflow and the UI to reduce the frustrating user experience.;0;0;0;0;0;1;0;0;0
But I'm facing problem with notification of messages.;0;0;0;0;1;0;0;0;0
I mean, every aspect of your personal interactions become part of a terrifying data set that includes horrifying intrusions of privacy and information safety.;0;0;1;0;0;0;0;0;0
Call recording is not working iam using Google dailar it's showing poor performance.;0;0;0;0;1;0;0;0;0
My suggestion is that you can look at reference from other apps like Avocation and Rabit: Habit Tracker they have necessary variations of symbols and Rabit: Habit Tracker has categorized their synbols as well.;0;0;0;0;0;0;0;1;0