iteration;app_name;categoryId;reviewId;sentenceId;at;score;feature;review;sentence;Joy;Sadness
iteration_10;Productive - Habit tracker;PRODUCTIVITY;ce62d468-580a-48fe-97fc-08fd5e2bfc1a;2;Aug 08, 2021;2;f_209;I m not satisfied at all. I got the one year premium. How can you charge so much without the ability to sync between devices :O What would happen when i change my phone which i do regulary and how come u cannot save to tje cloud as advertised when the Premium was offered to me. I m looking for an alternative despite having like 11 months left as premium;How can you charge so much without the ability to sync between devices :O;0;1
iteration_10;Weekly Planner;PRODUCTIVITY;94eb7232-ae51-40dd-a6e0-06ac16611345;0;Feb 07, 2022;1;f_494;It just didnt give me the satisfaction of a everyday planner that i like;It just didnt give me the satisfaction of a everyday planner that i like;0;1
iteration_10;Samsung Notes;PRODUCTIVITY;c55ad42b-e702-41b6-9a7e-6d6dca906f47;1;Aug 31, 2022;3;f_40;I think it gets the job done. I can't say that it is my favorite because it isn't necessarily easy to navigate. I had to watch a youtube video to do what I wanted to do with it. It is good for typing notes but I am dissatisfied with the handwriting notetaking portion of the app. Since I use this app for schooling, I was really excited to use it to write my notes but I was disappointed pretty early on. I would say it is good for typing but for a college student, its not the best.;I can't say that it is my favorite because it isn't necessarily easy to navigate.;0;1
iteration_10;Google Play Console;TOOLS;4d733b84-ae52-4b9b-9520-e4347a18cb86;0;Jan 25, 2022;1;f_502;Getting error occurred and retry message. Have tried refreshing and uninstalling and reinstalling the app. No good. Can you please check this on priority. Thanks;Getting error occurred and retry message.;0;1
iteration_10;True Phone Dialer & Contacts;COMMUNICATION;370e8ec3-bddd-4c90-9227-1e6b88aaebb1;0;Dec 16, 2021;1;f_129;Video calling not mention;Video calling not mention;0;1
iteration_10;Joplin;PRODUCTIVITY;85afacf4-2af3-48a8-ae7b-57ec795d76a8;0;Jul 19, 2022;2;f_479;"Can't sync manually imported folders/notebooks on desktop to Android via file system. Local storage has it but Joplin does not include it. Also very old bug ""ERROR ENOENT no such file or directory"" still present. Want to like Joplin but support seems prickly or harsh for non devs.";Can't sync manually imported folders/notebooks on desktop to Android via file system.;0;1
iteration_10;Sticker maker;TOOLS;83b6161a-aa46-40fb-aa57-5fedd931260a;0;Jun 12, 2022;1;f_80;Animated stickers from gif don't show on whatsapp even after creating them in a pack and adding them to whatsapp, and using the own apps's keyboard.;Animated stickers from gif don't show on whatsapp even after creating them in a pack and adding them to whatsapp, and using the own apps's keyboard.;0;1
iteration_10;Stuff - To Do List Widget;PRODUCTIVITY;48e60d5c-6bc8-4981-9e44-ab21d1a563ac;4;Sep 06, 2022;5;f_431;Exactly what I needed! I needed customizable widget for taking notes. I love that it can also do a backup and restore. The only thing I miss is scheduled backups. I setup automatic backup of the whole my phone file system into cloud, but my notes are not backed up automatically, I should manually export them occasionally.;I setup automatic backup of the whole my phone file system into cloud, but my notes are not backed up automatically, I should manually export them occasionally.;0;1
iteration_10;MAPS.ME: Offline maps GPS Nav;TRAVEL_AND_LOCAL;370ccbd2-1aa4-4411-8ea8-c1da3c126dde;0;Jul 17, 2022;3;f_252;A big problem of maps me is that you can not synchronise it whith your other devices so you have to bookmark your interest points on each device separately one by one, that is awful Please activate synchronizing and backuping whith email to work on multi devices for a user Thanks;A big problem of maps me is that you can not synchronise it whith your other devices so you have to bookmark your interest points on each device separately one by one, that is awful Please activate synchronizing and backuping whith email to work on multi devices for a user Thanks;0;1
iteration_10;Squid: Take Notes, Markup PDFs;PRODUCTIVITY;ba9b387a-4ad0-47bc-a737-fedff1b34b92;2;Dec 28, 2021;1;f_209;Nice app. You can write, import PDF, export notes to cloud. But it doesn't sync between devices Notes from tablet you can't access from phone. The only way is to export to Dropbox and import to your mobile. We have almost 2022, this is a major drawback;But it doesn't sync between devices Notes from tablet you can't access from phone.;0;1
iteration_10;MixNote NotePad Notes;PRODUCTIVITY;822aa6ad-3085-4981-ae55-26735dedde09;0;Oct 11, 2020;1;f_30;Cloud sync not working now. Disappointing....;Cloud sync not working now.;0;1
iteration_10;Telegram;COMMUNICATION;c398d759-0fb0-4192-b25d-db91159d2bd3;3;Sep 07, 2022;1;f_35;My account is blocked saying I sent spam. I used the spam bot to report that it is a mistake but it had been months and nothing changed. I also tried to text the support team twice and they did not respond. The search button doesn't work and when I click on a pinned message it jumps to the begging of the chat. Since the premium update and this app had been going down.;The search button doesn't work and when I click on a pinned message it jumps to the begging of the chat.;0;1
iteration_10;Todoist: to-do list & planner;PRODUCTIVITY;a139a68c-f804-4037-b6fd-3d430cd96023;2;May 09, 2022;2;f_109;Decided to uninstall because Todoist is just too buggy, both in the Android app and the web which makes it inconsistent. I used to use the 'share' function on apps to send stuff to Todoist on my phone but an update to Todoist caused the share feature to work only half the time. When it comes to the web, the calendar sync stops working all the time so I've decided it's time for me to find something else that more consistent and reliable. Response to Todoist: Not going to bother. I've done that several times before. Todoist is just in a 'broken' state. You guys always fix one thing only for something else to break.;When it comes to the web, the calendar sync stops working all the time so I've decided it's time for me to find something else that more consistent and reliable.;0;1
iteration_10;Huawei Health;HEALTH_AND_FITNESS;b6b10d83-18c4-4ef3-a195-ca46150996db;3;Jun 17, 2022;3;f_9;This doesn't include my Rh- blood group in my emergencyinformation! How can this app not have my Rhesus Negative blood group as an option? We are the universal donor but given anyone else's blood it would kill us. Also the sleep tracking is hit and miss, I might lay down to watch a film and the app says I've been asleep.;Also the sleep tracking is hit and miss, I might lay down to watch a film and the app says I've been asleep.;0;1
iteration_10;Steam Chat;COMMUNICATION;8544d6f5-f752-4349-8a07-d0112d836a25;1;Aug 07, 2021;1;f_259;Unfortunately going backwards. Despite the last update meaning to fix this, it's completely broken for anything media related, including hyperlinks to media. How they've managed to leave it this broken for this long is a mystery. Should be delisted until they fix it and re-release. Update: Now frequently cannot even send a plain text message even with media display disabled. Literally has become a read only chat application. Useless.;Despite the last update meaning to fix this, it's completely broken for anything media related, including hyperlinks to media.;0;1
iteration_10;Phone by Google;TOOLS;4057778d-f17b-4601-b437-7e4164dcbbdb;0;Sep 08, 2022;1;f_35;We can't do recording before call we have to wait for recording and manually do recording when other person after lifting the call and when ever you record call other person and you both will get an odd voice notifications that call has been recording it's seem every oddd and annoying worst app from Google mainly this app and msg app;We can't do recording before call we have to wait for recording and manually do recording when other person after lifting the call and when ever you record call other person and you both will get an odd voice notifications that call has been recording it's seem every oddd and annoying worst app from Google mainly this app and msg app;0;1
iteration_10;Samsung Notes;PRODUCTIVITY;8ccda7ca-0fb8-4c76-9c45-40572ac9e27e;0;Jul 08, 2022;5;f_278;slow synchronization;slow synchronization;0;1
iteration_10;Routine Task - Tasks, Reminder;PRODUCTIVITY;ee327ac4-8764-44e4-b874-206e2032cdfc;4;Aug 03, 2022;5;f_479;Love this app! Great for single or repeating tasks! Just 2 main downside: You set repeating by day of week, not every x number of days There isn't a backup feature to the cloud or local storage, so I'm a tad hesitant to rely too heavily upon it.;There isn't a backup feature to the cloud or local storage, so I'm a tad hesitant to rely too heavily upon it.;0;1
iteration_10;Lifesize Video Conferencing;COMMUNICATION;bf7c136f-0b5c-4475-be79-413d42944e58;3;Mar 17, 2022;1;f_121;I use this app for work. It is completely unreliable. The phone app rarely will open or work and the desktop version is similar. You will find yourself in rooms that are separate from the people you are in a meeting with. It is so unreliable I avoid using it with clients because the whole meeting is usually spent dealing with connection issues.;You will find yourself in rooms that are separate from the people you are in a meeting with.;0;1
iteration_10;Huawei Health;HEALTH_AND_FITNESS;92499485-c9e4-4d17-9533-776bf8bcff1b;0;Jun 02, 2022;1;f_360;Won't link to My Fitness pal or any other fitness app for calorie counting. Very annoying. I only purchased today as my fitbit had broken. Will be returning;Won't link to My Fitness pal or any other fitness app for calorie counting.;0;1
iteration_10;Google Earth;TRAVEL_AND_LOCAL;630ff301-0b09-4478-9cda-a3cc06b9c23b;1;Jul 21, 2022;2;f_286;Hurricane Michael was nearly 4 years ago and I'm pretty sure the people of Mexical Beach, FL, and at the state capital, would like to show that their town has been rebuilt. Google Maps rushed to show the devastation that hit that small community, but now doesn't seem to want to update the imagery, though nowhere around that region is the storm's devastation still evident, but there's little Mexico Beach looking like it has been ignored and abandoned.;Google Maps rushed to show the devastation that hit that small community, but now doesn't seem to want to update the imagery, though nowhere around that region is the storm's devastation still evident, but there's little Mexico Beach looking like it has been ignored and abandoned.;0;1
iteration_10;SMS Backup+;TOOLS;3a9da72c-e1ec-445a-9545-c48bec275bbf;0;Dec 17, 2020;1;f_431;Does not backup media just text and the automatic backup feature does not work, I would have to go into the app and manually backup each time. Now it doesn't even work at all.;Does not backup media just text and the automatic backup feature does not work, I would have to go into the app and manually backup each time.;0;1
iteration_10;Focus To-Do: Pomodoro & Tasks;PRODUCTIVITY;ca7b6763-ac20-4509-a1a4-31a3cd2737f3;0;Sep 13, 2022;4;f_497;Still can't show completed task & subtasks on widget. It boost the motivation. Really deal breaker to me 😭. Request calendar/event widget, eisen hower matrix widget, mindmap (with check box to do);Still can't show completed task & subtasks on widget.;0;1
iteration_10;Huawei Health;HEALTH_AND_FITNESS;db197286-9b7f-4486-bfe7-ea7c17d83c48;0;Nov 10, 2021;4;f_9;Sleep tracking not working.;Sleep tracking not working.;0;1
iteration_10;Telegram X;SOCIAL;e21c4e74-46cf-4a7b-9b8c-5db01693e05a;1;Jun 17, 2022;2;f_36;I really want to like this app, but the glitching is really really annoying. Tap a notification, blank screen. Open or close a channel, panel is weirdly half on/half off the screen. It's just a mess.;Tap a notification, blank screen.;0;1
iteration_10;Google Admin;PRODUCTIVITY;d117e72d-ba64-4485-884c-b4fcab2c55b7;0;Aug 02, 2022;1;f_20;When trying to sign in it says use a browser that has Java script. But won't let me change browsers or even show me what browser I'm in. It's like the app has its own browser that isn't compatible with its self. Waste of time;When trying to sign in it says use a browser that has Java script.;0;1
iteration_10;Weather & Clock Widget;WEATHER;4a761a83-3a2d-452e-96a4-cad851746482;1;Apr 06, 2022;3;f_236;The time freezes at each refresh which is misleading. It is a weather and clock widget so time should be accurate;It is a weather and clock widget so time should be accurate;0;1
iteration_11;Gmail;COMMUNICATION;6fbd746d-e97b-4c7c-bb31-c4ee48f60034;4;Sep 12, 2022;1;f_52;Fix the damn push notifications. It's already enabled within app info and settings even in individual accounts. I have allowed notifications in every way it was enabled on default yet I still do not receive notifications. No ordinary users should be required to troubleshoot this problem. When it is something as important as an email app you would think that their push notifications is tune to perfection but that's far from the case. Heavily disappointed. Either the app is bugged or AndroidOS.;When it is something as important as an email app you would think that their push notifications is tune to perfection but that's far from the case.;0;1
iteration_11;True Phone Dialer & Contacts;COMMUNICATION;5b957145-7974-45a1-b98d-acbc66318b9b;0;Jan 28, 2022;1;f_215;Call recording is not proper. It only records one side voice. Not the entire conversation of both caller and receiver.;Call recording is not proper.;0;1
iteration_11;Steam Chat;COMMUNICATION;5127c30d-8994-42a9-a35b-f448a6f5ede7;0;Jul 14, 2021;1;f_117;Keeps crashing when I hit send to a message.;Keeps crashing when I hit send to a message.;0;1
iteration_11;ColorNote Notepad Notes;PRODUCTIVITY;cf272d0f-1b5a-40b1-ae68-7aaac6648b1a;0;Sep 03, 2022;1;f_258;You cannot put an image into a note, you cannot record a voice message, no text formatting... What is this? How can this app have 4.9?! It lacks essential features.;You cannot put an image into a note, you cannot record a voice message, no text formatting...;0;1
iteration_11;Squid: Take Notes, Markup PDFs;PRODUCTIVITY;a1c5a762-a0ba-4b23-9813-ab844d985cc4;1;Jun 26, 2022;2;f_209;Was OK at first, now has two MAJOR problems: 1. The (paid) sync option through dropbox is a JOKE. It doesn't happen real-time, it doesn't sync between devices - if you want your phone to have the laptop version of your files, you have to sync it manually. The Process is slow and has the added disadvantage of wiping whatever squid files you have on the receiving device. 2. THE APP KEEPS CRASHING. I used it a lot for studying, no more. I wouldn't download or buy if I were you.;It doesn't happen real-time, it doesn't sync between devices - if you want your phone to have the laptop version of your files, you have to sync it manually.;0;1
iteration_11;Pomodoro Timer;PRODUCTIVITY;5eed8c92-b117-4aa3-8f4a-ff72d961eb32;2;May 18, 2022;4;f_64;Enjoying the app. Simple. Just the text label with the timer status is odd. Not sure if just button to press or if I should slide it up or down.;Just the text label with the timer status is odd.;0;1
iteration_11;Stopwatch Timer;TOOLS;b768251d-c36e-4c27-a005-9365c8368884;0;Apr 29, 2022;2;f_64;Timer Ending sound and vibration not working;Timer Ending sound and vibration not working;0;1
iteration_11;Weather forecast;WEATHER;65788361-2dcf-40da-828e-2a7980e2004b;1;Sep 05, 2022;5;f_36;I like the details it give's you. I had the weather channel app,but it was draining my battery too fast.Am going to give this one a try.hoping it doe's not drain up battery.;I had the weather channel app,but it was draining my battery too fast.;0;1
iteration_11;Kik — Messaging & Chat App;COMMUNICATION;5d238b7d-08a4-46c2-9074-958936155e50;0;Sep 04, 2022;2;f_35;I've been using this app for more than 7yrs but I realise there are more bots using the App than humans. Almost everyone you message is a bot. Has anyone experienced that too?;I've been using this app for more than 7yrs but I realise there are more bots using the App than humans.;0;1
iteration_11;MAPS.ME: Offline maps GPS Nav;TRAVEL_AND_LOCAL;32f05783-20e2-43c2-87fe-c86a7a226386;6;Jul 09, 2022;5;f_240;Crisp & clean. Have installed it on several Android mobiles and it works extremely well on all. I cannot rate it too highly. Update: downloaded latest update (July 2022) - mistake! Screen shrinks the route you have entered. Also unless you know the route, it is difficult to see alternative roads etc. Half the screen is taken up by the routing - bring back the simple uncluttered previous version. Why do we have to make things more complicated and difficult, pretending it is better/progress.;Half the screen is taken up by the routing - bring back the simple uncluttered previous version.;0;1
iteration_11;Steam Chat;COMMUNICATION;4ccc61f8-1b2a-4ee8-80e5-60acf225aa1d;3;Oct 19, 2021;1;f_147;NO VOICE CHAT - supposed to be an alternative should your PC microphone and speaker is being used ingame or broken. USELESS REDUNDANCY - 'steam chat' and 'steam' apps are separate apps on android. Both have chat, but both have no voice chat. You can't even send files like replays of games from steam.;You can't even send files like replays of games from steam.;0;1
iteration_11;Productive - Habit tracker;PRODUCTIVITY;92aaf120-746a-4cb7-b2b3-488a14eff858;1;Nov 01, 2021;1;f_301;Absolutely one of the least useful tools ever. It's a to do list that you pay money for. Google calender serves the same function. Complete with reminders. I regret purchasing a subscription so badly.;It's a to do list that you pay money for.;0;1
iteration_11;Citymapper: All Your Transport;MAPS_AND_NAVIGATION;4b7dfab9-6c9f-4094-bda8-b534f2d65a84;1;Sep 12, 2022;2;f_419;Extremely tone deaf to lock bus information behind a paywall - those who are most likely to be affected by the cost of living crisis are the ones who are most likely to wish to use a bus as a cheaper option. Monetization should be used to provide optional extra benefits, not to lock a core feature of a transport planning app behind a paywall. Used to recommend CityMapper to friends and guests who were staying in the city but I can't do that in good faith anymore;Monetization should be used to provide optional extra benefits, not to lock a core feature of a transport planning app behind a paywall.;0;1
iteration_11;Evernote - Note Organizer;PRODUCTIVITY;2b6baea5-2f05-42e2-9456-14b6c0850bc3;1;Sep 05, 2022;3;f_278;"I love everything about it, except: I can't delete one uncompleted repeating task without deleting all of them, and, the most annoying part, the synchronization is really really slow. When I check off a task, it goes away immediately, and then it comes back until it updates; when I create a task offline, which would be every day if there was no issue, the task disappears; and the synchronization of the app with the desktop is also very slow. I won't stop using it, but very rudimentary bugs.";"When I check off a task, it goes away immediately, and then it comes back until it updates; when I create a task offline, which would be every day if there was no issue, the task disappears; and the synchronization of the app with the desktop is also very slow.";0;1
iteration_11;Habit Tracker;PRODUCTIVITY;aee1ad03-de54-4942-9a07-4dd2f03b2818;0;Oct 26, 2020;1;f_115;Purchsses HabitBull now Habit Tracker.. years ago...found the receipt and emailed them several times....no answer. I tried writing a review, no answer... I tried Google searches for head office...no word from them , so now I make a tradition to warn everyone against paying for this....besides there's a FREE app thats just as good called Loop habit tracker. Try that first.;Purchsses HabitBull now Habit Tracker.. years ago...found the receipt and emailed them several times....no answer.;0;1
iteration_11;Samsung Health;HEALTH_AND_FITNESS;b7b1ac44-6b67-478e-add1-5d0dde6017e3;0;Sep 01, 2022;1;f_183;After recent update I had a synchronise issue with app watch data not synchronising with Mobile app in my IQOO 3 Device even service centre person cannot resolve the issue;After recent update I had a synchronise issue with app watch data not synchronising with Mobile app in my IQOO 3 Device even service centre person cannot resolve the issue;0;1
iteration_11;Google Play Console;TOOLS;f8bca15f-ba87-42e4-bb83-131d9b232036;1;Nov 30, 2021;1;f_294;Website is showing different data but the in this app my app never get approved. Still showing rejected error after 2 days of publishing. 🤦‍♂️;Still showing rejected error after 2 days of publishing.;0;1
iteration_11;MixNote NotePad Notes;PRODUCTIVITY;bf3eb76c-b174-43fc-aa48-800c5f6f87b7;0;Nov 07, 2020;4;f_30;Cloud sync problem...;Cloud sync problem...;0;1
iteration_11;SMS Backup+;TOOLS;2cc34240-29fd-4a9c-8070-6a0b1439aa0c;2;May 27, 2019;2;f_411;It's great that this app backs up your texts to your email, but the end result is just a mess. It only does sms first, then mms, resulting in messages being out of order and all over the place. Group messaging is a disaster, as the messages get stuck in only one contacts thread, instead of a thread for the group conversation. Expected behavior would be for the app to back up one thread at a time, regardless if mms/sms/etc, and for each thread to be kept together, and in conversation order.;Group messaging is a disaster, as the messages get stuck in only one contacts thread, instead of a thread for the group conversation.;0;1
iteration_12;Telegram;COMMUNICATION;a8309c16-01a8-428f-881f-c7dbf1adf3ad;0;Sep 02, 2022;1;f_180;Highly disappointed the way their support team works because instead of stopping and taking strong action against those who are constantly making new accounts nd deleting the old ones for their fraudulent activity they are just ready to restrict the activity of genuine users!;Highly disappointed the way their support team works because instead of stopping and taking strong action against those who are constantly making new accounts nd deleting the old ones for their fraudulent activity they are just ready to restrict the activity of genuine users!;0;1
iteration_12;Productive - Habit tracker;PRODUCTIVITY;33c7f1e0-4d95-4f3c-8d33-6ecdd39a2834;0;Jan 27, 2022;1;f_330;This app took payment today, no subscription page to manage the account, no warning it was going to take money, no support page or email publicly on the site. When I log in, it just takes me to an unsubscribe page. This subscription is NOT managed in Google. Best of luck to those that are subscribed. Will dispute with PayPal.;This app took payment today, no subscription page to manage the account, no warning it was going to take money, no support page or email publicly on the site.;0;1
iteration_12;Messages;COMMUNICATION;423afdba-5a76-4c63-b722-3b9897c93abb;1;Sep 14, 2022;1;f_118;This messaging app will not send texts to my wife's Google Pixel phone. Always says she is offline. Still won't send texts with retry with SMS/MMS enabled in the settings. I have to manually resend all texts after they fail. I had high hopes but it's a pretty pathetic messaging app that uses RCS.;Always says she is offline.;0;1
iteration_12;Instagram;SOCIAL;ccabb8a9-0d31-4c55-a5f2-cc30103ab06c;0;Sep 14, 2022;1;f_85;Last updat is bad I can't share video because it's showing like it's picture it's not playing I'm disappoint about this;Last updat is bad I can't share video because it's showing like it's picture it's not playing I'm disappoint about this;0;1
iteration_12;Productive - Habit tracker;PRODUCTIVITY;cd9af090-f59c-4e1a-a28e-e6b443e84a81;1;Aug 20, 2021;2;f_197;App not bad but customer support very lacking. Only get nonsensical canned responses.;Only get nonsensical canned responses.;0;1
iteration_12;blocos - time block & daily pl;PRODUCTIVITY;9b0b8dd2-da1a-47ef-a280-7b09a5297a18;2;Feb 12, 2022;4;f_244;Great concept, a bit rough on execution. The To-Do section needs to be reworked. Can't clear empty categories of to-do, no indication if it purges old tasks or if the done tasks are just going to pile up, needs sort by date, needs reoccurring tasks. Need to be able to rederence Todo list from schedule page. Scheduling needs copy and paste for selected blocks. Need to be able to edit templates directly.;Can't clear empty categories of to-do, no indication if it purges old tasks or if the done tasks are just going to pile up, needs sort by date, needs reoccurring tasks.;0;1
iteration_12;Garmin Smartphone Link;TRAVEL_AND_LOCAL;69da3bbf-4870-45f6-9fc1-a81b1bd06a5d;2;Jul 11, 2022;1;f_26;This app has not been updated for 3 years and it shows. It is always on our turns itself on after force shutting. Automatically turns the Bluetooth on even when not using the GPS Navigation device.;Automatically turns the Bluetooth on even when not using the GPS Navigation device.;0;1
iteration_12;SMS Backup+;TOOLS;2d4664dc-e3a2-48db-a85f-48dd822e99bb;2;Oct 19, 2020;2;f_431;I've been using thsi for years. Recently, though, it stopped backing up automatically. I can still run manual backups, but the automatic backups just aren't kicking off as they used to.;I can still run manual backups, but the automatic backups just aren't kicking off as they used to.;0;1
iteration_12;Squid: Take Notes, Markup PDFs;PRODUCTIVITY;aac513de-a31c-46a7-b8d0-2589f8d63c5b;1;Mar 28, 2022;4;f_259;recently downloaded. I was very dissappointed when I realized that hyperlinks were not accessible. I truly thought that I found a good one please add this feature;I was very dissappointed when I realized that hyperlinks were not accessible.;0;1
iteration_12;Microsoft OneNote: Save Notes;PRODUCTIVITY;e24eab70-7713-44d3-bafa-d7bfb1a4aa19;9;Sep 15, 2022;1;f_246;Please help. Unusable since last update. Possible credential issues. Don't know. telling me I need or sign in. Don't tell me steps to fix. Tried them. They don't work. Currently signed it. It won't sync my notebooks. Don't tell me to email. Desperately tried to fix it. signed in now but it refuses to open my notebooks. DO SOMETHING! I NEED THIS TO GET WORK DONE.;It won't sync my notebooks.;0;1
iteration_12;Citymapper: All Your Transport;MAPS_AND_NAVIGATION;ab9f15e1-01ca-4ea3-8237-d4919067cb58;2;Sep 09, 2022;3;f_240;Update: 9/2022 Dropped one star. Bus only routing used to be a paid of the free options now you have to pay for it. That's disappointing. I don't understand why should we pay for bus only routing.;Bus only routing used to be a paid of the free options now you have to pay for it.;0;1
iteration_12;adidas Running: Sports Tracker;HEALTH_AND_FITNESS;e691683c-28f0-4320-b342-f111117939c8;0;May 14, 2022;1;f_52;Blasts you with push notification ads for Adidas' latest marketing initiative (currently, the plastic waste song-and-dance). They even go to the trouble of asking for marketing permission, but then do it anyway if you choose not to say yes. I guess you can just consider it the price to pay for a decent free run tracker.;Blasts you with push notification ads for Adidas' latest marketing initiative (currently, the plastic waste song-and-dance).;0;1
iteration_12;HabitNow Daily Routine Planner;PRODUCTIVITY;30625e37-edb7-4a70-8e4b-bb1e1221e84c;0;Sep 14, 2022;3;f_109;The app lacks two very important features for me: 1) calendar sync, so I could use only HabitNow without worrying on losing my calendar events. 2) Reminders with actions like complete, snooze and cancel. I was planning on buying the premium, but I'm sticking with other options for now;The app lacks two very important features for me: 1) calendar sync, so I could use only HabitNow without worrying on losing my calendar events.;0;1
iteration_12;WhatsApp Messenger;COMMUNICATION;ba79e8c8-80a3-4c16-a593-247972ca110e;0;Sep 14, 2022;3;f_34;Whatsapp Voice Calls and Video Calls are not displayed on Screen When it Rings;Whatsapp Voice Calls and Video Calls are not displayed on Screen When it Rings;0;1
iteration_12;SMS Backup+;TOOLS;75545171-6dfd-464c-9c5b-f977b6a202ff;0;Jun 15, 2018;1;f_431;Used to be a good app for automatic backups, but now, after the last update, it stopped doing automatic backups, no matter what I tried.;Used to be a good app for automatic backups, but now, after the last update, it stopped doing automatic backups, no matter what I tried.;0;1
iteration_12;Huawei Health;HEALTH_AND_FITNESS;e8afd807-bd1e-4b04-92a5-9bb23610292a;2;Jan 24, 2022;1;f_403;Was quite good but I recently got a new phone and now run Android 11 rather than 10. Now, the step count takes data from my Huawei GT Pro 2 watch and combines it with data from the phone. As I cycle nearly every day the App combines walking from the watch and somehow treats my cycling as steps and produces a ridiculously high step count. I've emailed Huawei for help and got no response. Very poor customer care!! January 2022. Did 45 mile bike ride and Health App recorded this as 23000+ steps!?;As I cycle nearly every day the App combines walking from the watch and somehow treats my cycling as steps and produces a ridiculously high step count.;0;1
iteration_12;SMS Backup+;TOOLS;f885df09-ce9a-402f-bddc-2cb2900e65c9;0;Jun 20, 2018;1;f_243;"It synced with gmail, backuped (or so it seemed), but won't restore. Output 
is the following: XOAuth authorization error. Please make sure you enabled 
IMAP in your Gmail account settings. I don't think it's necessary to add 
that IMAP is enabled. Thanks for making me lose my messages, so lame. Edit 
(2018): foolish be, didn't check if I've used this app before. It backed up 
2000 messages but restored only 500. Is it really so hard to make a simple 
sms backup app?";It synced with gmail, backuped (or so it seemed), but won't restore.;0;1
iteration_12;Google Home;LIFESTYLE;42f12f15-ac7d-4d01-93e3-22322e318e67;1;Sep 14, 2022;1;f_89;Always buggy. Anti-consumer practices like removing IFTTT integration, no actual support except forums with other people upset with the same issues etc. Unintuitive app that doesn't allow for barely any customisation. There are many things that would make it better that at this point seem like they're left out because Google is trying to narrow its scope rather than let the consumer use the product how it could and should be used. We all know what Google is like.;Anti-consumer practices like removing IFTTT integration, no actual support except forums with other people upset with the same issues etc.;0;1
iteration_12;Instagram;SOCIAL;a9b6203f-191f-400f-ba75-934a0b6c9c01;0;Sep 14, 2022;1;f_319;"Reinstalled Receive a ""Google Smart Lock"" prompt, then App crashes No other options or actions available. Can not log in. Uninstalled and Reinstalled 3x, no difference.";"Reinstalled Receive a ""Google Smart Lock"" prompt, then App crashes";0;1
iteration_12;Squid: Take Notes, Markup PDFs;PRODUCTIVITY;f0cfe2b5-9d60-42fa-b53e-7379dc509e4f;1;Sep 01, 2022;1;f_451;In their quick little blurb it ends with and share... But yet there is no way to share notebooks with friends. Also the only way to back up is through dropbox or box not even Google Drive;But yet there is no way to share notebooks with friends.;0;1
iteration_12;ViewRanger;HEALTH_AND_FITNESS;b0023275-237d-4d7a-9bb6-c729dcec7b95;1;Mar 11, 2022;1;f_410;Use it to 5 stars until forcing me to use a terrible app instead!! I have lost so many of my recorded tracks in the switch over!! The interface is terrible! Maps are terrible to read no way near as detailed as they use to be! The list goes on!;I have lost so many of my recorded tracks in the switch over!!;0;1
iteration_12;WAMR - Recover deleted message;COMMUNICATION;abea4343-cbcb-4484-b49c-67cbea0305b4;0;May 24, 2022;1;f_117;When a message is deleted, other text kind of repeated itself and doesnt look organize;When a message is deleted, other text kind of repeated itself and doesnt look organize;0;1
iteration_12;Instagram;SOCIAL;7336b4b4-7531-4e7f-9913-d2c41d5e8774;1;Sep 13, 2022;1;f_262;1. Gifs won't display over a link like on an iPhone. 2. All stickers won't display as positioned in story once live. 3. Drafts won't keep all stickers, music, and quiz once saved. 4. Quiz won't work when added to a story highlight after 24 hours. 5. Even on a Samsung Galaxy S22 Ultra, I'm having trouble with connection issues via WiFi and feature aren't available such as collab tagging.;2. All stickers won't display as positioned in story once live.;0;1
iteration_12;KY3 Weather;WEATHER;7a3e663f-fcb6-47e0-abf1-3c4ba2c5a618;0;Dec 31, 2021;1;f_117;Every time I try to watch a weather video, it doesn't work and I get error messages on my phone, forcing me to restart my phone. This app is now deleted. All these 5 star reviews must be fake because this app F sucks!;Every time I try to watch a weather video, it doesn't work and I get error messages on my phone, forcing me to restart my phone.;0;1
iteration_12;Squid: Take Notes, Markup PDFs;PRODUCTIVITY;49a3db23-f20e-4278-925f-ba5a44990112;2;Jan 20, 2022;5;f_76;Awesome note-taking app, been using it for all of my college classes. Keeps things organized, I can color code my notes, and occasionally doodle. My only gripe is that I can't make folders for notes, they all just lay on the dashboard. I also wish I could change the color or add a picture to identify notes on the front page, they meld together when they're all blue. Edit: They're super receptive to feedback, requests, and ideas, such great app!;My only gripe is that I can't make folders for notes, they all just lay on the dashboard.;0;1
iteration_12;Clock;TOOLS;e1ddc140-11b7-4dc2-bbd4-06bd404125d7;1;Jul 12, 2022;4;f_236;Good. But I want my JellyBean ASOP 4.1 circular clock widget back. I'm particular about my clock faces...;But I want my JellyBean ASOP 4.1 circular clock widget back.;0;1
iteration_12;MAPS.ME: Offline maps GPS Nav;TRAVEL_AND_LOCAL;7f417695-35c6-461e-bdd3-ea6ce1bcd15e;0;Jun 29, 2022;1;f_252;It is now impossible to upload your route with bookmarks from Google earth into maps me. The whole reason I used this app for.;It is now impossible to upload your route with bookmarks from Google earth into maps me.;0;1
iteration_12;Instagram;SOCIAL;5c20cea4-9fe4-4533-bea4-5aa575df929d;0;Sep 13, 2022;5;f_130;I can't send or forward posts or reels to individual people it's always the Group chats popping out please fix this;I can't send or forward posts or reels to individual people it's always the Group chats popping out please fix this;0;1
iteration_12;Kik — Messaging & Chat App;COMMUNICATION;c66c1235-fb9f-4c5f-a324-bfefdecb7fd8;0;Sep 06, 2022;2;f_220;It as not been working properly for me because i can't meet new people or enter group everytime I try to it always tells me that I have reach the limit for the day and I haven't even tried it, it's so frustrating...... I did almost everything and its still not working for me at this rate i might just delete it;It as not been working properly for me because i can't meet new people or enter group everytime I try to it always tells me that I have reach the limit for the day and I haven't even tried it, it's so frustrating......;0;1
iteration_12;Clock;TOOLS;6635bdfa-7b4b-4823-be61-7530f363808e;0;Jul 12, 2022;3;f_236;The world clocks widget doesn't seem to be scaling down correctly when resizing.;The world clocks widget doesn't seem to be scaling down correctly when resizing.;0;1
iteration_12;MAPS.ME: Offline maps GPS Nav;TRAVEL_AND_LOCAL;779d9287-01ea-4f3e-94db-71164bec4cbc;2;Aug 10, 2022;2;f_251;I'm sad to say this new update made a great, simple app that's been used for year, a lot less user friend, frustrating and overall just wish we could revert back. Why this big step backward? Bookmarking things got harder, navigating became awkward, some new useless features, a download button when everything is already downloaded...why change what worked so well? This is so sad...please make this app great again!;Bookmarking things got harder, navigating became awkward, some new useless features, a download button when everything is already downloaded...why change what worked so well?;0;1
iteration_12;Todoist: to-do list & planner;PRODUCTIVITY;8d3dab5b-11f0-4333-a489-5b45c1e7fbe7;3;Jun 21, 2022;1;f_110;New update broke WearOS functionality. On fossil watch, it doesn't sync the start up project/filter and task reminders don't always show up. View is differently formatted too, and it always comes up in inbox. When they do, if they are completed on the phone the watch notification doesn't disappear, which is a real problem for recurring tasks because if you complete it instead of dismissing it from the watch after completing it in phone, the task is moved forward a date.;When they do, if they are completed on the phone the watch notification doesn't disappear, which is a real problem for recurring tasks because if you complete it instead of dismissing it from the watch after completing it in phone, the task is moved forward a date.;0;1
iteration_12;Clock;TOOLS;526c7e4d-293e-4d71-8c83-36efd01ed840;2;Aug 18, 2022;1;f_241;This app CONTINOUSLY allows its volume to be reduced below the volume I set, EVEN after disabling that feature in the application's menu. This singular error has caused me to miss multiple alarms for important things like work or meetings. It happens when I'm snoozing alarms using the touchscreen only, it happens if I adjust the volume on my phone for another app, it happens seemingly automatically just because the app decides that it's going to lower the volume itself. Absolutely worthless.;It happens when I'm snoozing alarms using the touchscreen only, it happens if I adjust the volume on my phone for another app, it happens seemingly automatically just because the app decides that it's going to lower the volume itself.;0;1
iteration_12;minimalist phone: Productivity;PRODUCTIVITY;ba79d942-0966-4c58-acf9-afb5e5f2031c;0;Sep 14, 2022;5;f_76;Needs support for samsung secure folder. It doesnt show up in the app list, even when activated. Edit: After manually refreshing by pulling down the app list it does show up.;Needs support for samsung secure folder.;0;1
iteration_13;Squid: Take Notes, Markup PDFs;PRODUCTIVITY;99026f0b-efb3-4933-a170-450b79ed08c8;9;Apr 16, 2022;3;f_56;Good: -It works well, and the interface is nice. -It is also very nice to be able set it up to erase with your finger (after taking notes with your stylus wacom or active based). It is relatively easy to export to jpg or locally to the device or google drive. -There is a cast button that lets you cast to google devices... like nest hubs and chrome cast... I have not tried in the office with Google Meet conference hardware, but will update when I do. -They don't have their own weird cloud. This app is standalone and does not need an account with whoever devs Squid. -You can lasso inserted photos and move them Bad: -The erase with your finger option is negated by the fact that when the palm rejection doesn't work (which happens often), ends up erasing your notes (I guess this is more problematic for me since I am left handed). I had to turn it off. -There is no option to auto backup to Google Drive or OneDrive. This is particularly upsetting, because unless you remember to manually backup, you may lose your device and your notes. To do that you would have to use Dropbox or Box (i am not about to get another service just for this app). Also, given that those two are the most popular cloud services for business, it makes it impossible for me to propose the adoption of this app at work. -This app is subscription based. Premium features cost per month/year... not single purchase like INKredible. I guess you can buy features one at a time, but that doesn't seem like a good idea to me. I am still on the fence of which app to keep.;-There is no option to auto backup to Google Drive or OneDrive.;0;1
iteration_13;Google Admin;PRODUCTIVITY;476dcb98-2d20-4e2d-b83a-2af4b5dc0175;0;Jun 02, 2022;1;f_20;Could not sign in on the app, apparently it's not Java supported for Android.;Could not sign in on the app, apparently it's not Java supported for Android.;0;1
iteration_13;Messenger;COMMUNICATION;77cb9bf4-3443-4656-951c-2c522e775b25;0;Sep 15, 2022;2;f_130;It was a good app but in my group chat i cant send message! Pls fix it;It was a good app but in my group chat i cant send message!;0;1
iteration_13;Withings Health Mate;HEALTH_AND_FITNESS;79b522f7-c05f-44b7-991e-d444209b29c8;2;Sep 03, 2022;2;f_506;Not a good app. You can't add exercise to the app if Bluetooth wasn't enabled, there is no record of fastest run, bike etc. Only running contributes to the fitness level, and the watch itself is too temperamental not capturing heart rate properly and ECG only works if heart rate above 50. Now looking at the new Samsung which has all the functionality of scanwatch plus GPS;Only running contributes to the fitness level, and the watch itself is too temperamental not capturing heart rate properly and ECG only works if heart rate above 50.;0;1
iteration_13;Telegram;COMMUNICATION;6e0e650e-96d5-4b57-b97f-df4f154512a3;0;Aug 24, 2022;1;f_339;I can't send messages from my telegram account;I can't send messages from my telegram account;0;1
iteration_13;Telegram;COMMUNICATION;46c222e6-a554-4143-a116-408d41df5b6a;0;Sep 02, 2022;1;f_339;I can't download telegram;I can't download telegram;0;1
iteration_13;Running App - GPS Run Tracker;HEALTH_AND_FITNESS;a7bc748e-f019-4631-af1d-24fd9aa2c50d;0;Aug 05, 2022;1;f_398;Same as everyone else's review: Screws up your distance calculations rendering any tracking useless. I just ran two miles and it said I ran 1.1. so close to being great.;Same as everyone else's review: Screws up your distance calculations rendering any tracking useless.;0;1
iteration_13;Todoist: to-do list & planner;PRODUCTIVITY;fa0d400d-7648-44e8-9d50-fa3d41b70c18;0;Apr 10, 2022;1;f_183;Mobile app keeps crashing;Mobile app keeps crashing;0;1
iteration_13;SMS Backup+;TOOLS;c8fe7670-bac5-4c3c-bc45-c283a4da870b;0;Oct 12, 2018;3;f_431;I've been using this APP for years and loved it, but recently the automatic backup stopped working. I reached out to the associated POC for assistance but didn't receive a response. I am currently looking for another APP.;I've been using this APP for years and loved it, but recently the automatic backup stopped working.;0;1
iteration_13;Huawei Health;HEALTH_AND_FITNESS;dc7fa334-d854-4d33-879f-b310c55646a4;4;May 08, 2022;3;f_278;Not bad application. However very bad settings possibly. Why the hell you have week only till Saturday? Are we in Arab countries, is in China week only till Saturday? Synchronization is without any possibility to set up when. Otherwise quite ok app;Synchronization is without any possibility to set up when.;0;1
iteration_13;Ratio: Productivity Homescreen;PRODUCTIVITY;46224d7c-18fc-4578-8267-8428f08f4634;2;Aug 28, 2022;3;f_126;It's a great idea for a launcher. Problem is, it's unstable and not ready to charge the high price they're asking. The messaging is still in beta and definitely not recommended to use as you can miss messages. The root is a great idea but wish there was an option to add a few third party widgets, like checking bank balance for example. I'd probably pay for it if it were a one time purchase, but definitely not worth a yearly subscription. Still like it a lot. Just not stable enough to pay for.;The messaging is still in beta and definitely not recommended to use as you can miss messages.;0;1
iteration_13;MixNote NotePad Notes;PRODUCTIVITY;f8867d8a-98aa-409c-af45-87d1f1150732;0;Jan 13, 2018;5;f_424;"A year waiting for the ""future update"" (according to the devs replies on the comments section) and here we are. I think the app has been discontinued. It's a shame since it could've been one of the bests. Edit: nice, I got the default reply not saying actually anyhing.";"A year waiting for the ""future update"" (according to the devs replies on the comments section) and here we are.";0;1
iteration_13;Truecaller: Caller ID & Block;COMMUNICATION;54f4e1a1-7215-4207-9b00-4edca4c6b2c6;1;Sep 10, 2022;4;f_118;It is a wonderful experience,my only suggestion is Truecaller to change the UI as it doesn't look sleek (in my opinion).the messaging system has to be improved and when calls appear they should be in full screen.;the messaging system has to be improved and when calls appear they should be in full screen.;0;1
iteration_13;Messenger;COMMUNICATION;e9d236bb-1ff5-4e9c-87c1-c5200c10bc31;4;Sep 13, 2022;5;f_82;"I've had the Messenger app for years with no problems. On September 10th. 2022 it started saying ""Waiting For Network..."" It won't show any of my contacts active online. I can't see any of my new messages being sent to me. It has went completely offline. I know it's not on my end because the app actually works properly on my tablet. But it's not working on my phone where I use Messenger most. Please fix this & my 1 star review will change!";I can't see any of my new messages being sent to me.;0;1
iteration_13;Digital Wellbeing;TOOLS;e0e45acf-5c2e-4ccf-bf7c-215f7b4bd934;2;Sep 15, 2022;1;f_492;"I rate this annoying and pointless app - ZERO. The only reason I gave one star was to be able to write this review and give it a zero. Due to the restrictions the app places on the use of my phone I need to turn off the functions of this app each morning in order to engage in my wellness routine. I suggest they change the name from digital wellbeing to ""pointless control over the use of your phone"" I changed the the app timer to operate for 45 minutes from 2:00 AMto 2:45 AM";Due to the restrictions the app places on the use of my phone I need to turn off the functions of this app each morning in order to engage in my wellness routine.;0;1
iteration_13;Clock;TOOLS;928a9c17-fe83-48a4-8664-6e53b8f13f7c;0;Jul 04, 2022;2;f_237;Can i please stop receiving notifications about my alarm volume? I know it is low, i set it like that. I dont want to be woke up by a submarine dive alarm, i want it to be calm so that i dont wake up angry or grumpy. Latest update added a notification that always triggers after an alarm telling me that it's volume is low. This also appears in the app when i set alarms, telling me the volume is low. Please add option to turn it off or make it disappear after i've seen it a few times...;Can i please stop receiving notifications about my alarm volume?;0;1
iteration_13;Huawei Health;HEALTH_AND_FITNESS;dbad3d60-c2b8-4d9e-80fc-64ff550fd811;0;Dec 08, 2021;1;f_278;Synchronization does not work for me. I have been unable to synchronize for more than two weeks.;Synchronization does not work for me.;0;1
iteration_13;Messages;COMMUNICATION;ca3740da-81a8-4392-8863-652a8705796a;1;Sep 15, 2022;2;f_120;The advantage of Messages is supposed to be that it will automatically revert to SMS if RCS not go through but this does not happen. So, have to turn Chat off, which leaves an extremely basic text messaging system;So, have to turn Chat off, which leaves an extremely basic text messaging system;0;1
iteration_13;Telegram;COMMUNICATION;8295ad25-c23a-412e-a1c6-adacff8b1eef;0;Aug 26, 2022;3;f_241;Buggy call functionality.;Buggy call functionality.;0;1
iteration_14;WeChat;COMMUNICATION;683d20c1-bb6a-40dc-8992-61ba89b6f657;0;Sep 15, 2022;1;f_52;I seriously couldn't comprehend why FCM is not unabled by default and the app pushes notification by always staying in the background.;I seriously couldn't comprehend why FCM is not unabled by default and the app pushes notification by always staying in the background.;0;1
iteration_14;Huawei Health;HEALTH_AND_FITNESS;d3b03850-70a8-4123-af40-e5dd68aabcb4;0;Mar 16, 2022;1;f_237;I am trying to connect to my phone in order to remotely shut down an alarm as i am not wearing it and despite using Bluetooth to connect, it wont let me until I connect to the internet too. That's ridiculous;I am trying to connect to my phone in order to remotely shut down an alarm as i am not wearing it and despite using Bluetooth to connect, it wont let me until I connect to the internet too.;0;1
iteration_14;MixNote NotePad Notes;PRODUCTIVITY;9219cce7-e2d7-4e31-abd3-efaadda63dc5;0;Oct 07, 2020;3;f_30;"Cloud sync not functioning. I tried turning it on but the exact message on my screen reads ""com.domobile.notes.global.MyApplication requires one or more Google Play services that are not currently available. Please contact the developer for assistance."" How can I sync my notes to cloud? I'd really appreciate the help because I really like using this app. :) Have a good day.";Cloud sync not functioning.;0;1
iteration_14;True Phone Dialer & Contacts;COMMUNICATION;83e6c319-06aa-4af4-8e1e-05f2ff759ed2;0;Jan 25, 2022;1;f_215;Tested on Android 11, built-in call recording doesn't record incoming voice. Other features are ok.;Tested on Android 11, built-in call recording doesn't record incoming voice.;0;1
iteration_14;Huawei Health;HEALTH_AND_FITNESS;2e2b16b3-fd80-4df7-9068-1d95a07b2833;2;Jun 06, 2022;1;f_164;Very poor software... Hard or impossible to integrate with other services like gmaps, ghealth. There is an ap called gps tools that has nothing to do with GPS, and many other strange things;There is an ap called gps tools that has nothing to do with GPS, and many other strange things;0;1
iteration_3;Simple ToDo — Task List & Plan;PRODUCTIVITY;00e6dd87-77e5-4b76-8f76-87aa1e2cdaed;1;Dec 09, 2019;3;f_402;OK just like most apps. Would be better if it has text to speech. Alarm does not work. No AM or PM.;Would be better if it has text to speech.;0;1
iteration_3;Amber Weather;WEATHER;01cc8793-6db8-435f-bf0d-c6dcec230fd9;0;Apr 23, 2021;3;f_35;Up until recently, this app was amazing but now it struggles to find my location by both network and gps resulting in inaccurate weather. I hope this gets fixed soon;Up until recently, this app was amazing but now it struggles to find my location by both network and gps resulting in inaccurate weather.;0;1
iteration_3;ColorNote Notepad Notes;PRODUCTIVITY;03dacc12-a951-42b7-a65c-e0091f322535;2;Jul 15, 2022;1;f_258;Could be much better! Overrated like most free apps. No voice recognition, no support for S-pen, Zero rich text formatting options, and swipe gestures are missing. Another huge irritant is having to double click to edit! Why all this hassle? Yet there's no save button in the editor so you have to press the device back (soft) button multiple times to save! Definitely not easy to use. Purely overrated garbage. How is this on top of search? Pure hype!;No voice recognition, no support for S-pen, Zero rich text formatting options, and swipe gestures are missing.;0;1
iteration_3;Verizon Messages;COMMUNICATION;040d6461-b165-4e47-b974-106191817c42;0;Sep 09, 2022;3;f_468;I think it could be better it's supposed to be private messaging it's not completely or that's what I was told the + meant private 🤷 💯 🤔 🤔 🙃 not;I think it could be better it's supposed to be private messaging it's not completely or that's what I was told the + meant private 🤷 💯 🤔 🤔 🙃 not;0;1
iteration_3;Social Contact Photo Sync;SOCIAL;08079079-368a-4734-93e4-361f5024b351;0;Mar 18, 2017;1;f_189;I cannot sync contacts with Facebook. I have official app and root. What a crap....;I cannot sync contacts with Facebook.;0;1
iteration_3;Samsung Health;HEALTH_AND_FITNESS;08293fc9-5566-4c91-ade5-4c11e4ccf150;1;Sep 12, 2022;1;f_360;Advertises pulse, oxygen, etc. which were removed from app. Only good for steps and calorie counting now.;Only good for steps and calorie counting now.;0;1
iteration_3;Macros - Calorie Counter;HEALTH_AND_FITNESS;0925208b-7945-430d-ac99-c0acd599bc61;6;Jun 28, 2022;4;f_439;Has searchable online food nutrient data and stores your copies and edits local. Contributed data is not always correct. Simple to use. Does this weird thing where if you add excercise it increases the daily value targets for some reason. Don't like that but otherwise mostly clean concise app. Would allow a person to export and reimport a spreadsheet of nutrient data to make mining the web easier. Barcode scanner doesn't work but I think it's my camera.;Barcode scanner doesn't work but I think it's my camera.;0;1
iteration_3;Phone by Google;TOOLS;0a832706-3e1d-415a-9174-ca82b168754c;1;Sep 15, 2022;1;f_215;Worst app by Google. Not able to provide basic features like caller id call recording;Not able to provide basic features like caller id call recording;0;1
iteration_3;Google Keep - Notes and Lists;PRODUCTIVITY;0ab467a5-e143-4393-9519-1fbe1151b6c1;1;Sep 06, 2022;1;f_140;always buggy... almost every update is bad. how can such a simple app designed to make my workflow easier be such a problem. it doesnt sync random notes, some improtant information I wrote down simply got lost forever thanks to your app. I've lost more time troubleshooting this than all the other apps on my phone. jesus christ;how can such a simple app designed to make my workflow easier be such a problem.;0;1
iteration_3;WBTV First Alert Weather;WEATHER;0b644505-2e72-47d2-9115-9712064003cc;0;May 18, 2022;2;f_60;Too many notifications, ugh. I don't need a notification that says oh it will be nice tonight. I got the app for severe notifications. Don't see a setting for just that. Love wbtv but this wx app is overkill.;Too many notifications, ugh.;0;1
iteration_3;Huawei Health;HEALTH_AND_FITNESS;0b9f61b2-2b2c-41df-b938-121770d3cccd;2;Sep 04, 2022;1;f_117;Absolutely ridiculous app. I'm locked out of my watch now. First message was my watch is no longer supported. Then delete and reload. Try to login but need password reset so get reset code. Then I have to enter my old password to get my new one. How stupid is this? Thank goodness I have a Tic Watch. Update... If I request help from the app it takes THREE DAYS to process. This is a watch, not my bank account. Ridiculous!!!!;First message was my watch is no longer supported.;0;1
iteration_3;Water Drink Reminder;HEALTH_AND_FITNESS;0c82b0eb-7464-4347-ac0d-c8f106fff314;0;Apr 01, 2022;3;f_60;Not bad but the ads get obnoxious, the notifications are spotty and it doesn't sync anything besides pulling wieght from fit.;Not bad but the ads get obnoxious, the notifications are spotty and it doesn't sync anything besides pulling wieght from fit.;0;1
iteration_3;Garmin Smartphone Link;TRAVEL_AND_LOCAL;0ca81c4e-16e0-4576-ae7d-94fa1a9611c7;1;Mar 14, 2020;1;f_133;Useless. Can't get it to connect without linking phone calls. My vehicle does that. I don't want it to answer phone calls. I want it to monitor traffic. It wants to do it all or nothing. I will delete it.;Can't get it to connect without linking phone calls.;0;1
iteration_3;Lifesum: Healthy Eating & Diet;HEALTH_AND_FITNESS;0cfc1ebf-39dd-41e3-95cc-2e23b6e9ee31;1;Aug 31, 2022;4;f_331;The app UI is simple and friendly, this makes being consistent with the tracking easy. Not giving 5 stars cause there could be a few improvements: 1. Have a web version for logging kcal on the go when on the laptop and away from the phone. 2. Frequent foods are siloed in each meal. If I wanna log an item at dinner but I usually eat it at lunch I'll have to look it up again. 3. Search could show frequent foods or foods already used first to partially address point 2;Not giving 5 stars cause there could be a few improvements:;0;1
iteration_3;Huawei Health;HEALTH_AND_FITNESS;0d40aa79-678e-433a-9197-5460770de8f9;0;Jan 11, 2022;3;f_506;"HH has still many improvements to be done for classic and elegant versions of the Huawei GT2, there is only 5 activities to be able to add in the app when the watch does not track it: indoor and outdoor running, swimming on open and pool and walking. However the watch has ""Other"" For any other activity uncathegorised, let say for example you do climbing, calethenics, yoga, pilates... But if the watch was not activated to track the class or activity you can not add it on the app a posteriory....";HH has still many improvements to be done for classic and elegant versions of the Huawei GT2, there is only 5 activities to be able to add in the app when the watch does not track it: indoor and outdoor running, swimming on open and pool and walking.;0;1
iteration_3;Habit Hunter: RPG goal tracker;PRODUCTIVITY;0d699368-d8fe-4deb-949d-d2096e9304bd;1;Jul 29, 2022;3;f_99;I don't like that you're penalized for being late on goals. Free to play but you need to pay to remove ads, have more than three milestones per goal, and unlock the full map;Free to play but you need to pay to remove ads, have more than three milestones per goal, and unlock the full map;0;1
iteration_3;Clock;TOOLS;0d7281cf-e208-4879-a4c2-de5410e749ad;0;Aug 11, 2022;1;f_237;"Until last month I had no problems with the app but nowadays when I open battery saver mode my alarms give this warning: ""Battery saver might degrade your alarm and timer experience"", instead of ringing. I missed my classes and many important things because of that. Until it fixed I will use other apps and disable this one, good job.";"Until last month I had no problems with the app but nowadays when I open battery saver mode my alarms give this warning: ""Battery saver might degrade your alarm and timer experience"", instead of ringing.";0;1
iteration_3;Half Marathon Training Coach;HEALTH_AND_FITNESS;0e8127d8-4f3b-45c1-a21f-4c311f5d186b;1;Aug 23, 2021;2;f_164;Intermittent. This app kinda works in that it times my runs but gps stops halfway or it shows on the map but says I've done .75km of a +10k. And yes all access to gps has been set it worked for 2 weeks then reverted. Also have paid for pro version but every few weeks it resets and only gives me the first bit of free weeks. Not very impressed but great when it works!;This app kinda works in that it times my runs but gps stops halfway or it shows on the map but says I've done .75km of a +10k.;0;1
iteration_3;Messages;COMMUNICATION;10ac6496-6ece-41db-85a8-73395d74c859;1;Sep 15, 2022;1;f_174;"Just got a new s22 and have to use google messengers and so far the experience is horrible. Chat features will NOT stay connected which means i recieve no text. When i restart my phone or stop the app and clear the cache it will come on for about a minute and then go back to infinite ""connecting"". Pretty sad ""feature"" for the main messanging app on an OS made by a trillion-dollar company";Chat features will NOT stay connected which means i recieve no text.;0;1
iteration_3;Messenger;COMMUNICATION;119292d8-669a-4f0e-82d2-b03b28fd7b48;0;Sep 15, 2022;1;f_128;Please fixed the video chat because the echo is to loude please fixed it;Please fixed the video chat because the echo is to loude please fixed it;0;1
iteration_3;OurHome – chores, rewards, gro;LIFESTYLE;138a3247-8195-4bfa-826c-6410ffb31dac;3;Jan 17, 2022;3;f_382;"It's almost exactly what we are looking for, but there are a few features missing that we'd happily pay for: 1. Ability to set end date (or end after XX number of occurrences) for repeating tasks. 2. Agenda view. I need to be able to scroll through my week at a glance. Right now I have to go back and forth to the calendar and click through to each day separately. 3. Ability to set ""Today"" as default view. 4. Multi day events (not repeating) 5. Google calendar integration.";Right now I have to go back and forth to the calendar and click through to each day separately.;0;1
iteration_3;Boosted Time Tracker;PRODUCTIVITY;138c7ce8-b4a3-4419-a63c-8d0db1bf30f3;1;Nov 03, 2021;4;f_64;Really enjoy this app. My only issue with it is that the timers are in their own place. Would be nice to have the option to choose which timing feature I'd like to use within each task at the time of execution. Other than that, find the app very helpful.;My only issue with it is that the timers are in their own place.;0;1
iteration_4;WhatsApp Wallpaper;PERSONALIZATION;15c877ea-f499-4f12-b69c-104d0cde2b7c;0;Aug 14, 2020;1;f_174;Can't load the wallpaper on Chat background...;Can't load the wallpaper on Chat background...;0;1
iteration_4;Facebook Lite;SOCIAL;15e6193d-e49d-442f-a747-e7f91e0d075d;0;Sep 14, 2022;1;f_424;So disappointing lately, I can't go back after opening the comments section unless I restart the phone. Keeps hanging;So disappointing lately, I can't go back after opening the comments section unless I restart the phone.;0;1
iteration_4;Weather forecast;WEATHER;17b08e92-b242-4641-98b3-3313dee0cb08;0;Dec 31, 2021;5;f_236;Good luck .add some clock widget too;Good luck .add some clock widget too;0;1
iteration_4;Squid: Take Notes, Markup PDFs;PRODUCTIVITY;18ff07c9-b209-4255-8413-fb5104365e34;0;Dec 27, 2021;3;f_209;App is everything I was looking for except you have to manually backup to sync between devices and content can not be stored on Google drive. This app would easily be 5 stars if it automatically would sync between devices.;App is everything I was looking for except you have to manually backup to sync between devices and content can not be stored on Google drive.;0;1
iteration_4;WA.Status Saver - Downloader;SOCIAL;1997263d-edda-4882-9b3d-39005de30f76;0;Mar 23, 2022;1;f_239;Poor networking;Poor networking;0;1
iteration_4;Messenger;COMMUNICATION;19c16b8e-3898-45fe-bfcf-804163093329;0;Sep 13, 2022;5;f_186;I Want to Complain About on Group Chat i can't able to Mention the @Everyone;I Want to Complain About on Group Chat i can't able to Mention the @Everyone;0;1
iteration_4;Microsoft OneNote: Save Notes;PRODUCTIVITY;1cd4e9e6-ddbb-4f35-be86-37694db66452;1;Sep 12, 2022;4;f_246;enjoy the app. My only complaint is that I sometimes have sync issues with shared notebooks.;My only complaint is that I sometimes have sync issues with shared notebooks.;0;1
iteration_4;OnePlus Health;TOOLS;1fdb8f66-7f95-4d84-a62e-8bca3a0a7a27;1;Apr 10, 2022;2;f_9;"After a month of use, I dispointed, not recommend product to others. App has inaccurate gps tracking; no working Stress monitor; very poor sync between app and watch, no realtime availab sync of data, except sleep tracking & step count is working properly. Other features e.g. stress mornitor, spo2, run traking, Gps are bogus. DONT BUY THIS(watch), WASTE OF MONEY & TIME. --> 2 star for the watch decent look else it has nothing.Phone tracker work better than this.";"App has inaccurate gps tracking; no working Stress monitor; very poor sync between app and watch, no realtime availab sync of data, except sleep tracking & step count is working properly.";0;1
iteration_4;Google Earth;TRAVEL_AND_LOCAL;1ff4e2e4-fff7-4373-85c4-ade4f54adc8e;1;Jun 24, 2022;1;f_398;High resolution imagery won't load. Major rendering issues. These problems persist after removing the app, and reinstalling the app at default settings on Oneplus 8T at default settings with all updates installed.;Major rendering issues.;0;1
iteration_4;Instagram;SOCIAL;208445e4-5ae8-4840-b2c8-0b28575ab37f;1;Sep 15, 2022;1;f_55;Why this app still can't hide inbox chats? Please develop hide chats fouction, it shouldn't be that hard to take that long to do it.;Please develop hide chats fouction, it shouldn't be that hard to take that long to do it.;0;1
iteration_4;Weather: Live radar & widgets;WEATHER;26371234-eeee-45cb-b279-9033222997cf;0;Aug 13, 2022;3;f_472;Radar doesn't work unless you pay for it;Radar doesn't work unless you pay for it;0;1
iteration_4;zenly - your world;SOCIAL;289b0b84-2915-47b9-a6e6-acf1d849ea86;0;Sep 05, 2022;1;f_164;Accuracy is really bad show pin location all over the place fly everywhere yet zenly can use fake gps not;Accuracy is really bad show pin location all over the place fly everywhere yet zenly can use fake gps not;0;1
iteration_5;Bills Reminder;PRODUCTIVITY;eac62907-d5d5-46f0-af1b-240a1c70cd66;0;Mar 10, 2019;2;f_321;I created a backup file transferred over to new phone via email but after restoring nothing gets restore.;I created a backup file transferred over to new phone via email but after restoring nothing gets restore.;0;1
iteration_5;Clock;TOOLS;eae62ba6-47e0-4cfa-8f84-dc135d5909f2;0;Jul 31, 2022;1;f_64;Super limited control over alarm settings, can't mass delete alarms or set one time alarms, and settings alarms in the first place is much more tedious than it should be. The timer function is nice, but otherwise this app is severely disappointing for a basic android essential.;Super limited control over alarm settings, can't mass delete alarms or set one time alarms, and settings alarms in the first place is much more tedious than it should be.;0;1
iteration_5;Samsung Notes;PRODUCTIVITY;ff321da3-2fdd-4153-84d0-be9ee4995938;0;Sep 09, 2022;2;f_259;it's missing a lot of features that if exists will make it better such as hyperlink;it's missing a lot of features that if exists will make it better such as hyperlink;0;1
iteration_5;Focus To-Do: Pomodoro & Tasks;PRODUCTIVITY;f8aeeaac-16e2-4e0c-b000-cc643f48e219;0;Sep 03, 2022;3;f_109;No calendar sync;No calendar sync;0;1
iteration_5;SMS Backup+;TOOLS;c8e47bd1-6ad3-4312-98fa-b73d822ace53;0;Jun 26, 2019;2;f_117;I keep trying to backup my SMS messages and it will never go past about 1,500. I have gone and deleted the really old ones thinking that maybe there were too many, but that didn't help. I have tried everything but it simply won't backup anything that's happen since May of 2015. I am trying to back them all up (to my gmail account) so that I can delete them all off my phone but still have a search-able record of them...;I keep trying to backup my SMS messages and it will never go past about 1,500.;0;1
iteration_5;Messages;COMMUNICATION;bd2a699e-8020-47c9-9130-80110d6e0ab5;0;Sep 14, 2022;3;f_120;Ever since you rolled out RCS with no way to disable it messages is entirely broken. Anytime somebody tries to start a group chat involving me it doesn't work at all and all of the text to the group chat come to me as individual texts. Text messages often disappear never to be seen again even though they show as sent. It's effectively made text messaging unusable as a communications medium on Android. Just realized I don't actually have this version of messages installed, maybe OnePlus broke it.;Ever since you rolled out RCS with no way to disable it messages is entirely broken.;0;1
iteration_5;Tinychat - Group Video Chat;SOCIAL;b400c7c1-c2fa-48b0-ad05-884150d2ef27;1;Feb 15, 2022;1;f_174;After I made a account the app crashed now I can't even join a room. Tiny Chat supposed to be vets in the game . This was one of the first apps after Soulja TellEm start crashing back in 2005.;Tiny Chat supposed to be vets in the game .;0;1
iteration_5;Telegram;COMMUNICATION;b68591dd-5cb0-4765-a567-c741f1b94bf6;0;Sep 11, 2022;1;f_188;People nearby doesn't work!!;People nearby doesn't work!!;0;1
iteration_5;Google Street View;TRAVEL_AND_LOCAL;afeac1ae-d68a-4f48-b3fc-b43a0374bca9;0;Jun 20, 2022;1;f_294;"2 hours of recording street view, 1h uploading and another for processing, to get error ""Publishing failed - unable to process location information"". What a waste of time. 4 files non of them worked. Before you suggest, I will not contact your support. Hire a testers.";"2 hours of recording street view, 1h uploading and another for processing, to get error ""Publishing failed - unable to process location information"".";0;1
iteration_5;Any.do - To do list & Calendar;PRODUCTIVITY;33e63987-424a-40e7-a99d-9aa3d7b00c6c;0;Jul 19, 2022;3;f_244;Not as convenient for setting schedules as it is for daily Todo lists;Not as convenient for setting schedules as it is for daily Todo lists;0;1
iteration_5;Fitbit;HEALTH_AND_FITNESS;ecac045f-dfe7-4a65-b59d-a2cd593ca9d9;1;Sep 15, 2022;1;f_133;App has stopped syncing automatically unfortunate I was really starting to like it. I use to be able to see my text messages and phone calls without actually touching my phone. But the constant no phone connection is BS either to need... I'll be looking for a replacement;I use to be able to see my text messages and phone calls without actually touching my phone.;0;1
iteration_5;Squid: Take Notes, Markup PDFs;PRODUCTIVITY;ad8f1bef-df4a-4bfa-8adc-7882fa7486f4;2;Sep 10, 2022;4;f_261;"Almost best app. I miss two things in this app. First is the OCR and ""writing to text"" conversion ability not being present in the app, and second is that ""search of the hand written text"" is also absent. Else I like it's ability to annotate PDFs and the ability of adding pages in between the PDFs as per your wish, and managing the orders of the pages is also good. File management is also good.";"First is the OCR and ""writing to text"" conversion ability not being present in the app, and second is that ""search of the hand written text"" is also absent.";0;1
iteration_5;Truecaller: Caller ID & Block;COMMUNICATION;54b3c877-96c2-4c82-aa14-fd208726a4d4;0;Sep 10, 2022;4;f_241;Makes call hungs;Makes call hungs;0;1
iteration_5;Event Alarm Reminder for Googl;TOOLS;6f813709-90e2-46a0-91cf-bf5545d80453;0;Jun 13, 2022;1;f_109;Calendar sync is not happening;Calendar sync is not happening;0;1
iteration_5;MixNote NotePad Notes;PRODUCTIVITY;35e50c81-f314-42f6-9f06-efc3743620ba;0;Jan 27, 2021;5;f_30;I think it would be the best notes app if online backup/cloud sync feature really works... please solve the issue. Failing to connect with Gmail...💔;I think it would be the best notes app if online backup/cloud sync feature really works... please solve the issue.;0;1
iteration_5;Microsoft OneNote: Save Notes;PRODUCTIVITY;ca1ef8f9-1284-4ce6-b00b-bc6316f74a55;0;Sep 14, 2022;2;f_451;Not possible to share notebook from the app. I had to disable the app, share from online and then reinstall the app.;Not possible to share notebook from the app.;0;1
iteration_5;Google Find My Device;TOOLS;cceb26d3-72f7-4872-9129-bf008eab33d4;3;Sep 13, 2022;1;f_197;"Android automatically removes the GPS permissions after a time. This app has no functionality to prevent that. The app is by nature not opened regularly and rendered completely useless if the permissions are removed because you ""haven't opened it in a while"". I've contacted Google support and I just get canned responses detailing how to check app permissions in settings but don't address the issue. I'm hoping they react to this being a bad review since the normal channels are ineffective.";I've contacted Google support and I just get canned responses detailing how to check app permissions in settings but don't address the issue.;0;1
iteration_5;MAPS.ME: Offline maps GPS Nav;TRAVEL_AND_LOCAL;3e176405-8a63-4f4e-92d6-a7f70902d59e;3;Jun 17, 2022;3;f_252;I found this to be an excellent APP with my old phone (Samsung Android version 9). It was working extremely well. I especially liked the bookmark feature. For some strange reason, after switching to my new phone (Samsung Android version 11), I am not able to use it offline. When I have Wi-Fi access, it is OK. When I don't have WiFi access , it becomes totally dead. I tried to uninstal and re-install again, it worked once. But then , it became dead again. Very frustrating! Can Maps.Me help!;For some strange reason, after switching to my new phone (Samsung Android version 11), I am not able to use it offline.;0;1
iteration_5;Weather data & microclimate :;WEATHER;a0c190ca-eaff-4df6-bba4-fb897e759be6;3;Jul 21, 2022;1;f_319;"I have an account with WU. I tried to load on brand new samsung tab s8. Activation requires that I ""scroll and read"" before confirming that ""I understand."" There is no keyboard, stylus or touch screen action I can take which allows me to ""scroll."" What have you done to this app?";"There is no keyboard, stylus or touch screen action I can take which allows me to ""scroll.""";0;1
iteration_5;Huawei Health;HEALTH_AND_FITNESS;516ae529-7051-4027-bf99-922c5b4a3a74;0;Mar 08, 2022;3;f_9;Sleep tracking less good these days. The band used to track REM sleep, light and deep sleep and other stuff. Now it only tracks two things. Not sure why the change or if it's broken. But it feels like a step backwards. I also don't believe it. The band often used to say I'd get like 1-2 hours of deep sleep. Now it's saying 3-4 hours. I doubt my sleep pattern has changed that drastically.;Sleep tracking less good these days.;0;1
iteration_5;WhatsApp Messenger;COMMUNICATION;ef0b2d1d-130f-4c71-9d02-a1ac390f5e91;3;Sep 13, 2022;3;f_478;This app is great, but the storage management is useless. I have media of about 70MB, but it is showing me 300+ MB. The total is now 800MB and I have been finding a way to reduce it, but still don't understand what is taking up my space in my WhatsApp. It is taking space and it is not accounting for it.;It is taking space and it is not accounting for it.;0;1
iteration_5;Telegram;COMMUNICATION;66402769-8ff4-46d3-9360-9eea4bd9c7f2;0;Aug 26, 2022;1;f_130;I can't create group chat;I can't create group chat;0;1
iteration_5;MixNote NotePad Notes;PRODUCTIVITY;4739a383-7926-4808-8089-2c24ce6bb0f0;2;Nov 18, 2020;1;f_30;I had no problem with this app before. I had uninstalled it and installed it again and the cloud sync worked just fine. I reinstalled the app recently and now the cloud sync inst working. I had many notes saved it which I can't lose. How can I get them back? When I click cloud sync it shows domobile.notes.global.myapplication and contact the developer.;I reinstalled the app recently and now the cloud sync inst working.;0;1
iteration_6;Samsung Notes;PRODUCTIVITY;51f9b166-78b5-428c-95a0-52511f4bacbf;0;Jul 20, 2022;4;f_42;note organization and viewing modes are clumsy and time consuming;note organization and viewing modes are clumsy and time consuming;0;1
iteration_6;Messages;COMMUNICATION;cd5d2c0b-ec6c-49fb-9ce8-0717cb8ed8f3;1;Sep 14, 2022;3;f_120;The last couple of days the app hasn't let me receive messages from some of my contacts. It's really starting to effect some of my relationships considering that my work contacts me a lot through text messaging;It's really starting to effect some of my relationships considering that my work contacts me a lot through text messaging;0;1
iteration_6;Messages;COMMUNICATION;e8964209-747e-4bd7-80de-30ea9ec4079e;0;Sep 14, 2022;1;f_174;I am unable to use the Chat feature;I am unable to use the Chat feature;0;1
iteration_6;Facebook Lite;SOCIAL;e19b85da-a542-4e75-a9fa-bd4a46214803;0;Sep 12, 2022;1;f_331;I am using Facebook lite but i have a problem in facebook my new account has not logging logging error problem show i am open my pc and try facebook login facebook pc login. Fix tha problem on Android;I am using Facebook lite but i have a problem in facebook my new account has not logging logging error problem show i am open my pc and try facebook login facebook pc login.;0;1
iteration_6;Always On AMOLED;PERSONALIZATION;5e5d47f0-df59-4209-974b-d6fe49439e9f;0;Jul 04, 2021;4;f_60;The notification icons are getting the text color regardless of selecting the app color option in the settings. Please fix this;The notification icons are getting the text color regardless of selecting the app color option in the settings.;0;1
iteration_6;Clock;TOOLS;cbea2259-746b-4dab-9509-c71f3e1a0611;0;Jul 25, 2022;1;f_236;Add Analog option for Miui 13 based on Android 12 Can not add analog clock widget...it does not show in widget menu... only digital and stacked option are available...;Add Analog option for Miui 13 based on Android 12 Can not add analog clock widget...it does not show in widget menu... only digital and stacked option are available...;0;1
iteration_6;Steam Chat;COMMUNICATION;3875267f-cceb-476e-9fd6-e04fcb5b49e3;1;Jan 03, 2022;2;f_85;Has no basic Android built in sharing option between this app and another app. You can't share videos, just pictures downloaded on your device. Videos posted on chats do not have sound, full screen does not work. For an app focused for social features and messaging it has barely anything here.;You can't share videos, just pictures downloaded on your device.;0;1
iteration_6;Todoist: to-do list & planner;PRODUCTIVITY;6ecc00be-e3b2-48a1-bffe-0393ef0b2b59;2;Mar 17, 2022;4;f_110;"Good overall. I'd love to be in able to change which time of the day marks the change between ""Today"" and ""Tomorrow"". I go to sleep past midnight, so it means my todo list shows lots of recurring tasks for ""today"" that are actually meant for tomorrow. It'd be much nicer to be able to go to sleep with an emtpy list.";"I go to sleep past midnight, so it means my todo list shows lots of recurring tasks for ""today"" that are actually meant for tomorrow.";0;1
iteration_6;Todoist: to-do list & planner;PRODUCTIVITY;5b272f1c-d040-4dc0-894c-744bf43f98a6;2;Jun 21, 2022;3;f_110;Useful but flawed - biggest issue for me is adding subtasks to recurring tasks. If I mark the subtasks done in January, they are still marked as done when the main task comes around again in Feb. Having checked the help centre, this appears to be intended functionality and can be worked around, but it's really not practical to do so when you have a lot of subtasks;Having checked the help centre, this appears to be intended functionality and can be worked around, but it's really not practical to do so when you have a lot of subtasks;0;1
iteration_6;Prioritize Me! - Goals & Todos;PRODUCTIVITY;4c4c2c83-56bf-47c7-a59f-b9d8d109a6df;0;Nov 05, 2014;4;f_502;The only thing I would like changed in my usage so far is the ability to drag and drop items rather than going through the whole priority process again when you just want to add one item. Other than that solid app, will be using it a lot in future I think.;The only thing I would like changed in my usage so far is the ability to drag and drop items rather than going through the whole priority process again when you just want to add one item.;0;1
iteration_6;Telegram X;SOCIAL;633a29fe-e7b0-4bc3-abd6-ceaf3176ad4d;0;Aug 08, 2022;5;f_339;My name is Joseph and I request you humbly to let my number continue working and accessing telegram because I use it to study and last night I missed lessons because of that problem. My number was banned from accessing telegram and I don't know why but I'm begging to open it. I will have to follow the guidelines and policies please it's a very good app and I really like it. It's so fast and saves data buy please help me .;My name is Joseph and I request you humbly to let my number continue working and accessing telegram because I use it to study and last night I missed lessons because of that problem.;0;1
iteration_6;True Phone Dialer & Contacts;COMMUNICATION;b039b550-6bc8-4736-8843-5c47135ae0f6;0;Apr 02, 2022;3;f_129;Direct Video calling feature not available;Direct Video calling feature not available;0;1
iteration_6;minimalist phone: Productivity;PRODUCTIVITY;8827b047-4445-498c-8e4c-1e111cb559c3;1;Aug 28, 2022;3;f_126;Amazing idea, sadly i cant use it on my Huawei P30 lite. It says to go to apps - > launcher and such but doesnt work for me. It only makes me choose if i want to manage it automatically or manually Sad looked really cool and could have used it quite good;It says to go to apps - > launcher and such but doesnt work for me.;0;1
iteration_6;Phone by Google;TOOLS;477d444c-4e80-425c-9d31-e9fb888befb4;0;Sep 10, 2022;1;f_129;In this new update video calling and floating app issue.;In this new update video calling and floating app issue.;0;1
iteration_6;MAPS.ME: Offline maps GPS Nav;TRAVEL_AND_LOCAL;6b9f0ac1-b87e-43ed-85bf-2ade8948545f;0;Sep 16, 2022;1;f_252;2022: the latest update completely broke bookmarks. Newlines show as raw html entities, cannot add newlines when editing, cannot click links. Developer ignores email. 2017: 1) Doesn't store data in the proper per-app path. 2) Navigation breaks if you turn off the screen. 3) Compass/arrow doesn't indicate correct orientation while navigating (can't tell which way you're facing without stopping nav). 2020: Three years after reporting both here & on GitHub, no progress made on any of these issues.;2022: the latest update completely broke bookmarks.;0;1
iteration_6;Magic Earth Navigation & Maps;MAPS_AND_NAVIGATION;3dd5cefa-8729-4067-8027-a9990be9d7e0;4;Jun 27, 2022;5;f_240;I use this app for delivery driving. The main positives are that it has a clean, fast and simple user interface. It uses openstreetmaps which are excellent and you can download entire countries onto your phone. I also find it's estimation of your heading to be more stable than gmaps or Waze. The routing and traffic information is not as good as Waze simply because they have as many users to collect data off. I recommend this app as an offline backup or 4 when you don't need the best routing.;The routing and traffic information is not as good as Waze simply because they have as many users to collect data off.;0;1
iteration_6;Evernote - Note Organizer;PRODUCTIVITY;54685455-99e3-409b-8ed7-5f3281205e59;4;Sep 14, 2022;4;f_73;Love the features and UI design of this app. Very comfortable to take notes in and they offer plenty of deals on premium throughout the year. Personally do not need more than 2 device at the moment but I can see the utility. If I had to improve anything it would be compatability and sharing functions, not horrible but I feel that the exclusivity of the app forces you to jump through hoops to use these. Large file transfers can be time consuming.;Large file transfers can be time consuming.;0;1
iteration_6;WhatsApp Messenger;COMMUNICATION;786f7853-438f-4d21-9232-8f329228e6cb;0;Sep 14, 2022;4;f_47;Voice message isn't working;Voice message isn't working;0;1
iteration_6;Pomodoro Timer;PRODUCTIVITY;52f1bcea-b271-4f6a-9a41-01105e90c5cb;2;Apr 19, 2022;4;f_68;Really nice. Minimalistic. The breaks start without alarm sound though.;The breaks start without alarm sound though.;0;1
iteration_6;Clock;TOOLS;9d719d7c-a8d0-4d51-86c1-a9424ca3edd0;0;Jul 25, 2022;1;f_237;Can't set alarm past a week.;Can't set alarm past a week.;0;1
iteration_6;Status Saver - Video Download;PRODUCTIVITY;54c84584-4db8-406d-a0b1-7b7ffa5f3ec0;0;Jun 18, 2022;1;f_106;Ads, ads,ads,ads bhikhari sale;Ads, ads,ads,ads bhikhari sale;0;1
iteration_6;Google Maps Go;TRAVEL_AND_LOCAL;9dec0a91-4184-429b-9f3a-84502ab23eeb;0;May 10, 2022;3;f_126;App launcher icon does not appear correctly. I can use the app but the icon just shows a default green Android icon instead of the actual Maps Lite icon on Android 7.;App launcher icon does not appear correctly.;0;1
iteration_6;Pomodoro Timer;PRODUCTIVITY;6492cbd5-9303-4345-aba6-c1256c5b05fe;0;Sep 15, 2022;1;f_60;Might have been OK, but it insists on running whether I want it to or not, and ALWAYS displays a notification telling me it's ready to use. There's no way to clear the notification. I don't need an app crying wolf at me all the time. Uninstalled.;Might have been OK, but it insists on running whether I want it to or not, and ALWAYS displays a notification telling me it's ready to use.;0;1
iteration_6;Weather data & microclimate :;WEATHER;a92eea57-3453-448e-8b63-5323457c6ec9;0;Sep 04, 2022;2;f_241;It says try sgain later too many times and they push scam AGW propaganda with the so called science blog! I deleted the app. Sad that other parts are good.;It says try sgain later too many times and they push scam AGW propaganda with the so called science blog!;0;1
iteration_6;Speech Services by Google;TOOLS;636b0bab-efde-432b-9712-5bcfb3805da6;0;Sep 09, 2022;1;f_402;never get text to speech it's working right now I'm quite shocked but it's always something the wrong words and it's always in the wrong language it's always transcribing against me it's always doing what it wants to do when I'm not doing it so please fix this to legit version certified protected don't update automatically ever thank you besides you know right now and my favor for the Google app store version protected certified only.;never get text to speech it's working right now I'm quite shocked but it's always something the wrong words and it's always in the wrong language it's always transcribing against me it's always doing what it wants to do when I'm not doing it so please fix this to legit version certified protected don't update automatically ever thank you besides you know right now and my favor for the Google app store version protected certified only.;0;1
iteration_6;Clock;TOOLS;82679cf1-a05c-4b69-bfec-4a5648a7416e;0;Jun 28, 2022;1;f_237;The alarm most of the times does not make sound but only vibrates. Having this issue since couple of months now.;The alarm most of the times does not make sound but only vibrates.;0;1
iteration_6;MAPS.ME: Offline maps GPS Nav;TRAVEL_AND_LOCAL;357861df-b652-4ae1-b99b-c1838a25c070;0;Aug 07, 2022;1;f_26;"Until July 2022 Maps.me was the best GPS navigation tool. It worked off line, enabled places to be ""saved"" and was easy to use. The ""upgrade"" in July 2022 seems to have removed the ability to determine location when off-line and the 'search' function no-longer works. The App no longer meets my needs. Can we have the old version back please.";Until July 2022 Maps.me was the best GPS navigation tool.;0;1
iteration_6;OnePlus Weather;WEATHER;573324ab-17b9-422f-a4d5-030840f28f3c;0;Apr 17, 2022;1;f_164;Current location not showing gps on...;Current location not showing gps on...;0;1
iteration_6;Sticker maker;TOOLS;b3589ba5-46cf-4e1c-80d7-8d8a48d7749c;2;Jun 03, 2022;2;f_32;I really like this app. I love creating my own stickers, but since this morning i couldnt use any of my stickers because there seems to be a bug. I click on the emoji options, then stickers and my whole app just closes by itself only because of the sticker maker app. Its sad. Please fix this bug.;I click on the emoji options, then stickers and my whole app just closes by itself only because of the sticker maker app.;0;1
iteration_7;Clock;TOOLS;abb3a587-f158-480f-a789-751e13160216;0;Jun 28, 2022;2;f_237;Alarm doesn't sound even though it should. Timer beeps, but set alarms go silent.;Alarm doesn't sound even though it should.;0;1
iteration_7;Weather data & microclimate :;WEATHER;3c18ada5-7ce0-429c-a076-54027d4c132b;1;Aug 19, 2022;1;f_472;Something bad happened. Radar is beyond inconsistent. Every time I activate the radar it gives me a random time frame. Sometimes it's only the last 5 minute, sometimes it's from the beginning of the day in 4 hour increments.;Radar is beyond inconsistent.;0;1
iteration_7;Strava: Run, Ride, Hike;HEALTH_AND_FITNESS;8b3f5c8b-0117-42a3-9a9b-7d7820ccb1b8;0;Sep 05, 2022;2;f_403;The only thing it offers different or better than Samsung health cycling or the Samsung health app is the Watts.. who cares. In the Samsung health app gives you some more information than this app does for a lot of the exercises like cycling. AND THE SAMSUNG HEALTH APP IS FREE!! NOT PAYING $69 A YEAR SORRY!! Try the Samsung health app you'll love it.. Not to mention it got rated much higher than Strava in reviews. 88 points for Samsung health only 54 for strava..;The only thing it offers different or better than Samsung health cycling or the Samsung health app is the Watts.. who cares.;0;1
iteration_7;Calendar Event Reminder;PRODUCTIVITY;c86d1b8d-64bb-4239-80a1-9152b078ce8d;5;Sep 14, 2021;1;f_237;"Unreliable. Paid version, 2-4mo use. Missed alarms intermittently. I have ouble checked battery optimization on my Pixel 3, and this app and pro version are both ""Not Optimized"". Yet sometimes it doesn't go off. I missed an important early meeting and I've watched a notification popup without alarm while using my phone. Features missing: Needs keyword exclusions, longer alarm times, logs ...";I missed an important early meeting and I've watched a notification popup without alarm while using my phone.;0;1
iteration_7;OnePlus Health;TOOLS;601c451a-1b81-4b86-8617-0fbfd0fd54de;0;Jul 03, 2022;1;f_183;It shows steps in mobile app notification but not in app when we open it.;It shows steps in mobile app notification but not in app when we open it.;0;1
iteration_7;Telegram;COMMUNICATION;a715ce44-92ce-491e-b707-3e6b9991bc6c;0;Sep 03, 2022;1;f_74;Secret chat immages don't show up just a blank screen or if you just set timers they are all blurred;Secret chat immages don't show up just a blank screen or if you just set timers they are all blurred;0;1
iteration_7;Daybook - Diary, Journal, Note;LIFESTYLE;ddb188d5-61ec-4ca0-ab1d-519d72e1f355;0;Jul 19, 2022;1;f_262;Unfortunately pretty much all of the features including tagging are hidden behind premium;Unfortunately pretty much all of the features including tagging are hidden behind premium;0;1
iteration_7;Weather & Clock Widget;WEATHER;7d990e96-356f-46de-bad2-6d45cbcda1eb;1;Apr 17, 2022;5;f_236;Update... Just upgraded to a new S22 Ultra and seem to have lost the ability to show 12 hour format (zero appears as first digit) on the large clock widget. Any suggestions?;Just upgraded to a new S22 Ultra and seem to have lost the ability to show 12 hour format (zero appears as first digit) on the large clock widget.;0;1
iteration_7;MixNote NotePad Notes;PRODUCTIVITY;eeb34aa7-ba1e-45a2-aafd-f50f187450ae;0;Jun 15, 2021;1;f_30;Okay the cloud sync was atleast working before , but now it barely functions. You can not choose your backup location so basically you will HAVE TO deal with the fact that all your data is going to be lost for ever if you plan to format phone, uninstall the app or even migrate to a new device.;Okay the cloud sync was atleast working before , but now it barely functions.;0;1
iteration_7;Kik — Messaging & Chat App;COMMUNICATION;d01a4e60-2be6-4093-b86a-a9ba0b401a6b;0;Aug 30, 2022;1;f_220;"I haven't been able to use the meet new people or group functions for a few weeks, when I went to support I couldn't find a category to help me and contacting support only showed me options that weren't fitting of what issues I've had. Contact support usually means contacting support, not sending an automated message saying that ""no further action will be taken""";I haven't been able to use the meet new people or group functions for a few weeks, when I went to support I couldn't find a category to help me and contacting support only showed me options that weren't fitting of what issues I've had.;0;1
iteration_7;Fitbit;HEALTH_AND_FITNESS;ee9a1de5-ba56-4a76-8d43-97ddac4d8dbb;1;Sep 14, 2022;1;f_278;It is a shame I can't remove the only star I gave it last time. A lot of synchronization issues still when it is supposed to be a seamless process. Very poor performance.;A lot of synchronization issues still when it is supposed to be a seamless process.;0;1
iteration_7;SMS Organizer;COMMUNICATION;6d0c82b4-df7c-466e-95bd-f09205c6ee1b;0;Sep 10, 2022;4;f_118;Why I don't get notifications on app also like other messaging apps.;Why I don't get notifications on app also like other messaging apps.;0;1
iteration_7;Weather;WEATHER;615612a5-0e7e-4032-9512-1d944cddf1fe;2;Sep 29, 2021;3;f_472;A clean simple app. Tells you all you really need. Radar needs a little work, seems to think I'm in another state.;Radar needs a little work, seems to think I'm in another state.;0;1
iteration_7;MAPS.ME: Offline maps GPS Nav;TRAVEL_AND_LOCAL;708b60b8-f4e2-452a-a28f-9788436ca34a;3;Jul 07, 2022;1;f_252;My app updated Jul 3, 2022. The update eliminated how I use the app. I can no longer turn a single bookmark-route on and off. The only option is to turn on ALL the bookmarked routes. This is useless. It was a great app. I'm now looking for something to replace it.;The only option is to turn on ALL the bookmarked routes.;0;1
iteration_7;Whats Web for Whatsapp;COMMUNICATION;f852a5af-00ad-4ef9-a296-f8dcf6135b6a;0;Apr 24, 2022;3;f_331;Please resolve logging out issue. Device logout automatically;Please resolve logging out issue.;0;1
iteration_7;True Phone Dialer & Contacts;COMMUNICATION;8d1aaf7f-4782-4882-bcec-fd6fd546beff;3;May 06, 2022;3;f_215;This App is Excellent but there is a bug in Auto Call Recording function . It has Really cool features and All the functions are working smoothly. Except Call Recording. For call recording After Turning it ON From Accessibility it keep asking to turn it ON again in the next call. This is really annoying for me. I have purchased this app but now I can't use call recording because of this bug. Please Fix this bug.;For call recording After Turning it ON From Accessibility it keep asking to turn it ON again in the next call.;0;1
iteration_7;Weather Radar Pro—Weather Live;WEATHER;3a3d7d78-76e9-4598-a649-5dae7bb89084;2;Feb 01, 2022;1;f_160;Update 02/01/2022. Temperature readings are often off, sometimes as much as 7 degrees. Real-time reports of weather conditions (rain and snow) for my part of the state leave me scratching my head because of the discrepancy between what the app is reporting and what is actually occurring at the moment. I've used this app now long enough to know not to count on it.;Real-time reports of weather conditions (rain and snow) for my part of the state leave me scratching my head because of the discrepancy between what the app is reporting and what is actually occurring at the moment.;0;1
iteration_7;Huawei Health;HEALTH_AND_FITNESS;baefc1e3-d9c1-4ec7-8fa4-abc3daa5472c;2;Nov 11, 2021;1;f_278;After some updates I can not login to my Huawei account. Everything on profile screen is un-clickable . So synchronization with my honor band is bad, instead of Celsius I see Fahrenheit on my watch. Please, fix these bugs, as soon as possible. Samsung A71, Android 11;So synchronization with my honor band is bad, instead of Celsius I see Fahrenheit on my watch.;0;1
iteration_7;Clock;TOOLS;bf238ea4-aaf9-41d2-8460-9a7c19a5ff10;1;Aug 19, 2022;1;f_121;"Feedback for google: I had a problem, while in a meeting i was expecting the alarm to play the sound i put because it is really high volume, but for some reasons, the alarm seems to depend on the volume of the meeting (call volume), *beeping* differently and really low volume. I would prefer an option to play the sound i selected even in a meeting and also that the volume depens on the ""alarm volume"" not the ""call volume"" while in meetings / calls";"I would prefer an option to play the sound i selected even in a meeting and also that the volume depens on the ""alarm volume"" not the ""call volume"" while in meetings / calls";0;1
iteration_7;MixNote NotePad Notes;PRODUCTIVITY;b2d83d1d-5325-4a7c-8723-5448f5da38a2;0;Jan 10, 2021;3;f_30;The cloud sync option doesn't work after few days.Solve this problem.;The cloud sync option doesn't work after few days.;0;1
iteration_7;Lifesize Video Conferencing;COMMUNICATION;887fd19d-69b6-4837-93c4-c6bc2a69a4f1;0;Oct 13, 2021;1;f_121;App randomly dropped out on a meeting and wouldn't reconnect at all.;App randomly dropped out on a meeting and wouldn't reconnect at all.;0;1
iteration_8;Play Services Info (Update);TOOLS;97aa3a86-d5bc-4b26-84e2-4b5c37143dd0;0;Jun 28, 2021;2;f_259;Will this app fix broken hyperlinks issue?;Will this app fix broken hyperlinks issue?;0;1
iteration_8;Messenger;COMMUNICATION;3bc87987-0185-410f-8ce4-09368798ffad;0;Sep 15, 2022;1;f_174;Chat head problem, working slow,call connection problem and so many others problem now showing on messenger;Chat head problem, working slow,call connection problem and so many others problem now showing on messenger;0;1
iteration_8;OnePlus Health;TOOLS;685e516f-7c22-4b50-86b3-c8066993460b;0;Feb 13, 2022;3;f_164;The outdoor cycling work out mode does not work at all. I was told it would be fixed in the last release. Update: it works if you wait up to 5 minutes for gps lock and for to turn green.;The outdoor cycling work out mode does not work at all.;0;1
iteration_8;adidas Running: Sports Tracker;HEALTH_AND_FITNESS;ac1a5e1d-d69e-421b-963b-6150696f6954;2;Jul 02, 2022;1;f_409;Every time I've used the app for the last 2-3 months it has lost the GPS signal and not tracked my miles. I've tried turning on mobile data and not, hasn't helped. I know it's not my phone or my network because I don't lose GPS signal when using it for driving directions.;I know it's not my phone or my network because I don't lose GPS signal when using it for driving directions.;0;1
iteration_8;Garmin Smartphone Link;TRAVEL_AND_LOCAL;87a0be48-af60-43b7-85bb-8bf115a5e899;5;Feb 22, 2020;1;f_180;RUBBISH. Sort of connects to 51lmt-d but then when it feels like it,it shows a text . As for smart features part (Smartphone link) just says connecting left for ages and still failed . What's going on I just brought the sat nav for these features and they DON'T work . Emailed support through website no reply. Let's wake up and get the support team working. So so disappointed . First time garmin sat nav buyer will NOT be recommending Garmin to anyone now. LETS GET IT WORKING ?????????;Let's wake up and get the support team working.;0;1
iteration_8;Instagram;SOCIAL;31a06d94-a1e4-4b60-9ee3-7c85ef4fa1d5;4;Sep 14, 2022;1;f_417;With fast wifi it's still slow when loading music for stories, watching feed, and basically everything else. It's like this on all my devices. It's amazing how the biggest companies can make the worst things. There is so many things that can be fixed. Not only that, watching videos just randomly stops playing and you have to refresh the video like 3 times for it to play.;Not only that, watching videos just randomly stops playing and you have to refresh the video like 3 times for it to play.;0;1
iteration_8;SMS Backup+;TOOLS;8d8d73f2-d085-4038-8b29-3f7078203718;0;Aug 19, 2019;2;f_235;sadly, as of July, 2019, SMS+ can no longer access gmail or backup SMS messages to Gmail, as Google has ordered new privacy updates. so this sucks.;sadly, as of July, 2019, SMS+ can no longer access gmail or backup SMS messages to Gmail, as Google has ordered new privacy updates.;0;1
iteration_8;Telegram;COMMUNICATION;dcb4b98b-8f6e-4a1f-b16f-783a5a9ba13d;0;Sep 01, 2022;2;f_34;Telegram is no more as it used to be. It crashes frequently. It loads slowly. Voice call has become irritating.;Telegram is no more as it used to be.;0;1
iteration_8;Instagram;SOCIAL;73136345-19ca-4214-b2d1-bc0d5315fb69;1;Sep 13, 2022;5;f_419;No word for Instagram it's amazing application I like it ❣️ But my account is eligible for monetization 😥;But my account is eligible for monetization 😥;0;1
iteration_8;Clock;TOOLS;a6062383-485c-46c7-97c5-0f024549c34d;1;Jun 21, 2022;1;f_237;Update: Now alarms won't shut off unless I delete it. Alarms don't work after Android update. Will not sound or vibrate unless you open the app.;Alarms don't work after Android update.;0;1
iteration_8;Todoist: to-do list & planner;PRODUCTIVITY;5e26407e-adfc-4266-84e8-668034701042;3;Mar 01, 2022;1;f_497;I used the app for about 3 days before realizing it wasn't a good fit for me. I wanted to use the widget more than the app itself, but I was frustrated with the way recurring events and subtasks work. I even checked reddit and online for a solution, but without success. Instead of listing subtasks as same priority as the parent task during scheduling, I wanted things to remain nested and recurring. After attempting to make things work, I gave up and tried TickTick instead, which has been better!;Instead of listing subtasks as same priority as the parent task during scheduling, I wanted things to remain nested and recurring.;0;1
iteration_8;SMS Backup+;TOOLS;c57e87a0-5ff6-47eb-9011-bdd667d559f4;0;Feb 15, 2022;3;f_120;This used to work really great for me much better than Verizon cloud and other text messaging for storage but now something's wrong where Gmail won't allow it, does anyone have help or advice for this;This used to work really great for me much better than Verizon cloud and other text messaging for storage but now something's wrong where Gmail won't allow it, does anyone have help or advice for this;0;1
iteration_8;Instagram;SOCIAL;8a28c0c9-a151-44ef-9cd4-f9430ddf3761;0;Sep 14, 2022;5;f_235;There should be a better way of communication because of the way privacy is disregarded quite clearly.;There should be a better way of communication because of the way privacy is disregarded quite clearly.;0;1
iteration_8;Focus To-Do: Pomodoro & Tasks;PRODUCTIVITY;c86ddda2-5c86-4c54-a47e-f67b77a1f984;0;Aug 17, 2022;4;f_233;It is the best application that I use, but unfortunately there is no setting for transparency in the widget section, I think the To-do application works better in this case.;It is the best application that I use, but unfortunately there is no setting for transparency in the widget section, I think the To-do application works better in this case.;0;1
iteration_8;Gmail;COMMUNICATION;5c9414a3-4f07-4801-b013-a5d917dd6444;3;Sep 14, 2022;2;f_104;Good because it's connected to my Google stuff. Horrible because there is no select all function. A simple function that exists in all major email apps except Gmail. The fact that one has to login on the desktop app to do this is asinine.;The fact that one has to login on the desktop app to do this is asinine.;0;1
iteration_8;Microsoft Translator;PRODUCTIVITY;c87a0140-d0c3-4462-b67c-199de3813e83;0;Sep 15, 2022;5;f_15;Rare translator functionality compared to other apps. I find it very useful for doing English to Cantonese translation and vice versa to hear how words are pronounced. Or written Chinese to spoken Words.;Rare translator functionality compared to other apps.;0;1
iteration_8;Steam Chat;COMMUNICATION;cd7b1347-54c0-4118-9f97-6ec2e1146131;5;Aug 05, 2021;1;f_117;I don't write reviews here often but I feel compelled to do so for this. This app is just bug after bug, it's barely useable. First, the app crashed at random points when you tried to send a message. Now that seems to be fixed. So what's next? * Duplicating messages * Connection issues * Message synchronization issues Stick with the Steam app.;* Duplicating messages * Connection issues * Message synchronization issues Stick with the Steam app.;0;1
iteration_8;Clock;TOOLS;54ac1b6d-3b7a-4241-a57e-8315edfcb912;1;Aug 29, 2022;1;f_236;Android 13 update: So is this clock widget ever going to be fixed? Alarm clock still doesn't show at the top of the screen whenever enabled. Can't be that hard to fix.;Alarm clock still doesn't show at the top of the screen whenever enabled.;0;1
iteration_8;Telegram;COMMUNICATION;78ba50a8-820a-4784-9c21-c75858875b2f;0;Aug 23, 2022;1;f_129;Poor video calling pictures and voice are not cleared;Poor video calling pictures and voice are not cleared;0;1
iteration_8;Boosted Time Tracker;PRODUCTIVITY;c405cfd6-2b61-4988-b772-76cf0aa515d6;0;Jun 29, 2021;2;f_64;It wasn't what I needed and I absolutely HATE that they don't even tell you the timers are for premium memberships only. Don't get this, I know it has an award, but it's really bad.;It wasn't what I needed and I absolutely HATE that they don't even tell you the timers are for premium memberships only.;0;1
iteration_8;Gmail;COMMUNICATION;4b7db292-3c79-4308-b4dd-d082a5b4702d;3;Sep 12, 2022;1;f_2;App Only works if android web viewer is enabled. Also seems entangled with enterprise GWS mail login services rather than personal Gmail account. (references heavily outdated web service calls/redirects and various compiler sorceries) Worth mentioning I have 2 versions of my one pixel 6 pro device listed on play store, cannot remove just one without removing both. I can only access stuff installed on one device. Seems something is objectively broken with googles internal account services.;(references heavily outdated web service calls/redirects and various compiler sorceries);0;1
iteration_8;Galaxy Wearable (Samsung Gear);TOOLS;2fe80532-6c51-49c4-ae33-7bc89310853e;0;Sep 11, 2022;1;f_410;After latest security update and GPS fix my watch stopped reading my heart rate and not recording track when running. NEVER UPDATE!;After latest security update and GPS fix my watch stopped reading my heart rate and not recording track when running.;0;1
iteration_8;Clock;TOOLS;f5f08b6a-645c-4532-8996-b2e02016b36d;2;Aug 04, 2022;1;f_237;Used to work fine. The interface gets worse with every update. Now I need to reboot the phone just to turn off the alarm.;Now I need to reboot the phone just to turn off the alarm.;0;1
iteration_8;Messenger;COMMUNICATION;42ae0da9-200b-42c3-aad8-50bd49c4f00e;0;Sep 13, 2022;1;f_130;Hello messenger why i cannot send messages in group chat??? I have my lesson in there!!! I cannot reply to the messeges of my teacher.;Hello messenger why i cannot send messages in group chat???;0;1
iteration_8;GTasks: Todo List & Task List;PRODUCTIVITY;42ce6a3d-4c73-4425-ba54-cca503865c75;1;Mar 10, 2022;1;f_140;After OS update, repeatedly, the widget will not load :-( . I rely on this app and it's messing with my workflow :-(;After OS update, repeatedly, the widget will not load :-( . I rely on this app and it's messing with my workflow :-(;0;1
iteration_8;Severe Weather Alerts;WEATHER;4311168a-05e3-4ed2-b954-cd9865567d29;0;Dec 13, 2021;2;f_52;"Despite being set to play a ""blaring"" alarm in emergency situations, this app stayed completely silent while I was in the direct path of major tornados and extreme storms on the night of december 10th. Silent push notifications were all I got. Genuienly considering legal action. Phone was not silenced nor on do-not-disturb. Downloaded this app as a layer of comfort and went to sleep assuming it would be there for me. Thank God I have a roommate whose app actually alerted him outloud!";"Despite being set to play a ""blaring"" alarm in emergency situations, this app stayed completely silent while I was in the direct path of major tornados and extreme storms on the night of december 10th.";0;1
iteration_8;Sticker maker;TOOLS;2d97d682-b669-4cd9-817a-0c2508765326;0;Jun 03, 2022;1;f_32;stickers can't be added, there is some problem;stickers can't be added, there is some problem;0;1
iteration_8;Messenger;COMMUNICATION;62caeadd-b5e6-4148-af43-7426e3abb1ef;0;Sep 13, 2022;3;f_85;Isn't working well lately, not letting me share video!! Having same problem today! 7/28/2022! Today and yesterday can't send messages to my daughter! Trying to see if an update of the app will help! 9/13/2022;Isn't working well lately, not letting me share video!!;0;1
iteration_9;GTasks: Todo List & Task List;PRODUCTIVITY;e39a7acc-9836-4fe1-8dc1-bf76c88866bd;1;Sep 10, 2020;1;f_257;paid for this app and now they added ads to it anyway. now it doesnt sync across devices AND you get ads to despite paying for it... if i could rate this app lower i would.. they have since increased the ads on it.. TERRBLE COMPANY!;now it doesnt sync across devices AND you get ads to despite paying for it... if i could rate this app lower i would.. they have since increased the ads on it..;0;1
iteration_9;Geometric Weather;WEATHER;8d78cf2d-e072-4b77-ba7b-7413226f356c;3;Jun 03, 2022;3;f_472;I like the way it looks and feels. Not a bunch of clutter. I would use it as my regular weather app (and even pay a small on time fee for it). Except for 1 thing is missing - there is no Radar! So I have to now install another app to get a radar. So I might as well just use a single different weather app instead of 2 apps. If this app had a decent radar, I would use it and give it 5 stars.;Except for 1 thing is missing - there is no Radar!;0;1
iteration_9;Note Plus - Notepad, Checklist;PRODUCTIVITY;6a61cecd-7902-4620-b938-e4ae16e9ca40;8;Aug 18, 2022;2;f_247;"I got here through pop up in the app ""will you give us 5 stars"" it said. I WOULD have given 5 stars! I WAS a great app!! Functionally it still is a great app. What changed? The ads! I had this app with out ads and it was awesome simple smooth easy loved it made sure to get THIS one on my various replacement phones I liked it so much. But now, not smooth at all, ads for every action! Load in ad understandable, writing a note/checklist navigate away ad, switch from one note to another ad.";Load in ad understandable, writing a note/checklist navigate away ad, switch from one note to another ad.;0;1
iteration_9;Telegram;COMMUNICATION;dbe4ea5a-411f-4d9c-9ca1-31b65665a266;2;Aug 22, 2022;5;f_54;Love this App and wish that everyone around me can start using this more than What's app. Super handy and I love all the functions and privacy settings even the fact that you can connect to people around you if you choose to I love it! One downfall my notifications doesn't always come through when I receive a message if I don't go in everyday if that could get fixed I have no complaints;One downfall my notifications doesn't always come through when I receive a message if I don't go in everyday if that could get fixed I have no complaints;0;1
iteration_9;Telegram X;SOCIAL;46391414-8239-44cd-9ecd-67b40b87170d;0;Jul 30, 2022;1;f_339;From the last 30 days I am facing some serious problem with telegram, not even a single document is downloading, I have tried many ways to fix this problem but no progress.. anyone plz tell me how to fix this;From the last 30 days I am facing some serious problem with telegram, not even a single document is downloading, I have tried many ways to fix this problem but no progress.. anyone plz tell me how to fix this;0;1
iteration_9;Clock;TOOLS;7c509bd5-d155-449b-96c7-1339a15c0981;0;Sep 02, 2022;1;f_236;No World Clock widget? Why is the tablet version different to the phone version?;No World Clock widget?;0;1
iteration_9;Immediate Contact Transfer;TOOLS;fd68e4d1-3d21-45f5-8f0c-bf477787fd8a;1;Oct 26, 2020;1;f_330;Paid 55rs for the subscription but it was not done and they debited money. No subscription activated yet and sent email to the app developer email address but no response.;No subscription activated yet and sent email to the app developer email address but no response.;0;1
iteration_9;Strava: Run, Ride, Hike;HEALTH_AND_FITNESS;ad5a9b60-3c80-46a8-bace-2cf50baf0289;1;Jul 14, 2022;1;f_416;Extremely poor optimization even for latest devices. Have you even tested the video upload feature? It looks like all the processing is made on the client side. I wonder how Google accepted this. The whole device just hangs and it's not possible to do anything. Pixel 6 with the latest updates;Have you even tested the video upload feature?;0;1
iteration_9;Social Contact Photo Sync;SOCIAL;e5f20739-166a-4e28-84d4-a9a573722132;2;Jul 26, 2017;1;f_189;The persistent notification stuff unless is ridiculous. Just use ads like everyone else.  Also, the app now will randomly sync contacts. On its own. Even after you tell it not to.;Also, the app now will randomly sync contacts.;0;1
iteration_9;To Do Reminder with Alarm;PRODUCTIVITY;76424cfd-202f-4117-b865-d43c860641f8;4;Jul 08, 2022;4;f_497;Great! I installed like 15 apps and nothing allows you to snooze tasks and this app does it even in more intuitive way. I tried too many like AnyDo, etc. 1.) Please add quick snooze in list view. 2.) features like subtasks and auto move missing that are in 'My Daily Planner' 3.) Please add unique sounds for different reminders. 4.) Please add ascending ring tones. 5.) Cannot move tasks up and down 🙏 Thank you;2.) features like subtasks and auto move missing that are in 'My Daily Planner' 3.);0;1
iteration_9;MixNote NotePad Notes;PRODUCTIVITY;ab3a4f97-68fe-4bf4-ba9c-398fc886b1fb;2;Oct 19, 2017;3;f_482;good app, but it doesn't show links copied.it shows them as text not as links. also we don't know where the lpcked files are...it should have its own encryption rather than using app lock.;also we don't know where the lpcked files are...it should have its own encryption rather than using app lock.;0;1
iteration_9;To Do Reminder with Alarm;PRODUCTIVITY;6376096a-a499-47cd-b4cc-18714ade4e80;0;Apr 16, 2022;2;f_237;The alarm has never rung on my phone neither has it pop up any notification. When I open it then it shows series of missed reminders which defeats the purpose. It's like picking up a stick after the snake has escaped.;The alarm has never rung on my phone neither has it pop up any notification.;0;1
iteration_9;Garmin Connect™;HEALTH_AND_FITNESS;d954f55f-8107-47e0-9cc2-8fb1d6948732;0;Sep 15, 2022;2;f_9;Sleep tracking is very inaccurate. I'll be up until at least 3am and the tracker/app will record that I was asleep from 11:30pm. Never had this problem with Fitbit.;Sleep tracking is very inaccurate.;0;1
iteration_9;Facebook Lite;SOCIAL;6f0e1a1d-c913-4af0-be6d-00716da41ec0;1;Sep 13, 2022;1;f_424;Not responding. I can't go back whenever I open comment section untill i clear the cache or restart my phone.;I can't go back whenever I open comment section untill i clear the cache or restart my phone.;0;1
iteration_9;Burner: 2nd Phone Number Line;COMMUNICATION;dc28cb5d-0f9d-490e-9b9f-7ccf8194221f;0;Aug 26, 2022;2;f_129;Won't ring no more when someone calls me . I've had this app for a long time now and it's not working right now. No notification at all I try forwarding and it says not network connection sound like this app is falling off big time . And they won't tend to put video calling in the app ... Ugh What's going on burner!!;Won't ring no more when someone calls me .;0;1
iteration_9;Telegram X;SOCIAL;7ed62098-ef9b-43cb-a97a-3cca8ea8322d;0;Jul 27, 2022;4;f_374;Proxy set from wifi settings doesn't work on this app.;Proxy set from wifi settings doesn't work on this app.;0;1
iteration_9;WhatsApp Messenger;COMMUNICATION;61d48611-2026-4811-99f7-13d8f25020b5;0;Sep 14, 2022;1;f_479;Need to improve on location for storage not depend on devices (dont use local storage);Need to improve on location for storage not depend on devices (dont use local storage);0;1
iteration_9;Telegram X;SOCIAL;b1ba2acd-bf20-4ba7-981e-c32ca830ccd4;1;Aug 02, 2022;2;f_228;Add voice chat on ground chat. Voice chat is missing on group chat.;Voice chat is missing on group chat.;0;1
iteration_9;True Phone Dialer & Contacts;COMMUNICATION;9b98c68f-0714-4e11-8c78-0746e7504bd8;0;Jul 21, 2021;1;f_117;Cannot find the message the caller left. There is no voice mail access;Cannot find the message the caller left.;0;1
iteration_9;Todoist: to-do list & planner;PRODUCTIVITY;94dd6361-150c-4e57-8e91-e732bcd6e2ea;1;Mar 10, 2022;3;f_109;It's ok. It needs a one-way Google calendar sync. I tried playing with the settings and accidentally ended up deleting all of my events for the year on the calendar which is very tedious to figure out what was missing and re-add. A simple one-way sync where the Google calendar events sync to Todoist and there are no permissions requesting to edit the Google calendar would fix this.;It needs a one-way Google calendar sync.;0;1
iteration_9;Telegram X;SOCIAL;9dddf4ec-91d6-4671-8984-6d473bdd1334;1;Aug 04, 2022;1;f_417;Whatever they did to the video player is absolute trash. Can hardly watch videos anymore. Just sit and wait forever for them to load.;Can hardly watch videos anymore.;0;1
iteration_9;Facebook Lite;SOCIAL;ca580866-4413-4506-b354-4d9923eed889;0;Sep 11, 2022;1;f_417;lite is ugly now when I open the lag right away and I can't watch videos or view myday since it updated, I uninstalled it several times but nothing I hope it goes well;lite is ugly now when I open the lag right away and I can't watch videos or view myday since it updated, I uninstalled it several times but nothing I hope it goes well;0;1
iteration_9;Boosted Time Tracker;PRODUCTIVITY;3559fca7-5358-4088-8e80-060f92def0e0;1;Jun 16, 2021;5;f_140;it is nice, but please add a timer option when starting a new record. its tedious to go to timer > add to project > start :( it breaks up my workflow;its tedious to go to timer > add to project > start :( it breaks up my workflow;0;1
iteration_9;Google Home;LIFESTYLE;53e7252e-30ce-4303-b788-7f74478ec202;0;Sep 13, 2022;2;f_144;Automation is hell;Automation is hell;0;1
iteration_9;WeChat;COMMUNICATION;827a9b9c-4bc2-448e-8cc1-f40e62eea995;1;Sep 09, 2022;2;f_384;It sucks... Less function, much memory usage...;Less function, much memory usage...;0;1
iteration_9;Steam Chat;COMMUNICATION;c9a712f6-52eb-472e-974d-28588a53a6af;0;Sep 08, 2021;3;f_46;How does an instant messaging app not allow you to zoom in when viewing images?;How does an instant messaging app not allow you to zoom in when viewing images?;0;1
iteration_9;Samsung Notes;PRODUCTIVITY;5c3617e1-0848-4675-8588-1fbf6c98ee94;1;Jul 16, 2022;4;f_104;best note taking app. only con is there is no desktop app to sync with. you can use one notes to sync but it doesn't let you edit the notes written in the notes app.;only con is there is no desktop app to sync with.;0;1
iteration_9;WhatsApp Messenger;COMMUNICATION;350016e4-7c95-4b1c-8528-229111b3729a;1;Sep 13, 2022;3;f_416;I think im going to give 3 stars bcaz if i have a full network Still the videos being uploading or downloading are too much time consuming. I mean to say videos upload or download is too much slow so i think this is my reason for giving it three stars caz my maximum work done by videos as i m a student;I mean to say videos upload or download is too much slow so i think this is my reason for giving it three stars caz my maximum work done by videos as i m a student;0;1
iteration_9;Telegram;COMMUNICATION;b3ddda30-3b58-46b4-ad26-1ae855d998bf;1;Sep 06, 2022;1;f_60;App is good. But I'm facing problem with notification of messages. I'm not getting notifications even I'm not muted that Contact. But sometimes I get notification but majority times not;But I'm facing problem with notification of messages.;0;1
iteration_9;True Phone Dialer & Contacts;COMMUNICATION;a0d99b97-c9bb-4d3e-bba7-784413bc5b89;0;Feb 06, 2022;3;f_215;Call recording is not working iam using Google dailar it's showing poor performance. Hence iam installed this app but Everthing is good only call recording is not working.;Call recording is not working iam using Google dailar it's showing poor performance.;0;1
iteration_10;TomTom Sports;HEALTH_AND_FITNESS;31430c83-3698-4aee-b7c4-fb0d57b9f90b;0;Apr 14, 2020;3;f_278;Good app but I find some problem in synchronization with my watch and I need to disconnect.;Good app but I find some problem in synchronization with my watch and I need to disconnect.;1;1
iteration_10;Google Calendar;PRODUCTIVITY;5329d9b3-ecf1-454f-9a0c-e47d6f98295b;0;Sep 14, 2022;3;f_96;Like the app overall but it will not sync with my wife's calendar. We have tried everything we could find online to solve this problem but have been unsuccessful. Please help!;Like the app overall but it will not sync with my wife's calendar.;1;1
iteration_10;Sticker maker;TOOLS;b0bc618a-16dd-47bb-8a87-7f286dc80216;0;Sep 01, 2022;4;f_32;Its a nice app, it has been working fine for me until this night, its saying theres a problem with the sticker pack and it wont let me send the stickers to whatsapp, and there's no new update for the app, please try and fix this problem;Its a nice app, it has been working fine for me until this night, its saying theres a problem with the sticker pack and it wont let me send the stickers to whatsapp, and there's no new update for the app, please try and fix this problem;1;1
iteration_10;True Phone Dialer & Contacts;COMMUNICATION;dc74998a-609f-4f58-8cec-3413d00c4517;0;Feb 10, 2022;2;f_215;As I used all ok, but the call recording is .. only my voice is perfectly recorded. I can't hear other person voice over there. Really disappointed..😭;As I used all ok, but the call recording is .. only my voice is perfectly recorded.;1;1
iteration_11;Simplenote;PRODUCTIVITY;d8bc3a34-30b0-42d1-bf3b-197a42ff3d45;0;Aug 08, 2022;4;f_209;good app - 'simple' and 'note' like its name but has technical flaws, especially network and sync between devices (I use it to sync a note between my Windows PC and this Android phone). I have used this app, kinda, for a long time. The network and sync problems gradually get better but still not 100% perfect so 4 stars from me. maybe 4.5 stars;good app - 'simple' and 'note' like its name but has technical flaws, especially network and sync between devices (I use it to sync a note between my Windows PC and this Android phone).;1;1
iteration_11;Twidere for Twitter/Mastodon;SOCIAL;ea3b35bb-a609-41da-9cab-8f61b9f46261;2;Aug 23, 2022;5;f_319;Fantastic to take control cut through all the useless features Twitter pushes on their official app. Who knew Twitter is a good platform to interact with friends when there aren't 30 promoted tweets in the way? Only issues are I wish loading another page of tweets was more obvious, and I used to have a bug (probably with battery saving) on an older phone with Android 10, but I switched phones and now get all message and interaction notifications.;Only issues are I wish loading another page of tweets was more obvious, and I used to have a bug (probably with battery saving) on an older phone with Android 10, but I switched phones and now get all message and interaction notifications.;1;1
iteration_12;Strava: Run, Ride, Hike;HEALTH_AND_FITNESS;6d7dcd41-b3e7-4360-bab1-81b85404cd56;0;Aug 30, 2022;4;f_424;Everything is good except that the comment section reply doesn't really work;Everything is good except that the comment section reply doesn't really work;1;1
iteration_12;Doit.im for Android;PRODUCTIVITY;c7edfd45-8128-4bd2-96ad-04d630c74e75;0;Nov 15, 2019;3;f_278;The app itself is very useful, but there are bugs all the time, disappearing tasks, synchronization mistakes, timezone setting problems etc. The last update was almost 3 years ago. Maybe it's time to fix it?!;The app itself is very useful, but there are bugs all the time, disappearing tasks, synchronization mistakes, timezone setting problems etc.;1;1
iteration_13;Instagram;SOCIAL;bf86f3df-0396-4442-879c-94180bb1cc61;0;Sep 14, 2022;4;f_47;Voice messages frequently stop working, the rest is fine;Voice messages frequently stop working, the rest is fine;1;1
iteration_13;Telegram;COMMUNICATION;76de3559-43f3-4a7a-81db-7c3c65d293dd;0;Sep 11, 2022;5;f_130;Not good for call and media transfer but good in privacy and group chating and chatung;Not good for call and media transfer but good in privacy and group chating and chatung;1;1
iteration_13;Prioritize Me! - Goals & Todos;PRODUCTIVITY;a340df36-0967-4341-8b87-35cf2cf4efe5;0;Dec 31, 2014;3;f_209;I love this app, but until I can sync between devices, it's functionality it's limited....;I love this app, but until I can sync between devices, it's functionality it's limited....;1;1
iteration_3;Material Notes: Colorful notes;PRODUCTIVITY;018397b4-fc15-4ba2-a93e-4119461758a5;0;Dec 10, 2017;3;f_30;Beautiful app, but without cloud sync;Beautiful app, but without cloud sync;1;1
iteration_3;SMS Backup+;TOOLS;03e332d2-74ea-4736-bb72-5f0fafd269e8;0;Nov 25, 2018;3;f_130;It backed up most texts fine, but the group chats came out very wonky. I have a group chat with my 2 sisters and my mom, and it seems to have separated the group so that I have a thread of replies from one sister, a thread from the other sister, and a thread from my mom. Messages with pictures are a little odd as well- sometimes they're in place in the thread, but some are separated out in their own thread.;It backed up most texts fine, but the group chats came out very wonky.;1;1
iteration_3;Strava: Run, Ride, Hike;HEALTH_AND_FITNESS;0dd5d101-76fa-4aaf-9f31-00f3944391a0;0;Sep 02, 2022;3;f_239;Social networking aspects are nice but app fails to maintain tracking signal quite often losing signal during runs and rides. Have reloaded several times;Social networking aspects are nice but app fails to maintain tracking signal quite often losing signal during runs and rides.;1;1
iteration_3;Month: Calendar Widget;PRODUCTIVITY;109b4518-17ff-47b4-9ccc-6aa0ee4a50ee;0;Mar 30, 2022;4;f_109;This app is excellent but the calendar syncing isn't perfect;This app is excellent but the calendar syncing isn't perfect;1;1
iteration_3;Samsung Notes;PRODUCTIVITY;140086b2-9757-4c1d-906b-c745ca1d2533;0;Sep 15, 2022;4;f_156;Samusung Notes App is Awesome only one problem found is Multitasking Not Possible Only one File can open at a time I want to read two Files at a time;Samusung Notes App is Awesome only one problem found is Multitasking Not Possible Only one File can open at a time I want to read two Files at a time;1;1
iteration_4;Telegram;COMMUNICATION;170530bc-5f37-48ea-a6e7-eba90742e0fc;5;Sep 03, 2022;3;f_335;Lately not so great, as it acts very slow. It is 'Updating' every time I open a chat, emoticons take ages to load again and again. It used to cache them but now since a few weeks, only their shape appears for about a minute (!) It is more frustrating than helpful, unfortunately. Calls have always been difficult, Telegram falls behind WhatsApp in video smoothness. The file sharing and group features are awesome but if it takes so much for the chat content to even appear, it's underwhelming...;The file sharing and group features are awesome but if it takes so much for the chat content to even appear, it's underwhelming...;1;1
iteration_4;Telegram;COMMUNICATION;1b9dbb6d-d0e4-4ac1-854f-42d1c1cd3f37;0;Aug 23, 2022;4;f_241;This app was to good for personal messaging , I like his all feature only 1 feature I didn't like that was he consuming too many data for video call;This app was to good for personal messaging , I like his all feature only 1 feature I didn't like that was he consuming too many data for video call;1;1
iteration_5;BetterHelp - Therapy;HEALTH_AND_FITNESS;d50d7689-158d-446a-b875-42fb8c3c40ba;0;Aug 22, 2022;5;f_24;easy to use and although the price is still something not everyone can afford, its convenient and offers a bit more anonymity than in person stuff.;easy to use and although the price is still something not everyone can afford, its convenient and offers a bit more anonymity than in person stuff.;1;1
iteration_6;Messenger Lite;COMMUNICATION;f660488d-0180-45b5-ab5e-a264f415f2f4;0;Sep 15, 2022;4;f_55;I a good app but i can't hide chats💔;I a good app but i can't hide chats💔;1;1
iteration_6;Notepad – Notes and Checklists;TOOLS;8b231143-5020-4b2c-bbac-955bb210ae0b;0;Sep 07, 2022;5;f_312;Other than the horribly unnecessary request for calls, contacts, and the like, great app. Used it for Persona 5 puzzles.;Other than the horribly unnecessary request for calls, contacts, and the like, great app.;1;1
iteration_7;CoPilot GPS Navigation;MAPS_AND_NAVIGATION;55e32dfb-cb8f-4481-b5ac-36bade222130;0;Sep 14, 2022;5;f_240;Great app, only reviewing because your eastern map pack is glitches and once downloaded will not load maps or routing. However. It would be nice to have a folder option on our favorit menu and a few other options the other apps have.;Great app, only reviewing because your eastern map pack is glitches and once downloaded will not load maps or routing.;1;1
iteration_7;Google Assistant Go;TOOLS;6ba78ebf-458e-44a3-ae27-01ec9645d42d;0;Jul 26, 2022;4;f_230;I love the app she's fun but she doesn't make calls for me and that's really annoying I think she needs an updating;I love the app she's fun but she doesn't make calls for me and that's really annoying I think she needs an updating;1;1
iteration_8;Wemoji - WhatsApp Sticker Make;COMMUNICATION;eda96dd8-716b-4a60-8a61-a1ec64394746;0;Oct 07, 2021;3;f_32;Okay so this app is great, but problem is that it didn't add the stickers to whatsapp. It said that it did, and i tried refreshing it lots of times and the stickers did not show in whatsapp. Please fix this, thank you;Okay so this app is great, but problem is that it didn't add the stickers to whatsapp.;1;1
iteration_8;Wemoji - WhatsApp Sticker Make;COMMUNICATION;d6f41c5d-b6b2-4fa1-913a-8a69e9239edb;0;Jan 02, 2022;5;f_32;Good app but recently faced some issues to make some animated sticker..... Over all gets the job done;Good app but recently faced some issues to make some animated sticker.....;1;1
iteration_8;Samsung Notes;PRODUCTIVITY;cdf509ce-3ae6-4f9f-b930-fab10975a3dd;0;Sep 05, 2022;4;f_209;Very good app, but sync between devices could be better.;Very good app, but sync between devices could be better.;1;1
iteration_8;Telegram X;SOCIAL;83b92d1a-399c-453c-b0d8-c25de0289984;0;Jun 18, 2022;4;f_416;Lovely app but unfortunately it doesn't play videos on profiles and that's really bad Please upgrade the app so short videos uploaded on profiles can play Also, secret chats should not allow screenshots of any sort Thank you;Lovely app but unfortunately it doesn't play videos on profiles and that's really bad Please upgrade the app so short videos uploaded on profiles can play Also, secret chats should not allow screenshots of any sort;1;1
iteration_8;zenly - your world;SOCIAL;322d2733-b594-4693-8947-28a9548b2d17;0;Aug 25, 2022;2;f_460;Cool apps, could not record video. Every time I tried to record a video, the whole screen just turn green. Able to take pictures though. Fix this please.;Cool apps, could not record video.;1;1
iteration_8;Event Alarm Reminder for Googl;TOOLS;ae6e11de-5528-4518-9205-0d6f43982f6c;0;Dec 26, 2021;4;f_437;A very sturdy, professional looking and clear UI, albeit with two flaws discovered so far: the reminder options (also in editor) has a very small and unadjustable font-size, and also the haptic feedback when scrolling through time wheels is annoying, too much :);A very sturdy, professional looking and clear UI, albeit with two flaws discovered so far: the reminder options (also in editor) has a very small and unadjustable font-size, and also the haptic feedback when scrolling through time wheels is annoying, too much :);1;1
iteration_8;Whats Web;TOOLS;e84b714a-cd53-4e0e-a862-cbbc34ab9e9e;0;Aug 28, 2022;5;f_331;Nice but it's aromatic logging outs please fix it it's only showing that checknur internet but mine connected to my mobile data please fix it;Nice but it's aromatic logging outs please fix it it's only showing that checknur internet but mine connected to my mobile data please fix it;1;1
iteration_8;miMind - Easy Mind Mapping;PRODUCTIVITY;6202f17c-d2e8-4f85-b65f-6275e8b1a1a4;0;Nov 10, 2021;3;f_419;"Great app, bad monetization strategy. If you're thinking about spending around $6 (tax) on the ""pro"" version of the app, keep these two things in mind: 1. The ""license"" after purchasing the app expires 2. In order to sync cross-platform devices, you'll need to buy the license for that other device. The ""Pro Version Gives"" popup doesn't explain this. So you'll end up spending more than the 5 dollar asking price. I rated the app based on how good the free version is.";Great app, bad monetization strategy.;1;1
iteration_8;SMS Backup+;TOOLS;3ffcf52a-eafb-4f9d-a7ee-7719607b6ce6;3;Apr 04, 2020;4;f_277;This app seems to work now, at least with the manual setup. You can input your Gmail imap settings and it works. Be sure to set up an App Password if you have 2-step enabled. Would give 5 stars if not for the otherwise broken Gmail integration.;Would give 5 stars if not for the otherwise broken Gmail integration.;1;1
iteration_9;MixNote NotePad Notes;PRODUCTIVITY;3134d92f-8496-441a-87d8-a5d89d67be7e;0;Oct 31, 2020;4;f_30;I really appreciate this app but lately I've been have issues with the cloud sync. It's worrisome coz i don't wanna lose all my notes but I just might :(.;I really appreciate this app but lately I've been have issues with the cloud sync.;1;1
iteration_9;Samsung Notes;PRODUCTIVITY;ec15955c-b4e8-42fd-95ac-a993548f6b15;1;Aug 28, 2022;4;f_451;A good notes program that comes pre-installed. some annoying quirks (as all apps have) but decent formatting options, ability to organise in folders including locked notes and you can easily share notes content across to other installed apps on your device.;some annoying quirks (as all apps have) but decent formatting options, ability to organise in folders including locked notes and you can easily share notes content across to other installed apps on your device.;1;1
iteration_10;Sygic GPS Navigation & Maps;MAPS_AND_NAVIGATION;c06118be-c6c0-42e9-9794-d3892b1b9f68;0;Aug 31, 2022;5;f_26;Excel GPS navigation. Happy with it 😊;Excel GPS navigation.;1;0
iteration_10;GPS Map Camera;TRAVEL_AND_LOCAL;54f513c4-2bc1-4bf9-b2cf-dbab68564f46;0;May 15, 2022;5;f_164;super very nice gps @come;super very nice gps @come;1;0
iteration_10;Microsoft To Do: Lists & Tasks;PRODUCTIVITY;e4350ebc-c2e7-4275-8f98-54f5f57a6bb1;1;Sep 08, 2022;5;f_494;Excellent app. If you use Microsoft planner, Outlook mail, share point then it is excellent app for remind you. I love this app and using it daily.;If you use Microsoft planner, Outlook mail, share point then it is excellent app for remind you.;1;0
iteration_10;Google Keep - Notes and Lists;PRODUCTIVITY;2fd7b712-aeba-46a8-9b0f-f8509bad0da7;1;Sep 14, 2022;4;f_258;This is probably the best notes app for android, clean, straight to the point, easy to use and beautifully designed. The only thing that would make this the perfect app is text formatting.;The only thing that would make this the perfect app is text formatting.;1;0
iteration_10;Google Earth;TRAVEL_AND_LOCAL;d357f980-fb8c-4e0a-bc23-1bef31f9481f;0;Jun 24, 2022;4;f_230;Good for me but Hindi naman siya mazoom ng malinaw pag dating sa gadget ko;Good for me but Hindi naman siya mazoom ng malinaw pag dating sa gadget ko;1;0
iteration_10;WAMR - Recover deleted message;COMMUNICATION;cc164538-42d6-4988-b696-f3e9375c8662;0;Apr 27, 2022;4;f_128;Top 👍recovery all photo video chat very good this is app;Top 👍recovery all photo video chat very good this is app;1;0
iteration_10;GNotes - Note, Notepad & Memo;PRODUCTIVITY;c9ddd24b-1daf-468d-823e-7d92e6bfebfc;6;Feb 07, 2020;1;f_310;"ZERO STARS - Very Very VERY unhappy. I have had a PRO account for several years and in mid-2019 i could no longer login via a web browser on a PC. No web browser works, not on chrome or IE of Firefox. No support either. Used to be great, but now seems totally unsupported. Found ""STANDARD NOTE"" and am in the process of migrating all notes into it. ""STANDARD NOTE"" really works well and is 100% encrypted. Cancelling my gnotes.me membership -";STANDARD NOTE really works well and is 100% encrypted.;1;0
iteration_10;Notebook - Notes,To-do,Journal;PRODUCTIVITY;34c17e6d-8c2e-470e-8d4c-05659df1ea80;6;Jun 09, 2022;5;f_40;Useful app but the device syncing is very unreliable. Version conflicts are a constant. On Android the app gets stuck in an update loop. Too bad, because could be a good app. 2022 update: the sync issues are mostly resolved. I occasionally have an issue when I use this on my very, very old iPad but, jeez, they still support it. Overall, this is an unbelievably good notetaking/journaling app and they offer it for free. Thanks Zoho.;Overall, this is an unbelievably good notetaking/journaling app and they offer it for free.;1;0
iteration_10;Squid: Take Notes, Markup PDFs;PRODUCTIVITY;44d27fa1-0ca0-40c2-a96d-c662829ee546;2;Mar 24, 2022;3;f_170;So close to perfect! I very much want to support this app except there is no way to carry out a subscription except through Play Store. Some of the features that are pro are certainly worth the price, but a more decentralized option would be worth 5 stars and twice the subscription rate.;Some of the features that are pro are certainly worth the price, but a more decentralized option would be worth 5 stars and twice the subscription rate.;1;0
iteration_10;Repeat Habit - Habit tracker f;PRODUCTIVITY;b7d9e05f-27d5-47ae-9b84-ad38c4f2decd;0;May 29, 2020;5;f_110;Great app, easy to use, great way to keep track of recurring tasks, whether it's daily, fixed or flexible.;Great app, easy to use, great way to keep track of recurring tasks, whether it's daily, fixed or flexible.;1;0
iteration_10;Step Counter - Pedometer;HEALTH_AND_FITNESS;86674d9b-3690-4dda-8e4f-8ef54fe48382;1;Sep 01, 2022;5;f_44;Easy to use. mobile friendly.;mobile friendly.;1;0
iteration_10;Garmin Smartphone Link;TRAVEL_AND_LOCAL;a1f3bedf-9acd-410b-a5ee-d2087675d1ed;2;Apr 12, 2021;1;f_164;After the android 11 update, this app just will not send anything or even recongnize its connected. I used this app all the time as a truck driver, but not anymore. Glad my gps has voice lol.;Glad my gps has voice lol.;1;0
iteration_10;Running Distance Tracker +;HEALTH_AND_FITNESS;388de815-350f-492a-a08b-a48c4aa6eab6;0;May 22, 2022;5;f_506;Easy user simple app that helps with all your running/training needs;Easy user simple app that helps with all your running/training needs;1;0
iteration_10;Tasks: to do list & tasks;PRODUCTIVITY;be10d7c3-07a3-427f-8cd0-d1d4eee4233d;2;Sep 01, 2022;5;f_25;Nice update, again. Posted on Twitter (hashtags removed)... Lists/sub-Lists, notifications, tags and backups sure but... now with Image attachments! Tasks: to do list & tasks Because tech Privacy and Security matter Toronto Canada;Lists/sub-Lists, notifications, tags and backups sure but... now with Image attachments!;1;0
iteration_10;Stopwatch Run Tracker - Runnin;HEALTH_AND_FITNESS;f3664b33-c8ee-4cca-8e22-476dffd61c93;0;Jan 04, 2021;5;f_63;I live this stopwatch. It makes timing planks very easy due to its interface.;I live this stopwatch.;1;0
iteration_10;DigiCal+ Calendar;PRODUCTIVITY;91d3da35-1604-4bef-9ec8-fb48248f0765;0;Jan 13, 2021;4;f_209;Very cute calendar. Love the personalization and overall layout of the app. I only wish there was some way to sync between devices without going through another calendar app or inputting the events twice. I purchased the app and feel it was worth it.;Very cute calendar.;1;0
iteration_10;SimpleMind Pro - Mind Mapping;PRODUCTIVITY;7224ae26-267c-4576-b441-54ddb443efad;2;Feb 20, 2022;5;f_104;I tried all mind map apps I could find (7 of them). This is the best. The desktop app is excellent too. Please add Surface Duo 2 screen support. Thanks!!!;The desktop app is excellent too.;1;0
iteration_10;GPS Map Camera;TRAVEL_AND_LOCAL;8f53395c-9516-4cb8-a85e-bf9320be8c4a;0;Jul 30, 2021;5;f_262;Ok for location tagging;Ok for location tagging;1;0
iteration_10;Magic Earth Navigation & Maps;MAPS_AND_NAVIGATION;699257e6-ad2c-4554-bad3-de9b71782635;0;Jun 28, 2022;5;f_240;Usable app with good detailed routing instructions for seniors and driving to unfamiliar places.;Usable app with good detailed routing instructions for seniors and driving to unfamiliar places.;1;0
iteration_10;ColorNote Notepad Notes;PRODUCTIVITY;b6c20947-6d45-48a8-ad4a-998e08b9983c;1;Aug 06, 2022;5;f_257;Very solid. I like that it syncs across devices. The app for windows is good too.;I like that it syncs across devices.;1;0
iteration_10;Magic Earth Navigation & Maps;MAPS_AND_NAVIGATION;5061f278-f7e7-43e2-b7da-7cb2752b6783;0;Sep 02, 2022;4;f_240;Compact routing application with complete and accurate maps, excellent speaker.;Compact routing application with complete and accurate maps, excellent speaker.;1;0
iteration_10;ColorNote Notepad Notes;PRODUCTIVITY;a1be299d-a86a-4ada-9421-84b83678dc65;1;May 10, 2022;5;f_437;Very nice app. Simple and clean notes and reminder.;Simple and clean notes and reminder.;1;0
iteration_10;SimpleMind Pro - Mind Mapping;PRODUCTIVITY;6a3d8e11-b1de-42de-8cca-9cff509a4856;1;Mar 28, 2022;5;f_331;Imo, literally in studying and linking concepts from bottom-up or top-down, in terms of studying, this is a better note-taking app (in conjunction with written notes) in the theme of mind-mapping. With the features on here, i am able to map topics together even if they are in another mind-map file, link to a mind-mapping calendar for scheduling or logging purpose, and even use active recall techniques with the built-in hidden child feature. This replaces Anki, One-Note, and ToDoist for me.;With the features on here, i am able to map topics together even if they are in another mind-map file, link to a mind-mapping calendar for scheduling or logging purpose, and even use active recall techniques with the built-in hidden child feature.;1;0
iteration_10;GNotes - Note, Notepad & Memo;PRODUCTIVITY;cd50e60f-8400-4527-babb-7fcbede39f20;0;Jul 13, 2020;5;f_431;Automatic backups and syncing to new devices and all the other features you want.;Automatic backups and syncing to new devices and all the other features you want.;1;0
iteration_10;Samsung Notes;PRODUCTIVITY;e7a301c6-f92a-4f05-b022-1d378813c1ba;0;Aug 21, 2022;4;f_298;Great functionality, lots of tools to help with note-taking and organisation. I would love to see the ability to great tabs within notes, so you can easily jump between pages without scrolling.;Great functionality, lots of tools to help with note-taking and organisation.;1;0
iteration_10;BlaBlaCar: Carpooling and Bus;TRAVEL_AND_LOCAL;64b5b4c9-0e8b-4dd9-84a4-5ebb760213d8;0;Sep 12, 2022;5;f_316;Very useful App,especially at the time of soaring fuel prices and ecological concerns. Requesting to add more features to verify more genuine users,to ensure a safe hassle free travel;Very useful App,especially at the time of soaring fuel prices and ecological concerns.;1;0
iteration_10;WAMR - Recover deleted message;COMMUNICATION;817eb545-7a06-4663-b9cf-b40c18e617a0;0;May 31, 2022;5;f_417;Its aa very good app,helps in deleting messges, appears fast,but it shoud improve in one time watch videos and photos in whats app also show in WAMR application ,otherwise it's aa good app....;Its aa very good app,helps in deleting messges, appears fast,but it shoud improve in one time watch videos and photos in whats app also show in WAMR application ,otherwise it's aa good app....;1;0
iteration_10;Snapchat;COMMUNICATION;ba7c0116-ac06-4c9b-92c1-0b8deaf608a5;0;Sep 10, 2022;5;f_128;Love snapchat just wish it had a picture in picture when im on video chat where I can leave the app and still use other apps;Love snapchat just wish it had a picture in picture when im on video chat where I can leave the app and still use other apps;1;0
iteration_10;Recurlog: Recurring tasks, cho;PRODUCTIVITY;997cb1d0-a583-4077-9506-44af86e83b83;0;Nov 28, 2018;4;f_110;Great app for creating recurring tasks. I would love it if it would let me add simple non recurring tasks as well. Tapping on the task name in widget is not doing anything. Shouldn't it take user to the task details page? Edit: Great that you are focusing on recurring tasks. But as a user I don't want to have multiple apps to manage tasks. I want all my tasks in a single place. It would be a nice addition and your app will get more engagement.;Great app for creating recurring tasks.;1;0
iteration_11;Boosted Time Tracker;PRODUCTIVITY;7607ed4b-26e1-4ed5-b552-3011871a461b;0;Apr 18, 2022;5;f_497;I really love this app, specially because of graphs and charts, however I think it can be better by adding subtasks or improvement on graphical environment. You can add journal part for projects, etc.;I really love this app, specially because of graphs and charts, however I think it can be better by adding subtasks or improvement on graphical environment.;1;0
iteration_11;Sticker maker;TOOLS;52513b91-fe7d-4f7d-9be4-0179473c0844;1;Apr 13, 2022;2;f_32;Riddled with ads on every sticker pack creation and the process of adding the stickers is cumbersome as there are no batch inputs only singles. Use this app once on your free time to make every sticker pack you could possibly use and then never look back;Use this app once on your free time to make every sticker pack you could possibly use and then never look back;1;0
iteration_11;Whats Web for WhatsApp;TOOLS;8305be54-f8e6-4a98-876a-ecb075e85858;1;Sep 08, 2022;5;f_488;Great app very useful and helpful. I am satisfied with the high level of performance.;I am satisfied with the high level of performance.;1;0
iteration_11;Pomodoro Timer;PRODUCTIVITY;9f0ca946-b470-468a-9324-8ee53b10703f;0;Apr 17, 2022;5;f_210;Customizable, looks nice, good enough;Customizable, looks nice, good enough;1;0
iteration_11;minimalist phone: Productivity;PRODUCTIVITY;a7df50e9-caa6-4aa0-96f5-412447dcaae2;3;Sep 02, 2022;5;f_126;I really like this launcher, it is one of the only launchers I like and actually use. It helps me stay focussed and reduces anxiety and stress, so thankful for it. Thank you :) I also love the notification filter, makes a huge difference to the overall experience;I also love the notification filter, makes a huge difference to the overall experience;1;0
iteration_11;Google Lens;TOOLS;78179808-4e80-4270-8c1d-6b01012f3bf1;0;Sep 10, 2022;5;f_261;AWESOME APP LOOK UP A FLOWER, PLACE, BUILDING, ANTIQUES, FIND OUT HOW TO BUY WHAT YOU WANT AT A RESONABLE PRICE, TEXT FUNCTION READS PAGES BACK YO YOU ACTS AS AN OCR (OPTICAL CARICATURE RECOGITION) CREATE A SCAN, AND SO MUCH MORE. TAKE A PIC OF SOMETHING YOU WANT TO KNOW THE HISORY OF AND ON AND ON AND ON...... LOVE IT AND USE IT EVERY DAY;AWESOME APP LOOK UP A FLOWER, PLACE, BUILDING, ANTIQUES, FIND OUT HOW TO BUY WHAT YOU WANT AT A RESONABLE PRICE, TEXT FUNCTION READS PAGES BACK YO YOU ACTS AS AN OCR (OPTICAL CARICATURE RECOGITION);1;0
iteration_11;Pomodoro Timer;PRODUCTIVITY;a93c6dc8-802f-4df2-a0d3-9473cbdfa8e9;0;Feb 11, 2022;5;f_414;Beautiful clean design and no ads;Beautiful clean design and no ads;1;0
iteration_11;Notebook - Notes,To-do,Journal;PRODUCTIVITY;2e1181b9-db57-4e1a-93fa-a3310030ee5d;2;Jul 14, 2022;5;f_246;I really like this app. It's great having everything I need for projects in one app and being able to see everything whether I'm on my phone or tablet. I can't believe how easy it is to add different type of items to the notebooks to access later. I love the to do list feature. Being able to check things off let's me see what I'm finishing and there's been less stress in my life. I definitely recommend this for use to a student, employee, or a busy mom. It's a great way to keep life organized.;I can't believe how easy it is to add different type of items to the notebooks to access later.;1;0
iteration_11;24h Analog Clock Widget;PERSONALIZATION;ff8623da-1c3f-4c31-a53b-255e38d303b5;0;Jan 21, 2014;4;f_414;Very tasteful and clean design.   I was hoping to use it as a Daydream on my Android 4.4 phone. I'd love to see that functionality added.;Very tasteful and clean design.;1;0
iteration_11;Telegram X;SOCIAL;520d6818-87b3-4e6e-8890-a0088be6b117;0;Jun 18, 2022;3;f_339;App have a nice UI but there is lot of features in original app that missed here, so with all respect i prefer to use orginal telegram.;App have a nice UI but there is lot of features in original app that missed here, so with all respect i prefer to use orginal telegram.;1;0
iteration_11;Steam Chat;COMMUNICATION;ae7593b7-e77c-4b23-8b75-e407edb7776a;0;Aug 25, 2022;3;f_174;Steam Chat app is another great mobile app by Valve. However, the app crashes when I try to send a message to my friend. Also, Steam Chat app still lacks voice chatting feature as of August 25th 2022.;Steam Chat app is another great mobile app by Valve.;1;0
iteration_11;Pomodoro Timer;PRODUCTIVITY;927c6238-cc08-41a1-9cc9-70488aca0ecf;0;Dec 24, 2021;5;f_68;Minimalistic and Perfact;Minimalistic and Perfact;1;0
iteration_11;True Phone Dialer & Contacts;COMMUNICATION;55a3288e-60a0-4538-b1dd-cf26561eac8b;0;Feb 27, 2022;5;f_241;Thanks for developer this is a good invention please add video call option;Thanks for developer this is a good invention please add video call option;1;0
iteration_11;Tasks: to do list & tasks;PRODUCTIVITY;b423dedf-c982-4496-964a-ccca81a15072;1;Sep 05, 2022;5;f_502;This is the best app I've ever used to make lists. The level of customisation and lists within lists, as well as reminders and being able to label things and arrange them by priority makes and now with the new function where you can attach an image it's improving all the time and I love it, the one slight problem I do have however is with the amount of images that you can attach being only one if that were to increase, that would be fabulous;The level of customisation and lists within lists, as well as reminders and being able to label things and arrange them by priority makes and now with the new function where you can attach an image it's improving all the time and I love it, the one slight problem I do have however is with the amount of images that you can attach being only one if that were to increase, that would be fabulous;1;0
iteration_11;ColorNote Notepad Notes;PRODUCTIVITY;baa865f0-a22c-46c4-8c1b-4fdb978298e0;5;Aug 03, 2022;5;f_247;"I love how you can set a reminder and categorize your notes. Neat app :) Update 2022: I have been using this app since 2015 and it has only improved. LOVE that they have an undo button now. That was my main complaint before. Still utilize the ""pin the bar"" feature constantly, and always loved that I could set a time for reminder with a note. You can create checklists, change color of the note, lock the note, and the note is set to automatically save after each edit similar to ggl docs. 10/10 rec";You can create checklists, change color of the note, lock the note, and the note is set to automatically save after each edit similar to ggl docs.;1;0
iteration_11;Easy Notes - Notebook Note pad;PRODUCTIVITY;9c06445a-a672-4a8f-89ff-19fac4f9e066;0;Aug 31, 2022;5;f_102;Able to keep track of everything, like bills, grocery lists and more. Easy to use.;Able to keep track of everything, like bills, grocery lists and more.;1;0
iteration_11;Sticker maker;TOOLS;2f1c6e0d-2afb-4f95-8724-c883e43f5ee5;0;Aug 09, 2022;5;f_36;It's A Great App, i got to know bout through this yt channel called Hayls World,;It's A Great App, i got to know bout through this yt channel called Hayls World,;1;0
iteration_11;Pomodoro Timer;PRODUCTIVITY;c68a1463-0d0e-47a9-8d5d-70d91c16b21b;0;Dec 08, 2021;5;f_64;Excellent Pomo app pom timer doesn't pause if the screen locks or you open another app;Excellent Pomo app pom timer doesn't pause if the screen locks or you open another app;1;0
iteration_11;Minimalist Pomodoro Timer - Go;PRODUCTIVITY;9a5d7738-e0eb-4840-99e2-0f144e7c6961;0;Sep 08, 2022;5;f_68;Good timer! Minimalistic UI really helps to focus on your tasks and avoid distraction;Good timer!;1;0
iteration_11;Notepad – Notes and Checklists;TOOLS;f994ca91-f705-43fd-8ec1-cf2e35334ae7;0;Sep 07, 2022;5;f_246;The app keeps track of everything that a paper notebook can;The app keeps track of everything that a paper notebook can;1;0
iteration_11;Easy Message: text without sav;COMMUNICATION;d74ac834-1dfb-4590-9043-55231107f259;0;Dec 04, 2021;5;f_46;Easy to use, no ads, best instant messaging;Easy to use, no ads, best instant messaging;1;0
iteration_11;Just Run: Zero to 5K (and 10K);HEALTH_AND_FITNESS;d3fea825-7b7d-4716-a930-2017f37afc53;2;Aug 07, 2022;5;f_419;Got to be the best couch-to-5k (and then option up to 10k) app out there. It's small, no ads, very straightforward presentation, easy to use, doesn't need with whatever music/podcast playback you have going. Only monetization is an optional donation page. Stellar app.;Only monetization is an optional donation page.;1;0
iteration_12;Burner: 2nd Phone Number Line;COMMUNICATION;d229a708-8b82-4e1a-b22f-a4fce58f4225;0;Jun 14, 2022;4;f_482;soon as burner steps up to the pump and adds end to end encryption...they will hands down be the best in google play store...hands down only reason they don't get a 5...you've implemented the perfect features as far as multiline and burning feature...just encrypt the lines and your a clear winner;soon as burner steps up to the pump and adds end to end encryption...they will hands down be the best in google play store...hands down only reason they don't get a 5...you've implemented the perfect features as far as multiline and burning feature...just encrypt the lines and your a clear winner;1;0
iteration_12;SMS Backup+;TOOLS;675e45f6-d4c5-474e-96d5-6e4d3873fac4;1;Apr 28, 2018;5;f_277;It must be default in all android. Gmail integration is awsome...;Gmail integration is awsome...;1;0
iteration_12;Weather data & microclimate :;WEATHER;43ab5385-3258-46cb-a191-20e39b3d13d8;0;Jul 08, 2022;5;f_414;Clean design, clear and relevant temperature and precipitation charts, minimal ads.;Clean design, clear and relevant temperature and precipitation charts, minimal ads.;1;0
iteration_12;Huawei Health;HEALTH_AND_FITNESS;c67a45d1-21eb-40ba-bdf6-7812b8ea7291;0;Mar 02, 2022;5;f_9;Good sleep tracking and analysis.;Good sleep tracking and analysis.;1;0
iteration_12;Binaural Beats Therapy;HEALTH_AND_FITNESS;32cbf237-3f9b-4f78-a59f-0bf55ba0614a;5;Nov 26, 2020;5;f_41;"Works well. Lots of choices. You will need to adjust settings if you find the ""voices"" to loud. No ads and completely free, although they do take donations. Completely stable and will work on the background when listening to podcasts, audiobooks or music. Works offline.";Works offline.;1;0
iteration_12;SimpleMind Pro - Mind Mapping;PRODUCTIVITY;e8a8814a-b590-46fb-b11b-80476117dc7c;4;Apr 26, 2022;5;f_175;One of the best mindmap apps for both window and android. Highly recommended. Totally worth the price. This apps become even more powerful when combine with OneDrive (or supported cloud provider). It's make note taking, planning, project management, task, and everything in between. Had requested a few minor feature, but it's a super polish product.;It's make note taking, planning, project management, task, and everything in between.;1;0
iteration_12;Stopwatch Timer;TOOLS;e8bc08fa-9144-424e-955a-ecb8acf8665a;0;Jun 03, 2022;5;f_63;Great app for the users who needs a timer with stopwatch, easy interface and easy to use.;Great app for the users who needs a timer with stopwatch, easy interface and easy to use.;1;0
iteration_12;Todoist: to-do list & planner;PRODUCTIVITY;4c54be09-1644-439f-bfd6-26482005ea75;2;Jun 24, 2022;5;f_497;I use this app everyday and upgraded to a subscription plan. The UI is pleasent enough especially with dark mode. I appreciate how modular the app is: you assign tasks for the day, have them repeat on specific days, assign tasks to projects, and add subtasks. This app has enhanced my productivity. My only complaint is that repeating subtasks don't visually disappear after having been completed that day. I do hope the developers make repeating subtasks behave identically to their parent tasks.;I appreciate how modular the app is: you assign tasks for the day, have them repeat on specific days, assign tasks to projects, and add subtasks.;1;0
iteration_12;Smarter Time - Time Management;PRODUCTIVITY;ff69af19-f68f-4d49-8494-068019c90a8b;0;Mar 06, 2021;5;f_162;Quite amazed by this app and how it can provide a detailed, surprisingly accurate view of your 24-hour schedule that will allow you to balance and prioritize your time with features such as multi-sync, location-based awareness, and more. Looking forward to remain on the premium plan and to support this project. Developers, thank you for your many contributions and keep up the great work.;Quite amazed by this app and how it can provide a detailed, surprisingly accurate view of your 24-hour schedule that will allow you to balance and prioritize your time with features such as multi-sync, location-based awareness, and more.;1;0
iteration_12;Telegram;COMMUNICATION;b4514315-0059-4ce4-91d2-3d67cc084790;0;Aug 28, 2022;5;f_339;Telegram is good platform;Telegram is good platform;1;0
iteration_12;MSN Weather - Forecast & Maps;WEATHER;cb71c56c-ed19-43b7-8ccf-5f417d7d68ac;1;Jul 23, 2022;1;f_15;With the latest update, they turned weather into All-in-one app. The app now includes: Web browser, Games, News, OneDrive, Math solver, Unit converter, Translator, etc. The app is sluggish, scrolling is slow. What's really annoying is that each time you select one of the new 'features' it creates new app listing in the navigation stack, this you end up with flooded recent apps browser.;The app now includes: Web browser, Games, News, OneDrive, Math solver, Unit converter, Translator, etc.;1;0
iteration_12;10K Running: 0-5K-10K Training;HEALTH_AND_FITNESS;fa1d13b2-c708-4072-9672-03c1313a31c5;0;Aug 16, 2022;5;f_506;Excellent running app. Nice graduated development. Works without any issue with Spotify. Would thoroughly recommend.;Excellent running app.;1;0
iteration_12;ColorNote Notepad Notes;PRODUCTIVITY;8dc454c9-1b77-4868-b68d-8f1aa744a90a;0;Sep 02, 2022;5;f_257;Very efficient and feature rich..syncs across devices...and is absolutely one of the best...i have been using it for years while comparing it to other apps;Very efficient and feature rich..syncs across devices...and is absolutely one of the best...i have been using it for years while comparing it to other apps;1;0
iteration_12;Telegram X;SOCIAL;35f124af-91f0-46f9-bec2-c0e95849e3af;0;Jul 29, 2022;5;f_399;With cloud storage l am loving this 😍🥰;With cloud storage l am loving this 😍🥰;1;0
iteration_12;Cozi Family Organizer;PRODUCTIVITY;b2751f4d-9e72-43e1-a2ca-6e66dc995135;1;May 18, 2022;5;f_60;Cozi provides a great way to coordinate schedules,shopping lists,and periodic events among family members. The upgrade to the premium version is well worthwhile for the improved calendaring and notification capabilities.;The upgrade to the premium version is well worthwhile for the improved calendaring and notification capabilities.;1;0
iteration_12;Squid: Take Notes, Markup PDFs;PRODUCTIVITY;2db328d6-09a2-456b-83fc-4c90f4f546f9;0;May 05, 2022;4;f_378;It's very good, it just needs OneDrive \ Google integration!;It's very good, it just needs OneDrive \ Google integration!;1;0
iteration_12;Telegram X;SOCIAL;326401f5-9f10-43cc-9bd7-9456db339338;5;Jun 18, 2022;4;f_188;"Looks pretty clear to me that this app is out of date. Need to update for the latest version like original Telegram. Some links I clicked is invalid or out of date app issues. The reason I use this app because this one is better than latest version and it allows you to browse any restrictions group and more features that I can't describe more. Edited: Since the update, developers noticed my review and solved some of my problems but only 1 thing, ""People nearby"" Hopefully this will be available.";"Edited: Since the update, developers noticed my review and solved some of my problems but only 1 thing, ""People nearby"" Hopefully this will be available.";1;0
iteration_12;Pomodoro Timer;PRODUCTIVITY;c8454d7f-03e5-4597-836e-9eb6c967a960;0;Jun 21, 2022;5;f_210;Customizable and free;Customizable and free;1;0
iteration_12;WhatsApp Messenger;COMMUNICATION;872ce030-3cd6-4969-897d-36ee7deaf047;0;Sep 13, 2022;5;f_15;This is a wonderful app thankyou , kindly its my suggestion that you bring on bord the language translator option.......;This is a wonderful app thankyou , kindly its my suggestion that you bring on bord the language translator option.......;1;0
iteration_12;Wemoji - WhatsApp Sticker Make;COMMUNICATION;420c9459-6337-4340-becc-28d44727aa7a;0;Jun 05, 2022;3;f_80;Good for non animated stickers. Animated stickers don't work after processing them;Good for non animated stickers.;1;0
iteration_12;Ayoba;COMMUNICATION;fd7f660b-c50c-4c66-9eda-03a26d8f1491;2;Sep 14, 2022;5;f_36;Seamless. Free 100mb for listening to music. Very interesting channel;Very interesting channel;1;0
iteration_12;Samsung Notes;PRODUCTIVITY;48b5094c-6bcf-483f-8b30-dbcc769a942e;2;Jul 11, 2022;5;f_20;This is absolutely good like Surface Windows or good Android OneNote!! Long live Oracle and Java, The Interpreter, and like Smart Switch and other Korean genius, these things are made to last. Notes and notebook, all in one.;Notes and notebook, all in one.;1;0
iteration_12;Loop Habit Tracker;PRODUCTIVITY;7fff4718-b078-45ea-9366-5900195c3fb9;1;Mar 22, 2022;5;f_488;Best one, and I've tried almost all in the play store. Simple clean interface, but still customisable to quite a high level. Been using it almost a year now, which says a lot. No ads, no bugs, just super responsive and intuitive. Well done devs 👏🏾;Simple clean interface, but still customisable to quite a high level.;1;0
iteration_12;miMind - Easy Mind Mapping;PRODUCTIVITY;82eee649-ba6e-4af5-a258-5585163f89a0;2;Mar 16, 2022;5;f_399;HIGHLY RECOMMEND: Does exactly what it says it will do. Be wary of reviews claiming that the license is single device only - there is a separate license for the PC, but purchase allows for use on multiple mobile devices. Also, cloud storage service is spotless. While missing a few advanced features, this is one of the most versatile mind map apps out there!;Also, cloud storage service is spotless.;1;0
iteration_12;Telegram;COMMUNICATION;3ad28d19-6471-446e-ac30-8969a9561925;0;Aug 26, 2022;5;f_239;It is a very good app for a lot of social networking.;It is a very good app for a lot of social networking.;1;0
iteration_12;Macros - Calorie Counter;HEALTH_AND_FITNESS;bad93f16-52a5-4495-a015-6aa234a50cc9;1;May 14, 2022;5;f_143;This app is very easy to use and pretty simple no extra fancy stuff. If youre here your most likely trying to find a better alternative to MyFitnessApp and it is, as far as i can tell there is no overpriced premium and has all the essentials for nutrients and macros. Thumbs up.;If youre here your most likely trying to find a better alternative to MyFitnessApp and it is, as far as i can tell there is no overpriced premium and has all the essentials for nutrients and macros.;1;0
iteration_12;TickTick:To-do list & Tasks;PRODUCTIVITY;742d9787-673c-4d92-b409-802e14cdc002;3;Sep 11, 2022;5;f_64;I've tried don't know how many to-do list and productivity apps, but by far this is the best! The app interface is very minimalistic and easy to use. The features on this app is insane! I was searching for todo list apps with in built pomodoro timer and this has it. Best part it has weekly view(free) & calendar view(only premium users)! And the windows app is also smooth and it has a floating timer. Great work by app developer's! I 100% recommend it!;I was searching for todo list apps with in built pomodoro timer and this has it.;1;0
iteration_12;To Do Lists & Tasks - When.Do;PRODUCTIVITY;a5926d27-a6f5-4fbb-893e-b56c02c9acb9;0;Nov 01, 2020;4;f_96;Love it but wish I could coordinate it with my outlook calendar.;Love it but wish I could coordinate it with my outlook calendar.;1;0
iteration_12;MixNote NotePad Notes;PRODUCTIVITY;487d0f66-b80a-44d3-a68c-6be650798546;2;Jan 15, 2019;5;f_30;Super , Awesome app. The only app I found to be best compitive to mi notes app. Keep up guys I loved the app with the image attachment, cloud sync service . I loved it. The best part is we can add images directly below the notes, continue the notes. and the voice recording feature Is awesome. With the backup sync to Google drive . The app is best . problem:-the notes are not completely sync with my account.struck on sync logo. 😣 need assistance;Keep up guys I loved the app with the image attachment, cloud sync service .;1;0
iteration_12;BodyFast Intermittent Fasting;HEALTH_AND_FITNESS;feea4819-d764-429c-88de-762132ae1ec8;0;Sep 13, 2022;5;f_492;A simple yet highly motivating tool to help improve overall wellness;A simple yet highly motivating tool to help improve overall wellness;1;0
iteration_12;Material Notes: Colorful notes;PRODUCTIVITY;8f0e2c0f-3778-4d07-8526-2f43b081b702;1;Aug 04, 2020;5;f_153;One of the best note-taking apps on Play Store. Minimalistic, aesthetically pleasing and does provide basic customizing functionalities like colour tags, custom fonts and passcode protection. Certainly recommended for users looking for minimalistic notepad apps!;Minimalistic, aesthetically pleasing and does provide basic customizing functionalities like colour tags, custom fonts and passcode protection.;1;0
iteration_12;True Phone Dialer & Contacts;COMMUNICATION;5f665afa-da75-43f3-8ba8-ecc019b3067e;1;Oct 19, 2021;5;f_210;Very Customizable Phone app You have 1 option for pickup call in mini notification which is very useful for gamers.;You have 1 option for pickup call in mini notification which is very useful for gamers.;1;0
iteration_12;True Phone Dialer & Contacts;COMMUNICATION;f51ef14c-22ef-491f-bfb0-d1e2298329dc;3;May 20, 2022;5;f_210;An underrated dialer. Using this since 2015. It has so many features which are much useful. Customizable at its best. Use it to believe it. Highly recommended.;Customizable at its best.;1;0
iteration_12;Samsung Notes;PRODUCTIVITY;aa45a66d-fb47-4b4c-98a3-ede593fcbd11;1;Jul 16, 2022;4;f_140;Add the option to open more than one note at the same time using tabs instead of separate windows. To ease workflow for many students and make it a lot easier to switch between notes. It will be great if you guys develop your own pdf reader that opens multiple files in tabs, that have native support for the spen and also allow users to make anotations on pdf files directly from their online drive accounts like Google drive, Onedrive etc without have to save a local copy of that file.;To ease workflow for many students and make it a lot easier to switch between notes.;1;0
iteration_12;SMS Organizer;COMMUNICATION;8351519d-ce4b-4efd-b247-068f6921c058;0;Sep 02, 2022;5;f_118;It Should be a default messaging app.;It Should be a default messaging app.;1;0
iteration_13;Fabulous Daily Routine Planner;HEALTH_AND_FITNESS;336abbda-a3c7-4ab5-8ca9-c3cff85eac14;0;Jul 20, 2022;5;f_498;Great app with gamification and great story to track with every day you achieve your better self;Great app with gamification and great story to track with every day you achieve your better self;1;0
iteration_13;Water Drink Reminder;HEALTH_AND_FITNESS;948c7e45-d006-4826-a2b6-8f7430fe5eeb;1;May 18, 2022;5;f_210;Been using this app for years and have never had a problem. Customizable, on time reminders, never glitches. Highly recommend;Customizable, on time reminders, never glitches.;1;0
iteration_13;Simple ToDo List & Tasks;TOOLS;63f33017-93ef-4551-9538-f6b78c475187;2;Aug 16, 2021;5;f_497;"It is indeed simple, but amazing. Because of it's simplicity it's totally free. No bs ""pay to write more characters"" or ""pay to unlock subtasks"". Love it. And all of the other apps too";"No bs ""pay to write more characters"" or ""pay to unlock subtasks"".";1;0
iteration_13;Pacer Pedometer & Step Tracker;HEALTH_AND_FITNESS;9b36903e-b6b3-4ff6-a990-164e1a7a4e6d;1;Sep 10, 2022;5;f_41;Very good app, love it for my hiking and overseas holidays. Works offline or with no reception as well!;Works offline or with no reception as well!;1;0
iteration_13;Kik — Messaging & Chat App;COMMUNICATION;7f400ec8-17c1-4e4a-8a97-0e8e08553869;0;Aug 31, 2022;3;f_46;Easy to use and does what it needs to do, however I don't see any reason an Instant Messaging app should have ads.;Easy to use and does what it needs to do, however I don't see any reason an Instant Messaging app should have ads.;1;0
iteration_13;Live Earth Map HD - World Map;MAPS_AND_NAVIGATION;c223bc1c-945e-47d0-921d-842dda0661bd;0;Sep 05, 2022;5;f_409;Live Earth Map HD- World Map 3D & share locations is very useful and amazing app .it's works very good and helpful .you can explore all locations and driving directions around the world and share with friends 🚨;Live Earth Map HD- World Map 3D & share locations is very useful and amazing app .it's works very good and helpful .you can explore all locations and driving directions around the world and share with friends 🚨;1;0
iteration_13;Sticker maker;TOOLS;754a7038-0d98-4027-8d05-14267549e982;0;Jun 17, 2022;5;f_32;this app is great you should try this app if you have sticker battles with your friends this app relly helps us to make our own sticker you should try it 🤩🤩💖💖;this app is great you should try this app if you have sticker battles with your friends this app relly helps us to make our own sticker you should try it 🤩🤩💖💖;1;0
iteration_13;Evernote - Note Organizer;PRODUCTIVITY;a3a571cd-b434-4d93-aa36-1c25f6ac0478;0;Sep 02, 2022;5;f_67;Easy to organise notes by category and find my data easily;Easy to organise notes by category and find my data easily;1;0
iteration_13;Samsung Notes;PRODUCTIVITY;8e28f11f-2a49-402d-be88-1ed4730b3efa;0;Aug 10, 2022;5;f_40;Super flexible and perfect for ad-hoc notetaking!;Super flexible and perfect for ad-hoc notetaking!;1;0
iteration_13;In Love while Parenting;LIFESTYLE;f8dff5e7-3bce-43be-90a9-87ecd4b51a1f;0;Jun 02, 2022;5;f_344;Very Educational. New dad. Glad this is out there.;Very Educational.;1;0
iteration_13;True Phone Dialer & Contacts;COMMUNICATION;74efee91-effa-47fb-8850-fbc21d2e4a62;0;May 07, 2022;5;f_129;Wonderful app with tones of option only video calling is not there if add that it will be perfect , i need phone video calling;Wonderful app with tones of option only video calling is not there if add that it will be perfect , i need phone video calling;1;0
iteration_13;Samsung Notes;PRODUCTIVITY;28ee4a94-5d96-4ecf-bc34-233bc99d9af2;0;Aug 18, 2022;5;f_451;Easy to keep, organize, and share notes;Easy to keep, organize, and share notes;1;0
iteration_13;Google Keep - Notes and Lists;PRODUCTIVITY;d8aec82a-0d5e-44dd-a7be-6fc2cecd3d85;1;Sep 11, 2022;5;f_451;Very useful. The feature for sharing notes with other users is very handy;The feature for sharing notes with other users is very handy;1;0
iteration_13;Habit Hunter: RPG goal tracker;PRODUCTIVITY;99e8d64f-d832-46e4-8502-3e6639b2b812;0;Jul 21, 2022;5;f_498;This app is really nice and useful for gamification.;This app is really nice and useful for gamification.;1;0
iteration_13;Material Notes: Colorful notes;PRODUCTIVITY;661ffcc0-fc95-4977-b3c3-7a48ccb8b7a1;0;Dec 30, 2017;5;f_68;Minimalistic look. Beautiful and simple app.;Minimalistic look.;1;0
iteration_13;Home Workout - No Equipment;HEALTH_AND_FITNESS;2dcc2ca4-4594-4f1a-922b-ab17d5e10038;0;Aug 24, 2022;5;f_283;Great tutorial, really helps;Great tutorial, really helps;1;0
iteration_13;To Do List;PRODUCTIVITY;33a6ada6-7d57-4b39-b22a-bdebabcf7f5c;0;Jul 07, 2022;5;f_494;Great way to plan your day, same as using a daily planner. I used to use one when I was in the hotel business back in the 90's except the hotel was paying $220.00 for a Yearly subscription of booklets. This one is free !;Great way to plan your day, same as using a daily planner.;1;0
iteration_13;True Phone Dialer & Contacts;COMMUNICATION;5a797c59-8d98-4b5a-be2c-057f25baedea;0;Oct 12, 2021;4;f_133;fastest phone call dialler;fastest phone call dialler;1;0
iteration_13;Focus To-Do: Pomodoro & Tasks;PRODUCTIVITY;ffeeb579-55cb-4908-9ef2-7fd751f91d9e;3;Aug 01, 2022;5;f_414;Excellent productivity tool! 🔥🔥🔥 Love the ubiquity and being able to use it in all of my devices. Clean design and beautiful timer. There are a few opportunities: 1) really needs some integrated music options (at least lofi, but preferably lofi, bineural beats, classical, metal). 2) needs more Integrations or Pabbly Connect/Zapier or an open API (specifically need integration/sync w/Google Calendar, Google Tasks, Microsoft ToDo) 3) needs a desktop widget for Android;Clean design and beautiful timer.;1;0
iteration_13;Google Lens;TOOLS;7f8fc658-0ecd-4163-a1b2-62f8a884aded;0;Sep 06, 2022;5;f_344;This App is useful The # 1 Part about Google Lens Is It's Educational & It Teaches you about how much something is worth plus it tells you Names of Different types of things and Names of different types of Tree's & Plants It's tells you what something is whatever you take a picture of extremely useful if you want to learn about things your interests in this is the way to go. I'm a landscaper I plant a lot of flowers , Plants, small trees anything with roots that grow I use LENS everyday;This App is useful The # 1 Part about Google Lens Is It's Educational & It Teaches you about how much something is worth plus it tells you Names of Different types of things and Names of different types of Tree's & Plants;1;0
iteration_13;Repeat Habit - Habit tracker f;PRODUCTIVITY;61a05c94-ab3d-4f60-9453-2ee227a7162a;0;May 22, 2020;5;f_7;Great app ....after so long found a genuine free habit tracker;Great app ....after so long found a genuine free habit tracker;1;0
iteration_13;BlackNote Notepad Notes;PRODUCTIVITY;959935db-8bb3-475d-937e-26230c6c6578;0;May 09, 2021;5;f_76;This Is The Best Note App Ever ❤️ They Provide Complete Solution To All Your Expectations From A Diary Or Notepad App Like They Give You Black Theme, Choice Between Notes & Checklists, Creating Folders, Favourites, Locking The Notes, Changing Size & Opacity Of Fonts, Creating Heading & Titles, Etc. Hence, Every Basic Expectation Is Right There With Flawless UI ✨;This Is The Best Note App Ever ❤️ They Provide Complete Solution To All Your Expectations From A Diary Or Notepad App Like They Give You Black Theme, Choice Between Notes & Checklists, Creating Folders, Favourites, Locking The Notes, Changing Size & Opacity Of Fonts, Creating Heading & Titles, Etc. Hence, Every Basic Expectation Is Right There With Flawless UI ✨;1;0
iteration_13;Fabulous Daily Routine Planner;HEALTH_AND_FITNESS;3e35ab98-4a83-4d97-8024-0becb42e1bad;3;Aug 08, 2022;5;f_286;Best app for better lifestyle changes. Amazing story telling animation and groups community. I loved this app. Nice reminders;Nice reminders;1;0
iteration_13;HabitNow Daily Routine Planner;PRODUCTIVITY;ce9abed1-dd93-426d-a124-ec5434576a6a;0;Aug 23, 2022;5;f_494;If the free version is so good, I am sure the paid version would be much better For almost 32 years I've used a manual planner. Every year. Everyday This app gives everything that I always felt was missing in those manual planners ... and more. Much more !! I've tried many other apps. But this is something else. Intutive but non-intrusive I want a super efficient secy and not a nosey bossy assistant;If the free version is so good, I am sure the paid version would be much better For almost 32 years I've used a manual planner.;1;0
iteration_13;Bills Reminder;PRODUCTIVITY;d463d99e-e8f8-4bcd-8534-a9a3a9ba3fce;1;Jan 08, 2022;5;f_437;Easy to use. And the reminder notification works well. You will not forget a bill.;And the reminder notification works well.;1;0
iteration_13;Samsung Notes;PRODUCTIVITY;aa0ffc98-c765-45ea-9bc1-372dbb14d81a;0;Aug 30, 2022;4;f_259;it's so easy to use especially with Samsung internet browser....i totally love it but if this app can provide for hyperlink option then it would have been the best notes making app ever.;it's so easy to use especially with Samsung internet browser....i totally love it but if this app can provide for hyperlink option then it would have been the best notes making app ever.;1;0
iteration_13;ColorNote Notepad Notes;PRODUCTIVITY;6d2ff993-6949-4d8a-bb12-53662702c1e2;1;Aug 28, 2022;5;f_102;I use this app to take notes in church and send them to family and friends. It also works for grocery lists and even daily tasks. Try it, you'll like it. Great way to keep notes for my job and almost anything else. I use this app for everything I need to remember or list even to store my spiritual writings. It's great and I have no complaints.;It also works for grocery lists and even daily tasks.;1;0
iteration_13;Telegram;COMMUNICATION;c6c174cb-7b8e-4ed3-9f94-6dcc6f39db3c;0;Aug 30, 2022;5;f_399;Cloud Storage 🔥;Cloud Storage 🔥;1;0
iteration_13;WhatsApp Wallpaper;PERSONALIZATION;f90b96f3-ab8c-42b0-a5f8-20149edf3f7e;0;Jul 13, 2022;3;f_482;One of the better apps but why oh why do the ask consent to read messages or phone calls if its end to end encryption, especially when they tell u WhatsApp can't even read or listen to your conversations,l think they can read and listen, why else would they ask consent🤔;One of the better apps but why oh why do the ask consent to read messages or phone calls if its end to end encryption, especially when they tell u WhatsApp can't even read or listen to your conversations,l think they can read and listen, why else would they ask consent🤔;1;0
iteration_14;Google Lens;TOOLS;ba6d731e-3275-4934-82d5-8f7727a907c7;0;Aug 15, 2022;5;f_15;A very useful translator / text copier / thing identifier / picture searcher.;A very useful translator / text copier / thing identifier / picture searcher.;1;0
iteration_14;Lose Weight App for Men;HEALTH_AND_FITNESS;a9007f99-29a6-40c0-a54d-593bc697e03f;0;Sep 08, 2022;5;f_417;Awesome ⭐⭐⭐⭐⭐App to do exercise without any Coaching or watching videos, it will definitely burn out specific calories as shown.;Awesome ⭐⭐⭐⭐⭐App to do exercise without any Coaching or watching videos, it will definitely burn out specific calories as shown.;1;0
iteration_14;OsmAnd — Maps & GPS Offline;TRAVEL_AND_LOCAL;4a617771-2abb-49a1-95e9-8908fdd8bff6;1;Sep 03, 2022;5;f_240;"Maps and navigation generally works great, also when audio only. You can additionally add information about the vehicle, eg top speed, height, etc and the routing will take it into account. Otherwise, the app is also great for general navigation - I just wish it would load on adjacent ""chunks"" while they're off-screen. The main reason I still have Google maps installed is that there's no restaurant reviews available, for obvious reasons.";You can additionally add information about the vehicle, eg top speed, height, etc and the routing will take it into account.;1;0
iteration_14;Samsung Notes;PRODUCTIVITY;3fe57e6f-b70e-4ae3-9df9-2b9c9ce2fbfa;0;Jul 23, 2022;2;f_274;OneNote sync works as RSS subscription via Outlook. Make my OneNote and Samsung Notes sync natively, then my experience would be much better;OneNote sync works as RSS subscription via Outlook.;1;0
iteration_14;Tasks: to do list & tasks;PRODUCTIVITY;51301240-d880-44d9-80b5-9516ebb11ae7;0;Sep 02, 2022;5;f_96;Very intuitive, links to calendar super easily, love that I can make schedules or lists, love it.;Very intuitive, links to calendar super easily, love that I can make schedules or lists, love it.;1;0
iteration_3;Google Lens;TOOLS;010d2015-df04-4608-bf18-63a0fe2055a0;0;Aug 10, 2022;5;f_15;Handy translator;Handy translator;1;0
iteration_3;Instagram;SOCIAL;012e923d-d9e9-46d3-9999-379d943c3adc;0;Sep 14, 2022;5;f_218;Good customer feedback;Good customer feedback;1;0
iteration_3;Weather Radar Widget;WEATHER;01d4bdc4-59d2-4c16-a0b0-be80428a9a94;0;Aug 30, 2021;5;f_472;Excellent, the best Weather Radar Widget.;Excellent, the best Weather Radar Widget.;1;0
iteration_3;Telegram;COMMUNICATION;0285cde0-a37a-4990-81ac-95741002186f;0;Aug 22, 2022;3;f_220;The app helps you to meet new people but a lot of pornographical content;The app helps you to meet new people but a lot of pornographical content;1;0
iteration_3;Repeat Habit - Habit tracker f;PRODUCTIVITY;037b7b4b-0ae3-46b2-a2a4-15a0939c02ba;0;May 06, 2021;5;f_7;Amazing habit tracker. I've tried sooooo many but nothing satisfied me. This one on the other hand.... Absolutely blew my mind. Definitely recommend it to anyone.;Amazing habit tracker.;1;0
iteration_3;Height Increase Workout;HEALTH_AND_FITNESS;050a9865-8da1-4d1d-b214-b7ed8eec528b;1;Mar 31, 2022;5;f_494;Awesome app no video ads and if there are they are short and quick. Perfect diet planner and sleep tracker.exercises are easy to do and effective.;Perfect diet planner and sleep tracker.;1;0
iteration_3;Telegram;COMMUNICATION;05b31876-6f40-4474-b29f-9ff838c61aab;0;Aug 30, 2022;5;f_310;Very fast and highly encrypted application;Very fast and highly encrypted application;1;0
iteration_3;Cozi Family Organizer;PRODUCTIVITY;070cb3f4-688b-4ce5-8db7-73f54251362c;1;Jul 12, 2022;5;f_101;No complaints. It works great for a shared family calendar, grocery lists, and to-do lists. I can put assignments on my husband's to-do list.;It works great for a shared family calendar, grocery lists, and to-do lists.;1;0
iteration_3;Stopwatch Timer;TOOLS;077c2f79-b02f-4ffb-8d19-a07eefc72cff;0;Jun 13, 2022;4;f_63;Pretty useful as regular timer and stopwatch;Pretty useful as regular timer and stopwatch;1;0
iteration_3;Buttocks Workout - Fitness App;HEALTH_AND_FITNESS;077c6eb0-cff4-4704-9dbb-c437ef753c0a;0;Jul 01, 2022;5;f_344;Educational;Educational;1;0
iteration_3;Stuff - To Do List Widget;PRODUCTIVITY;07b4aa0d-d459-46de-bcc8-1861d0e77128;1;Mar 06, 2022;5;f_210;Perfect. Customizable. So easy to add items to lists and remove them when completed. Create any category you want. Make text any size or color. I dedicated another screen on my phone for this widget. Appointments, to do, groceries,etc. Much better and faster than using pen and paper. On my black background and the transparency options combined, the text stands right out. So many options. I would have paid a little more. Many thanks to the developer. Highly recommend!;Customizable.;1;0
iteration_3;Just Run: Zero to 5K (and 10K);HEALTH_AND_FITNESS;07f84b75-45fb-4ec4-a04e-7c8abe4e1412;4;Jul 23, 2022;5;f_506;I really enjoy this app. It's simple to use , doesn't take up too much resources, doesn't require any crazy permissions. It does a good job announcing when you've completed half of your run and when to start cooling down. One thing that might make it slightly better, if there were a way to announce during your run how much time you have completed, like every 15 minutes or so. Overall a great running app!;Overall a great running app!;1;0
iteration_3;Turtl;PRODUCTIVITY;090957c3-813b-446e-9d33-fdde6a4726f9;1;Aug 24, 2019;5;f_310;Very cool so far. Basic and encrypted. Nice and simple layout. Syncs to Windows. Hoping to support it after some testing;Basic and encrypted.;1;0
iteration_3;ColorNote Notepad Notes;PRODUCTIVITY;093e5cc6-8ec0-4825-9839-765734e0c4f5;1;May 11, 2022;5;f_209;Great app. Well integrated sync between devices and simplistic UI.;Well integrated sync between devices and simplistic UI.;1;0
iteration_3;Easy Message: text without sav;COMMUNICATION;0a2355a0-68e0-4503-80f7-62b03959c7a6;0;Oct 06, 2021;5;f_46;Excelent applition for instant messaging on WhatsApp.;Excelent applition for instant messaging on WhatsApp.;1;0
iteration_3;True Phone Dialer & Contacts;COMMUNICATION;0b066f46-13b8-4130-8c69-4db6bb9c7967;0;Jun 04, 2022;5;f_129;Please add video calling option please thats it, in this app all function are good nice use;Please add video calling option please thats it, in this app all function are good nice use;1;0
iteration_3;Loop Habit Tracker;PRODUCTIVITY;0c10e656-c938-4c52-a34b-e2d253cca485;0;Apr 03, 2022;5;f_7;Simple and easy to use habit tracker;Simple and easy to use habit tracker;1;0
iteration_3;WhatsApp Wallpaper;PERSONALIZATION;0d34f7dd-a0ee-4a47-afa6-b2d1ad5d5485;0;Mar 13, 2022;5;f_180;awesome team work but this application does need updating now Twice a year since it hasn't been updated since may 2011 it would be great if you update this application every month and year like you do with WhatsApp👍 💝💝💝❤❤️👍👍👍👍👍👍👍👍👍👍👍👍👍👍👍👍👍👍👍👍👍👍👍👍👍👍👍👍👍👍👍👍👍👍👍👍👍👍👍👍👍👍👍👍👍👍👍👍👍👍👍👍👍👍👍👍👍👍👍👍👍👍👍👍👍👍👍👍👍👍👍👍👍👍👍👍👍👍👍👍👍👍👍👍👍👍👍👍👍👍👍👍👍👍👍👍👍👍👍👍👍👍👍👍👍👍👍👍👍👍👍👍👍👍👍👍👍👍👍👍👍👍👍👍👍👍👍👍👍👍👍👍👍👍👍✔️✔;awesome team work but this application does need updating now Twice a year since it hasn't been updated since may 2011 it would be great if you update this application every month and year like you do with WhatsApp👍 💝💝💝❤❤️👍👍👍👍👍👍👍👍👍👍👍👍👍👍👍👍👍👍👍👍👍👍👍👍👍👍👍👍👍👍👍👍👍👍👍👍👍👍👍👍👍👍👍👍👍👍👍👍👍👍👍👍👍👍👍👍👍👍👍👍👍👍👍👍👍👍👍👍👍👍👍👍👍👍👍👍👍👍👍👍👍👍👍👍👍👍👍👍👍👍👍👍👍👍👍👍👍👍👍👍👍👍👍👍👍👍👍👍👍👍👍👍👍👍👍👍👍👍👍👍👍👍👍👍👍👍👍👍👍👍👍👍👍👍👍✔️✔;1;0
iteration_3;ColorNote Notepad Notes;PRODUCTIVITY;0d5f15da-f4d9-4526-a5b6-62c1945b3c74;0;Jul 14, 2022;5;f_257;Easy to use, negligible ads, syncs across devices, highly recommend.;Easy to use, negligible ads, syncs across devices, highly recommend.;1;0
iteration_3;BlackNote Notepad Notes;PRODUCTIVITY;0fcb8af3-45e1-4151-98b2-64f97a03912c;0;Feb 13, 2022;5;f_40;Solid notetaking app;Solid notetaking app;1;0
iteration_3;Productivity Challenge Timer;PRODUCTIVITY;11a15914-2109-4a61-8725-d07e782775d1;0;Apr 25, 2022;5;f_36;Really great app recomended by hum jeetenge YouTube channel;Really great app recomended by hum jeetenge YouTube channel;1;0
iteration_3;Todoist: to-do list & planner;PRODUCTIVITY;122958c0-7805-4f1f-bc9e-525f3c13c19a;0;May 14, 2022;5;f_175;Very intuitive UI and nice for the project management!!! Recommend! ++;Very intuitive UI and nice for the project management!!!;1;0
iteration_3;Stopwatch Timer;TOOLS;12b3e914-d167-4763-8989-773649e44c78;2;Aug 03, 2022;4;f_63;[EDIT] Sorry again for still not giving full 5★ rating due to the very annoying APP Rating dialog box that still always popped out on the APP Exit even though I had purchased it and had given review + rating here, both almost a year ago. [/EDIT] •• Cool Timer & StopWatch APP that is accurately, uniquely, and aesthetically designed with eye-soothing colorful themes for personalization. • Thank You;[/EDIT] •• Cool Timer & StopWatch APP that is accurately, uniquely, and aesthetically designed with eye-soothing colorful themes for personalization.;1;0
iteration_3;Geo Tracker - GPS tracker;TRAVEL_AND_LOCAL;13c8f261-af81-4abe-8436-d7c31a9ced95;1;Jul 04, 2022;5;f_106;This fits my needs perfectly. Good work done, please I suggest you add online and login so we can track sales workers.;Good work done, please I suggest you add online and login so we can track sales workers.;1;0
iteration_3;Loop Habit Tracker;PRODUCTIVITY;143b605e-fe4d-48b4-8527-217217f22f72;0;Feb 01, 2022;4;f_7;"This is one of the best free habit tracker app out there, with easy analysis,minmal user interface and one can add as many habits as one may want to but the only problem with that ""it doesn't provide data sync and backup"". If that could be added, no better app than this";"This is one of the best free habit tracker app out there, with easy analysis,minmal user interface and one can add as many habits as one may want to but the only problem with that ""it doesn't provide data sync and backup"".";1;0
iteration_3;Transit: Bus & Subway Times;MAPS_AND_NAVIGATION;14ac6c41-f42c-4484-b901-57f369d0ec11;0;Sep 14, 2022;5;f_414;Accurate, simple to understand user interface and aesthetically pleasing as well with a modern and clean design.;Accurate, simple to understand user interface and aesthetically pleasing as well with a modern and clean design.;1;0
iteration_4;Material Notes: Colorful notes;PRODUCTIVITY;1590bde2-7508-41e6-9a69-71099be0f3f7;1;Oct 25, 2020;4;f_247;I love this app. Perfect for notes and checklists. I just wish that my swipe keyboard settings worked, it's hunt and peck only as best I can determine.;Perfect for notes and checklists.;1;0
iteration_4;Calendar Notify - Widget, Lock;PRODUCTIVITY;15fb3e8a-3e15-48fe-af4e-0f39264ed2d0;0;Dec 12, 2021;5;f_96;Great app for calendar viewing.;Great app for calendar viewing.;1;0
iteration_4;Todoist: to-do list & planner;PRODUCTIVITY;16f5fc07-caa9-42fc-832e-674895d2c155;0;Mar 19, 2022;5;f_494;Awesome task planner.;Awesome task planner.;1;0
iteration_4;ColorNote Notepad Notes;PRODUCTIVITY;17484b3a-bc54-46e5-88b4-4450f7f4ebe5;7;Jul 09, 2022;5;f_104;Beem using this app for YEARS.. and this review is long over due. I wholeheartedly trust this application, and my data/personal information within it. I've never lost a single poem, idea, list. I have around 1000 notes saved. All backed up automatically and can be pass. protected. This on top of Syncing with your email. I only wish the desktop app worked just as well. 2 Broken phones & i'll find i still have it all. Idk what I'd do without this.. & it's easy to navigate. Ty colornote team!☆☆☆☆☆;I only wish the desktop app worked just as well.;1;0
iteration_4;Step Counter - Pedometer;HEALTH_AND_FITNESS;17562997-0193-49cf-abbb-84b19cbd3177;0;Aug 08, 2022;5;f_498;Love the gamification.;Love the gamification.;1;0
iteration_4;Tasks;PRODUCTIVITY;175e9f81-7325-42fd-91b6-b3b849948f57;1;Dec 31, 2021;3;f_437;"Great idea, but not very customizable nor time-efficient. This app works for those who are looking for something really simple ""on the go"" and use it for a simple reminder. There are better apps on the market with much more features.";"This app works for those who are looking for something really simple ""on the go"" and use it for a simple reminder.";1;0
iteration_4;imo-International Calls & Chat;COMMUNICATION;185ae1fd-180a-475f-ab9b-2b181637ce5c;0;Sep 08, 2022;5;f_129;Good video calling and excellent;Good video calling and excellent;1;0
iteration_4;Loop Habit Tracker;PRODUCTIVITY;1899eec4-2fce-4a3e-907a-5460cb4a46e9;1;Nov 23, 2021;5;f_68;Absolutely amazing, there is no analogue to this app on all platforms, absolutely the best! Minimalistic, adaptable to screen, stylish and easy to use. Love it!;Minimalistic, adaptable to screen, stylish and easy to use.;1;0
iteration_4;Weather Radar Widget;WEATHER;18dadfe9-3d8f-486b-9c84-a9bbcc3a1ce7;0;Apr 20, 2019;5;f_472;SEE RADAR OF THE NATION I LIKE VIEWING RADAR MAPS THIS ONE IS A GOOD ONE;SEE RADAR OF THE NATION I LIKE VIEWING RADAR MAPS THIS ONE IS A GOOD ONE;1;0
iteration_4;True Phone Dialer & Contacts;COMMUNICATION;198e5b0c-e4b8-4b66-8c2f-b9f6ea5c7d8e;0;Aug 23, 2021;5;f_133;It's very amazing new phone calls 😍😍;It's very amazing new phone calls 😍😍;1;0
iteration_4;Yuka - Food & cosmetic scan;HEALTH_AND_FITNESS;1b8caa22-ea2c-4d20-aba7-95b9ab400991;0;Sep 13, 2022;5;f_492;A very cool tool for your health and wellness.;A very cool tool for your health and wellness.;1;0
iteration_4;Pomodoro Timer;PRODUCTIVITY;1caad3aa-e342-411a-9334-f748f338d3d9;0;May 16, 2022;5;f_68;Minimalistic , easy to use and no ads;Minimalistic , easy to use and no ads;1;0
iteration_4;Material Notes: Colorful notes;PRODUCTIVITY;1d84de7f-74fc-4171-ad74-a085168bf67c;0;Mar 06, 2017;5;f_23;Useful app which follows Material Design guidelines.;Useful app which follows Material Design guidelines.;1;0
iteration_4;mysms SMS Text Messaging Sync;COMMUNICATION;1df751a6-fbaa-4097-98d8-9b45af88f2e1;0;Nov 20, 2021;4;f_104;Fair App - Sync w/ desktop app is got better.;Fair App - Sync w/ desktop app is got better.;1;0
iteration_4;Telegram;COMMUNICATION;1e343ed7-8e0b-452f-bf4a-70824d296f4e;0;Sep 04, 2022;4;f_339;It was great but when the video is sent is timer it wont play and if i send any video in timer it plays in other mobile why is thi s prob i have updated the telegram app also to latest version;It was great but when the video is sent is timer it wont play and if i send any video in timer it plays in other mobile why is thi s prob i have updated the telegram app also to latest version;1;0
iteration_4;Stopwatch Timer;TOOLS;1e8ac1dc-2dc0-415e-aa31-5444e419f128;0;Apr 30, 2022;5;f_63;Simple to use stopwatch/timer;Simple to use stopwatch/timer;1;0
iteration_4;Material Notes: Colorful notes;PRODUCTIVITY;1f3d09ad-6c6c-4258-b348-3a4a0c4c6726;0;Dec 03, 2021;5;f_246;Its a great notebook to download and easy to use it saves auntomatically so you dont need to worry about losing any typed written work done on the notebook applyiet;Its a great notebook to download and easy to use it saves auntomatically so you dont need to worry about losing any typed written work done on the notebook applyiet;1;0
iteration_4;Pomodoro Timer;PRODUCTIVITY;1f8d67ea-b079-4b40-b8ce-730f4c76912e;1;Jan 17, 2022;5;f_82;minimalistic, easy to use and user friendly. completely offline and no ads! huge thanks to devs for making this amazing app, you help me a lot ❤️;completely offline and no ads!;1;0
iteration_4;Kik — Messaging & Chat App;COMMUNICATION;218284ab-44ec-48f4-b530-a9d7ecaa017b;0;Sep 12, 2022;1;f_128;I love the video chat!! I've been asking for it for some time and its great that its actually here...but the chats deleting after you sign out is still an issue in my book;I love the video chat!!;1;0
iteration_4;WhatsApp Messenger;COMMUNICATION;22dc9690-b4b6-4340-b9ac-4d19eef51059;0;Sep 15, 2022;5;f_118;Very nice and interesting messaging app;Very nice and interesting messaging app;1;0
iteration_4;Weather Radar Widget;WEATHER;235c6836-aba7-4239-af05-0883687c1f74;0;Jul 18, 2020;5;f_472;Weather Radar Widget is a very good app. You can also zoom in to your back yard. I only wish it can give weather conditions further out into the gulf areas. It doesn't seem to be able to view much of inner gulf waters just alongside the coast. Thanks, you're better than any other app available. I'm keeping you.;Weather Radar Widget is a very good app.;1;0
iteration_4;Telegram;COMMUNICATION;247e1850-a82b-4c80-9afe-1747842eaa17;0;Sep 13, 2022;5;f_174;Nice app but add an option of Private Chat which can be seen by adding only password and Patterns;Nice app but add an option of Private Chat which can be seen by adding only password and Patterns;1;0
iteration_4;Hammer: Truck GPS & Maps;MAPS_AND_NAVIGATION;24d54a10-5f03-4afd-8a65-adeccab40a3b;2;Aug 19, 2022;5;f_240;All around great app. Honestly no idea how it's completely free, but it is. Shows truck stops, scales, and the routing has been spot on every time. Every trucker should have it. No need to pay truck stops $500+ for a gps system;Shows truck stops, scales, and the routing has been spot on every time.;1;0
iteration_4;Notepad - simple notes;PRODUCTIVITY;24dfdc9d-503a-423c-9243-c334edea7506;0;Aug 03, 2022;5;f_384;Simple to use, fast, small memory usage, no ads, saves automatically when you close the app.;Simple to use, fast, small memory usage, no ads, saves automatically when you close the app.;1;0
iteration_4;Turtl;PRODUCTIVITY;250a8dc9-7fc3-4a99-9806-784bfb45e59f;0;Oct 21, 2019;5;f_262;Great and secure, tagging makes things so much easier;Great and secure, tagging makes things so much easier;1;0
iteration_4;Notepad – Notes and Checklists;TOOLS;2517ba2a-f0ad-4c0d-86a0-df206d15677b;0;Aug 21, 2022;5;f_432;Better than my Diary, previously had 6 journals.;Better than my Diary, previously had 6 journals.;1;0
iteration_4;Todoist: to-do list & planner;PRODUCTIVITY;25599cb9-0f37-42bb-b4d9-42cb630465d5;1;Jan 07, 2022;5;f_72;Unquestionably the best todo app I've used, and I've tried all of them. The syncing with calendars, Alexa and multi device support takes the cake for me.;The syncing with calendars, Alexa and multi device support takes the cake for me.;1;0
iteration_4;Telegram X;SOCIAL;258b461b-f75e-4f11-b17f-abec69a0bcbf;0;Jul 02, 2022;5;f_424;Please add the comments section and it will become the best telegram app.👋;Please add the comments section and it will become the best telegram app.👋;1;0
iteration_4;True Phone Dialer & Contacts;COMMUNICATION;27409983-3fbd-445e-b962-4a50e16e6db9;0;Mar 15, 2022;5;f_215;Nice and add call recording;Nice and add call recording;1;0
iteration_4;GPS Map Camera;TRAVEL_AND_LOCAL;2876b697-303e-4631-b3d7-afef4ec9996b;0;Jun 05, 2022;5;f_262;Good to capture photo with sudden and accurate geo tagging;Good to capture photo with sudden and accurate geo tagging;1;0
iteration_5;Remind Me - Notif Reminder;PRODUCTIVITY;82db5652-98f0-4aa9-9c54-3b986374e991;1;Aug 11, 2022;5;f_330;Perfect reminder app! The interface is so clean, no subscriptions and an option to remove all ads. I love the concept. I wish it was able to follow system theme to automatically switch from light mode to dark mode.;The interface is so clean, no subscriptions and an option to remove all ads.;1;0
iteration_5;WAMR - Recover deleted message;COMMUNICATION;c64fd59d-abd6-4d60-bd7f-3342ab6a03e5;0;May 16, 2022;3;f_117;Very helpful to recover messages;Very helpful to recover messages;1;0
iteration_5;Speedometer, Distance Meter;MAPS_AND_NAVIGATION;6864772c-7011-455b-8de5-e3250b4e5d26;0;May 22, 2021;5;f_506;Very good application for running;Very good application for running;1;0
iteration_5;Productive - Habit tracker;PRODUCTIVITY;9e4b8e57-7c1d-4ccf-ba81-7445c15e9005;1;Dec 01, 2020;5;f_471;This is my frist time leaving a review because this app is exactly what I'm looking for right now in life. Beautiful graphics, clever tactile UI and community based challenges to always keep you engaged. I haven't been this excited about an app in a long time.;Beautiful graphics, clever tactile UI and community based challenges to always keep you engaged.;1;0
iteration_5;Running App - GPS Run Tracker;HEALTH_AND_FITNESS;a396c250-0cb3-4baa-8c4f-a834cd0b2e81;0;May 30, 2022;5;f_506;Great running app!;Great running app!;1;0
iteration_5;Weather Radar Widget;WEATHER;d385d6c3-cccc-4448-b848-7451f3342768;0;Nov 11, 2021;5;f_472;This is a very nice Radar App It's nice because you can set Satellite which is a more realistic effect Highly Recommended;This is a very nice Radar App;1;0
iteration_5;Samsung Notes;PRODUCTIVITY;d7a43d8b-3227-4115-897a-2a363801587b;0;Aug 21, 2022;5;f_451;great for shopping list and shared notes between people;great for shopping list and shared notes between people;1;0
iteration_5;Todoist: to-do list & planner;PRODUCTIVITY;bff692c3-5980-45d5-a708-bf7533bff848;0;Dec 20, 2021;5;f_302;These guys take theirs todo list management very seriously. But they also made it easy to use. Great job! And the free tier does all I need :);These guys take theirs todo list management very seriously.;1;0
iteration_5;Samsung Notes;PRODUCTIVITY;2b036bcc-7b90-425a-a8ad-c6bed153ed2a;0;Jul 07, 2022;5;f_40;I wish I could change the font of my handwriting, but other than that, this is a pretty good notetaking app.;I wish I could change the font of my handwriting, but other than that, this is a pretty good notetaking app.;1;0
iteration_5;ColorNote Notepad Notes;PRODUCTIVITY;ce088ff9-ee30-40eb-805e-73b97f0e5820;0;Aug 01, 2022;5;f_14;So easy to write notes in multiple languages on clean-n-clear pad. Quick in saving. Very useful.;So easy to write notes in multiple languages on clean-n-clear pad.;1;0
iteration_5;ColorNote Notepad Notes;PRODUCTIVITY;92aa91b5-8d71-407c-95b2-4b13a548bc9e;2;May 31, 2022;5;f_247;Awesome list tool. I collect baseball cards and use it to keep my lists of cards I need. Also good shopping or checklist app.;Also good shopping or checklist app.;1;0
iteration_5;Telegram X;SOCIAL;fe84a3cf-2220-4171-ac0e-57f77b5a4959;1;Jun 30, 2022;4;f_424;great! but i hope you'll add the comment section and add more features like the telegram original :( so far, i love using this app so much :(;but i hope you'll add the comment section and add more features like the telegram original :( so far, i love using this app so much :(;1;0
iteration_5;Stopwatch Timer;TOOLS;9f7fc613-353d-4982-b790-e57411e058a2;0;Dec 21, 2021;5;f_63;Experiencer stopwatch;Experiencer stopwatch;1;0
iteration_5;Make-A-List;PRODUCTIVITY;e6c1d53b-f2fb-42d6-add0-13cdc04edcb9;0;Apr 21, 2022;5;f_302;Excellent list management! Thank you so very much.;Excellent list management!;1;0
iteration_5;Instagram;SOCIAL;77107c04-3a0c-4478-925a-05ae323d39b7;0;Sep 15, 2022;4;f_85;This is a great tool for sharing videos and stories.;This is a great tool for sharing videos and stories.;1;0
iteration_5;Status Saver - Video Download;PRODUCTIVITY;dac7bbf5-394f-4842-b13f-fb484e095853;4;Jul 14, 2022;4;f_67;No problem with this app. Only issue is it takes time to download your video online if you have a router connection no worries then and shows Ad at every download so just want you to look after these things. Otherwise very good app. Even you can download other catagory videos online rather than a status video;Even you can download other catagory videos online rather than a status video;1;0
iteration_5;imo-International Calls & Chat;COMMUNICATION;fa7581a6-9948-430d-b84b-70981a5a6557;2;Sep 12, 2022;5;f_128;Group Video & Audio Chats Support real-time group video chats up to 20 members. Enjoy live talks with colleagues, friends and families, create a conference room for online meeting, and send large size videos or documents as you like. It is the perfect tool for throwing an online party or working from home.;It is the perfect tool for throwing an online party or working from home.;1;0
iteration_5;MixNote NotePad Notes;PRODUCTIVITY;b4336966-c994-4925-a63c-f3ef0b70b32c;0;Jul 26, 2018;4;f_414;"Really good, clean design. Interface and added options seem intuitive. If 
it ever gets a ""Dark theme"", I'll give it five stars.";Really good, clean design.;1;0
iteration_5;Codo: Shared Todo-Lists & Remi;PRODUCTIVITY;9fdf23b2-c9b4-4f86-9b18-35fe6b69e286;0;Jul 24, 2020;5;f_301;Best to do list reminder apps. Infact i can share my to do list with others like individual group system also. Recommend for group works.;Best to do list reminder apps.;1;0
iteration_5;Samsung Notes;PRODUCTIVITY;2ab21d05-f9bf-4b1b-a3c7-de7bd1a5990e;0;Jul 11, 2022;5;f_40;Hands down the best handwritten notetaking app available. Wide range of features and quick sync. All are free, but you do have to buy Samsung devices to use this app, so there's that.;Hands down the best handwritten notetaking app available.;1;0
iteration_5;True Phone Dialer & Contacts;COMMUNICATION;30dc0a1b-4509-4286-84c4-6ff0a0ecf863;0;Sep 22, 2021;3;f_51;App Is Fantastic But It Needed Direct Video Calling Feature. They mentioned About video Calling in lab Settings bt there is no button for video calling kindly work on it.;App Is Fantastic But It Needed Direct Video Calling Feature.;1;0
iteration_5;My Daily Planner: To Do List;PRODUCTIVITY;d3d6cecd-85f0-4eef-80c5-2e269d32e0c5;0;Aug 12, 2022;5;f_494;Super easy to use task planner. Can easily move tasks to other days etc. Has ads but I don't mind those.;Super easy to use task planner.;1;0
iteration_5;CoPilot GPS Navigation;MAPS_AND_NAVIGATION;2e625bfd-5e33-44c0-913a-337fa542d6bd;0;Aug 07, 2022;5;f_26;One of the best GPS navigation aids for cars.;One of the best GPS navigation aids for cars.;1;0
iteration_5;OurHome – chores, rewards, gro;LIFESTYLE;a11e2e2e-b174-47aa-9e25-a4eef5a5a2d1;2;Nov 04, 2020;5;f_330;I've tried LOTS of family organisers and this is by far the best imo. It has a few bugs and could do with a few more features like widgets and calender integration but that said, this is a truly free app. There is no subscriptions, NO adds and no in app purchases. It seems if its loaded up with too much content it tends to slow down so I decided to use a different app for groceries and has worked perfect since. I would gladly pay for this app if that meant it became more robust.;There is no subscriptions, NO adds and no in app purchases.;1;0
iteration_5;BlackNote Notepad Notes;PRODUCTIVITY;2fda3545-a3ff-47dd-9269-1c8b63c6c7cb;2;Apr 05, 2022;5;f_247;Perfect. No intrusive ads. Checklist option is fantastic. I write, i copy, i paste. Simple.;Checklist option is fantastic.;1;0
iteration_5;Material Notes: Colorful notes;PRODUCTIVITY;c0ea60a4-a0ca-4b33-9ddf-8d228068d235;1;Dec 17, 2017;5;f_23;the best note taking app. the material design is simple but stunning. it also has no ads;the material design is simple but stunning.;1;0
iteration_5;Material Notes: Colorful notes;PRODUCTIVITY;d7d109d7-9e8a-44f5-85ca-0249697f1d39;0;Feb 24, 2018;5;f_23;The most simple and elegant notes app in material design!;The most simple and elegant notes app in material design!;1;0
iteration_5;Macros - Calorie Counter;HEALTH_AND_FITNESS;ae59024d-029b-4294-a936-ae0b55ae9dfa;0;Jul 26, 2022;5;f_143;Finally a simple calorie and macro tracker! No need for an account, no adds, no hard push for a premium subscription. Just a simple app for a simple task. THANK YOU!;Finally a simple calorie and macro tracker!;1;0
iteration_5;Sticker maker;TOOLS;fde3dcda-6ea8-482c-8849-8c76c51e9b1d;0;Jul 16, 2022;5;f_32;i love sticker maker;i love sticker maker;1;0
iteration_5;Weather Liveº;WEATHER;37a4a89e-367b-41b2-b1f8-ec7253fdfc6b;1;Feb 22, 2022;5;f_233;"Gets better and better. Variety of widgets; adjustable transparency levels. A bargain. Buy it! I don't live in Kansas, have it set in settings for Ohio. Have to ""refresh to give me the correct weather! Ugh. About to just use the Google app, which I also have. Can this be FIXED? I paid for the version that I have.";"Variety of widgets; adjustable transparency levels.";1;0
iteration_5;Pomodoro Timer;PRODUCTIVITY;8d807369-bac3-496f-a614-1756f23b288c;0;Jul 03, 2022;5;f_414;Simple and clean design, works perfectly. Love it :);Simple and clean design, works perfectly.;1;0
iteration_5;Google Keep - Notes and Lists;PRODUCTIVITY;f00b207f-ef71-43d0-b1db-c61cc46b845b;0;Sep 12, 2022;2;f_258;Please add text formatting, Good basic app for making notes;Please add text formatting, Good basic app for making notes;1;0
iteration_5;BlackNote Notepad Notes;PRODUCTIVITY;2c2e307b-a891-4c60-9c72-8b1a435d63c5;0;Aug 19, 2022;5;f_247;Good notetaking and checklist app;Good notetaking and checklist app;1;0
iteration_5;Material Notes: Colorful notes;PRODUCTIVITY;e99e3e9b-975d-4f45-9a39-d92494054047;1;Sep 27, 2017;4;f_414;Nc app. And clean design.  But, can u give an undo feature? Need it soo much;And clean design.;1;0
iteration_6;Instagram;SOCIAL;4610fda5-2cb1-4977-bf78-bb5e0f2a1eb1;0;Sep 14, 2022;5;f_239;Wonderfull App for social networking;Wonderfull App for social networking;1;0
iteration_6;Remind Me - Notif Reminder;PRODUCTIVITY;4607f603-8960-466f-9838-32b0078942f6;3;Feb 14, 2022;5;f_502;Very useful for those things that pop into your head that you want to keep track of. I've added the Remind Me button to the Quick Panel on my Samsung phone. This means I can just pull the panel down, hit the Remind Me button and quickly enter what I need to be reminded of. I like that the quick button lets you choose the persistent option, but it would be good to be able to also add priority and date & time if required. Very simple which I like.;I like that the quick button lets you choose the persistent option, but it would be good to be able to also add priority and date & time if required.;1;0
iteration_6;Just Reminder with Alarm;PRODUCTIVITY;942dc6b7-4578-4f3c-8b25-35ca656b73dd;0;Jun 27, 2022;5;f_60;Great easy to use app, and notification screen is simple to use;Great easy to use app, and notification screen is simple to use;1;0
iteration_6;Google Earth;TRAVEL_AND_LOCAL;aef374cd-26b4-4ca3-8f38-9c7122ba1c5c;0;Sep 09, 2022;5;f_499;Thank u for viewing rating favorite apppp;Thank u for viewing rating favorite apppp;1;0
iteration_6;ColorNote Notepad Notes;PRODUCTIVITY;ac46de1d-53f8-4636-9b0f-0541ea4f11c4;1;Aug 20, 2022;5;f_82;It's very convenient to use. The advantage of being able to read and remember what you have to read offline is cool. It's cute. Also, it can use all the links. If it can separate changing font size and color type, better than now I think. It would be great. Anyway, thanks developer thanks.;The advantage of being able to read and remember what you have to read offline is cool.;1;0
iteration_6;Prioritize Me! - Goals & Todos;PRODUCTIVITY;57b9612b-23f5-4f07-a063-d125758ff675;0;Jun 17, 2018;5;f_502;"The impact of a simple ToDo rearranged on demand by simple comparison of 
each task to others, by choosing which is more important is amazing; 
awaiting an adon to drag and drop to further fine tune the priorities and 
maybe freeze 4 safety?";"The impact of a simple ToDo rearranged on demand by simple comparison of 
each task to others, by choosing which is more important is amazing; 
awaiting an adon to drag and drop to further fine tune the priorities and 
maybe freeze 4 safety?";1;0
iteration_6;Telegram X;SOCIAL;f311be73-b752-4a15-a7f1-0c3d898bc7dc;1;Jun 27, 2022;5;f_339;Oh..so cool...I am happy for official work...Only telegram is rough 🤮;Oh..so cool...I am happy for official work...Only telegram is rough 🤮;1;0
iteration_6;Binaural Beats Therapy;HEALTH_AND_FITNESS;c7d5d704-7472-449b-af75-c9d182ab2855;1;Jun 01, 2022;5;f_83;Still great to this day. Great beats for relaxation.;Great beats for relaxation.;1;0
iteration_6;Brain Focus Productivity Timer;PRODUCTIVITY;375c8ff5-3dd8-41ca-b0e5-11a1509174b4;0;May 24, 2021;5;f_68;Nice Minimalistic app!;Nice Minimalistic app!;1;0
iteration_6;Macros - Calorie Counter;HEALTH_AND_FITNESS;a78728a4-c034-4e27-bb91-0b2b6760ac59;1;May 09, 2022;3;f_439;Generally Well done including a barcode scanner to easily include refined good you eat otherwise a pretty extensive database of foods from a quick search. The only thing is that most items I've added with the barcode don't match the nutritional info on the packages, or they're just partially filled. Also other nice features are create ur own quick foods and recipes and u can activate the net carbs option, good if ur in keto!;Well done including a barcode scanner to easily include refined good you eat otherwise a pretty extensive database of foods from a quick search.;1;0
iteration_6;Prioritize Me! - Goals & Todos;PRODUCTIVITY;59e2821d-d82b-4262-8617-cd590e8556ed;0;Jul 22, 2015;3;f_23;pls enable reprioritize manually and material design layout..  it would improve your apps.. and then I will start consider to buy the apps because it's awesome. =);pls enable reprioritize manually and material design layout..  it would improve your apps.. and then I will start consider to buy the apps because it's awesome. =);1;0
iteration_6;HabitNow Daily Routine Planner;PRODUCTIVITY;6632d6e4-9e63-4316-a1c8-a5d357a248af;1;Sep 06, 2022;5;f_330;In my opinion, this is the cleanest and most straight-foward task manager I've ever used. There is no subscription-based premium version, but a super convenient, small one-time purchase. It can't get better than this!;There is no subscription-based premium version, but a super convenient, small one-time purchase.;1;0
iteration_6;To Do List;PRODUCTIVITY;623d76d3-bf0e-4ceb-a8ea-f0c81d80a72d;0;Jun 16, 2022;5;f_301;Very good app for planning and performing to do list.;Very good app for planning and performing to do list.;1;0
iteration_6;Lifesum: Healthy Eating & Diet;HEALTH_AND_FITNESS;bc72f3d3-804a-46dc-bf5e-42c2b3cb4ec6;0;Sep 14, 2022;4;f_143;It is THE tool for healping keep track of macros and more needs to be more promotional materials to make this mainstream, once it is 5 stars for sure baby. Only complaint is that some foods don't scan.;It is THE tool for healping keep track of macros and more needs to be more promotional materials to make this mainstream, once it is 5 stars for sure baby.;1;0
iteration_6;Prioritize Me! - Goals & Todos;PRODUCTIVITY;eb70267f-a218-44ec-a6c1-448d92dc3d5c;1;Dec 20, 2021;5;f_156;Thank u! So helps with adhd's prioritizing and multitasking drama.;So helps with adhd's prioritizing and multitasking drama.;1;0
iteration_6;Loop Habit Tracker;PRODUCTIVITY;4dca26b3-8ae5-437e-a7bc-34a516cb443e;0;May 17, 2022;5;f_68;Minimalistic. Functional. Annoying (in a good way).;Minimalistic.;1;0
iteration_6;Huawei Health;HEALTH_AND_FITNESS;36267170-6255-4583-ab65-e6cf93f9ba04;0;Jan 31, 2022;4;f_235;It,s good, but cab be better by debugging connecting to other android devices, transfering weather data to band, and sharing data with Google fit without preventing by Google in the reson of privacy;It,s good, but cab be better by debugging connecting to other android devices, transfering weather data to band, and sharing data with Google fit without preventing by Google in the reson of privacy;1;0
iteration_6;Pomodoro Timer;PRODUCTIVITY;2a932f9b-e7bb-4a2d-9ec5-a91f625e21a5;1;Mar 29, 2022;5;f_22;Sleek, efficient design. Lightweight;Lightweight;1;0
iteration_6;Google Lens;TOOLS;a1d39ca7-c301-4975-8686-c5430794dd2a;0;Sep 07, 2022;5;f_14;Very nice app for who did not know multiple languages;Very nice app for who did not know multiple languages;1;0
iteration_6;Couch to 5k & 10k;HEALTH_AND_FITNESS;d2867d2c-3a7c-48e4-9692-7b639adc76b0;1;Jul 04, 2018;5;f_423;"Perfect, the ""half way there"" announcements are the best(for me) to stay 
motivated; it also helps you decide when to return (at half way, 
obviously). You can easily control your music/playlist, without having to 
stop the app or stop running. I am very happy with this app!";"You can easily control your music/playlist, without having to 
stop the app or stop running.";1;0
iteration_6;Viber - Safe Chats And Calls;COMMUNICATION;90b8ef0f-ad95-4ed2-aff9-91d55780bacd;0;Sep 12, 2022;5;f_174;The Viber Chat I's so good cell i's also good.I like this app. Thanks Viber s.a.r.l media.;The Viber Chat I's so good cell i's also good.;1;0
iteration_6;True Phone Dialer & Contacts;COMMUNICATION;c83a6d57-4bea-40b8-b36d-f8fb16ede01b;0;Jul 27, 2021;5;f_210;Very Customizable! So far so good.;Very Customizable!;1;0
iteration_6;Instagram;SOCIAL;ed120c5a-aa90-4f22-88cb-fbdce900247d;0;Sep 14, 2022;5;f_220;Good Platform to share your skills and to meet new people;Good Platform to share your skills and to meet new people;1;0
iteration_6;Microsoft To Do: Lists & Tasks;PRODUCTIVITY;cce72739-bb43-4787-a025-f7e81f3e02b7;0;Sep 13, 2022;5;f_156;Great for multitasking, great for reminders, easy to use across both laptop and smart phone platforms.;Great for multitasking, great for reminders, easy to use across both laptop and smart phone platforms.;1;0
iteration_6;Pomodoro Timer;PRODUCTIVITY;574c38ab-e263-4dd2-a5aa-fd8522a6eb14;1;Dec 14, 2021;5;f_60;simple and effective. nice to have a timer that just makes a notification sound instead of continuous alarm sound;nice to have a timer that just makes a notification sound instead of continuous alarm sound;1;0
iteration_6;Text Me: Second Phone Number;SOCIAL;b28d9d03-4bde-41eb-8b24-215788a8648e;0;Aug 24, 2022;5;f_118;World best app for calling and messaging;World best app for calling and messaging;1;0
iteration_6;Galaxy Wearable (Samsung Gear);TOOLS;9192910a-871f-4b51-a2cd-a745cb8f83d7;1;Aug 15, 2022;5;f_133;I just love it. Never miss a phone call or text. Everything I need to keep my life easier and healthier;Never miss a phone call or text.;1;0
iteration_6;Just Run: Zero to 5K (and 10K);HEALTH_AND_FITNESS;465e5bb2-ee25-49ef-a34c-21bdd48cf4d4;2;Aug 08, 2022;5;f_498;A perfect app. Just Run does exactly what I want it to and nothing more. That includes no price tag, no invasive GPS tracking, no ads, no collecting data to sell, no social media gamification... In these days when every breath and blink is tracked and sold, Just Run is a minor miracle. Download this immediately and start taking better care of yourself, without being weighed down by ads and privacy invasions.;That includes no price tag, no invasive GPS tracking, no ads, no collecting data to sell, no social media gamification...;1;0
iteration_6;weather forecast;WEATHER;dbb552ce-1cf0-4b82-a9a3-d9e697575842;1;Apr 13, 2021;5;f_210;Excellent display of weather info & forecasts. Customizable to location - as specific as a street address. Works great. Very easy to use.;Customizable to location - as specific as a street address.;1;0
iteration_6;Severe Weather Alerts;WEATHER;b01d698e-d5f7-4711-803e-42f13f5125dd;1;Jan 28, 2022;5;f_67;As a weather enthusiast myself, I love the app. Amazing simplistic design, notifications, custom alert categories, and even safety tips. I'd say it's one of the best weather apps out there!;Amazing simplistic design, notifications, custom alert categories, and even safety tips.;1;0
iteration_6;Just Run: Zero to 5K (and 10K);HEALTH_AND_FITNESS;79f6e11f-071a-4bfb-910b-d5a6b9112f6c;1;Sep 05, 2022;5;f_22;Love it! Easy to use, own music, lightweight, intuitive. I do wish there was an option to add in a sprint for the last 10-20 seconds of each running interval to make it a bit more HIIT, and to get me used to sprinting. But it's still great!;Easy to use, own music, lightweight, intuitive.;1;0
iteration_6;4.Do - To Do List & Task Manag;PRODUCTIVITY;3598e2f1-00fb-4140-9d53-2e8a44e7a45d;1;Oct 17, 2020;4;f_502;Good app though would be great app when we can sort by priority or manually within a quadrant (curiously subtasks can be reordered). I really do like the category filters, they add a dimension to the Eisenhower matrix so that views can be filtered by context (I have work, productivity, chores, leisure, development). I had commented that you can't move tasks between quadrants however the dev replied with a very helpful link (thanks). Google removed backup feature but export is possible.;I really do like the category filters, they add a dimension to the Eisenhower matrix so that views can be filtered by context (I have work, productivity, chores, leisure, development).;1;0
iteration_6;SMS Backup & Restore;TOOLS;2d548150-591a-40f1-964f-b9a4bbeda18f;3;Aug 11, 2022;5;f_379;Very Easy to Use and Is Able to Backup over 10k Messages and Call log in under 20minutes. Using Data only. Great for work texts that are important. Love that you can select exactly what and who you need info backed up from instead of backing up ALL text & calls. You can Upload Directly to Google Drive, Dropbox, Etc As well as Email yourself or others a copy of the backup. Which is convenient for any court or Other legal matters. Unless you are Amber Heard...;Love that you can select exactly what and who you need info backed up from instead of backing up ALL text & calls.;1;0
iteration_6;ColorNote Notepad Notes;PRODUCTIVITY;cabd5d4d-dcd4-4f32-8de5-90c076d5741f;0;Aug 11, 2022;5;f_247;Color notes is simple and easy to use you can make a checklist or just a regular text and save it I definitely recommend this app if you want simple easy to use way to put notes down quick this is your app 👍;Color notes is simple and easy to use you can make a checklist or just a regular text and save it I definitely recommend this app if you want simple easy to use way to put notes down quick this is your app 👍;1;0
iteration_6;Loop Habit Tracker;PRODUCTIVITY;6d5119a9-7b35-468b-b791-89157b548169;0;Apr 17, 2022;5;f_479;An amazing tracker for those who needs only the most important features, local storage and self-service. It has nice visual analytics though.;An amazing tracker for those who needs only the most important features, local storage and self-service.;1;0
iteration_6;Macros - Calorie Counter;HEALTH_AND_FITNESS;40c005bb-3151-46a9-9403-7dbd21cf5717;3;Apr 26, 2022;5;f_143;A simple app. Simple to use to track macros. I love the scan option. It allows me to scan my favorites w/o having to look up each time.;It allows me to scan my favorites w/o having to look up each time.;1;0
iteration_7;GNotes - Note, Notepad & Memo;PRODUCTIVITY;ab62a621-f50a-419e-891f-ab0858a492b5;0;Sep 06, 2022;5;f_40;Wonderful notetaking app, I wish they added more features;Wonderful notetaking app, I wish they added more features;1;0
iteration_7;Pomodoro Timer;PRODUCTIVITY;e9c4a5a1-a2b5-4448-b506-98ac4fb6f567;2;Jul 24, 2022;5;f_140;Just what I needed. A reliable timer and nothing else. Great way of tracking my workflow and project timeline;Great way of tracking my workflow and project timeline;1;0
iteration_7;Notebook - Notes,To-do,Journal;PRODUCTIVITY;6920aae0-4c6e-411e-a36d-4cfd52e13394;1;Jul 18, 2022;5;f_42;This app is powerful. Suitable for note organization. Great work I must say.;Suitable for note organization.;1;0
iteration_7;Telegram;COMMUNICATION;4c4306b7-9b61-4c2c-96cd-d940cbe6565f;0;Sep 04, 2022;3;f_118;This app is good at messaging;This app is good at messaging;1;0
iteration_7;To Do Lists & Tasks - When.Do;PRODUCTIVITY;62a5b388-58c8-4a15-b2f3-cfefcdc03bb0;2;Jan 05, 2022;5;f_110;I really like this app and use it every day. The widget is great. It does a good job with recurring tasks. Here's an idea: I always thought it would be nice if you could have a tally of the daily tasks and how many are left to be done, or any visual encouragement like that. Otherwise, it's a wonderful app.;It does a good job with recurring tasks.;1;0
iteration_7;Habit Tracker - Habit Diary;LIFESTYLE;3233fa2e-ff7f-44a4-a1cc-cc46f4815741;0;Jul 23, 2022;5;f_115;An attractive and flexibly strong Habit Tracker. The more I use it, the more I like it. Please add a widget for Google.;An attractive and flexibly strong Habit Tracker.;1;0
iteration_7;GPS Map Camera;TRAVEL_AND_LOCAL;b9bf935e-1dde-425a-bcb7-750debbea160;0;Nov 05, 2021;5;f_262;Very good app for JIO tagging in govt's tagging development works.;Very good app for JIO tagging in govt's tagging development works.;1;0
iteration_7;Google Keep - Notes and Lists;PRODUCTIVITY;f0e5c6b8-8123-4c0d-9471-4dc2fb7f3d08;0;Sep 01, 2022;4;f_258;Good app but please atleast add basic text formatting options like bold and italics.;Good app but please atleast add basic text formatting options like bold and italics.;1;0
iteration_7;Viber - Safe Chats And Calls;COMMUNICATION;7ab074a5-ddb2-4f46-ab75-0fb1b58a5e0e;0;Sep 12, 2022;5;f_310;VIBER IS EXCELLENT IN ENCRYPTED COMMUNICATION;VIBER IS EXCELLENT IN ENCRYPTED COMMUNICATION;1;0
iteration_7;BlackNote Notepad Notes;PRODUCTIVITY;ad0c5f69-de1a-48ce-8bdc-b988508cb25d;0;Mar 23, 2022;5;f_246;I just love this notebook.;I just love this notebook.;1;0
iteration_7;SMS from Tablet & MMS Text Mes;PRODUCTIVITY;7bac485e-a84b-48cb-b119-d8e6f4268f4a;1;Dec 09, 2021;4;f_60;I've got the paid for version, and it works well. I like that a notification pops up on my PC when a text arrives. I've noticed a couple of contacts are identified by just their phone number, not their name. One of these is in my phone Contacts list, and the other isn't. I don't know why this happens or how to fix it. But otherwise no complaints.;I like that a notification pops up on my PC when a text arrives.;1;0
iteration_7;Codo: Shared Todo-Lists & Remi;PRODUCTIVITY;ec18b7ef-392d-4d4c-89e2-bc148bcb394a;0;Dec 01, 2021;5;f_180;Good app for team work but it should have a notification when a new assignment is assigned or task is completed.;Good app for team work but it should have a notification when a new assignment is assigned or task is completed.;1;0
iteration_7;GPS Running Cycling & Fitness;HEALTH_AND_FITNESS;f7be69ee-5840-46fa-a7f1-3cb01e1a96ce;2;Aug 26, 2022;5;f_403;Works very well, even out of data range. Not too power hungry. Great for kayaking, hiking or cycling.;Great for kayaking, hiking or cycling.;1;0
iteration_7;Loop Habit Tracker;PRODUCTIVITY;7d98edd8-2ac5-4451-89dd-d9d42b7d25d5;0;Sep 17, 2021;5;f_115;Great Habit Tracker without Ads. Would love to see a setting to have some habits automatically tic themselves. For tracking something like days having not done something etc.;Great Habit Tracker without Ads. Would love to see a setting to have some habits automatically tic themselves.;1;0
iteration_7;Snapchat;COMMUNICATION;709a1f60-d0de-4016-9931-640568571d7b;0;Sep 10, 2022;5;f_91;Best app for photo effects and sharing ur life's moments with the world;Best app for photo effects and sharing ur life's moments with the world;1;0
iteration_7;WhatsApp Wallpaper;PERSONALIZATION;a4dd318b-3e8f-4299-8c6c-db83d6bb256f;0;Nov 08, 2020;5;f_482;WhatsApp App Is Fantastic, Music Video's Play On Video in Picture Format View Video In Application Without Exiting WhatsApp Is Five Star Excellent, Especially Being End To End Encryption, Owned By Facebook And Supposedly Facebook Can't Even Read It... Well That Remain's Too Be Seen... Application Itself Is Five ☆;WhatsApp App Is Fantastic, Music Video's Play On Video in Picture Format View Video In Application Without Exiting WhatsApp Is Five Star Excellent, Especially Being End To End Encryption, Owned By Facebook And Supposedly Facebook Can't Even Read It... Well That Remain's Too Be Seen... Application Itself Is Five ☆;1;0
iteration_7;Google Keep - Notes and Lists;PRODUCTIVITY;8f258dca-c884-43b3-81bd-d3e4daecd836;0;Aug 29, 2022;2;f_245;It's good but there is a option needed export to HTML file .. please;It's good but there is a option needed export to HTML file .. please;1;0
iteration_7;Signal Private Messenger;COMMUNICATION;5f0971ab-0ee4-4732-9f3d-f61309dd6f04;0;Sep 15, 2022;5;f_468;Truly private messaging in a well-working app.;Truly private messaging in a well-working app.;1;0
iteration_7;Post-it®;PRODUCTIVITY;380c54ab-1000-4448-8c3f-ee41b69afc5e;0;Jul 06, 2022;4;f_22;Very easy app for quick notes and reminders. Fast to learn. Lightweight. Excellent home screen widgets, best feature. Could be improved with a more obvious way to set widgets from the app. A lock screen widget would be AMAZING but I don't know if that's possible. Could also really use integration with Alexa/Google Home.;Very easy app for quick notes and reminders.;1;0
iteration_7;Loop Habit Tracker;PRODUCTIVITY;8cb58576-53c1-4c7e-8491-0743bfd410d0;5;Jul 15, 2022;5;f_330;Love it! Very simple but very functional. Developer put all the efforts to make habit tracking effortless. You don't have open app to fill data. Most loving feature is its notification part it's exactly what I wanted (and I did even knew I wanted it). No ads, no subscription completely free.;No ads, no subscription completely free.;1;0
iteration_7;MixNote NotePad Notes;PRODUCTIVITY;d5ba9d1d-381f-4123-8c74-2845da0a3d60;0;Sep 25, 2020;4;f_126;The app is really nice it is good, but that is not what I am leaving a comment, I am leaving one to tell the dev of this app to pleas pleas bring back Anole launcher, pleas. It was a really good launcher and I liked it allot, I don't know why you took it out, but pleas bring it back thanks, other than that the app is 5 stars I left a 4 to get your attention, but PLEAS bring it back thanks, your other apps are also really useful and I will recommend them to other people.;The app is really nice it is good, but that is not what I am leaving a comment, I am leaving one to tell the dev of this app to pleas pleas bring back Anole launcher, pleas.;1;0
iteration_7;ColorNote Notepad Notes;PRODUCTIVITY;fc2b6570-9f1e-4e34-9eb3-31086be353c1;1;Aug 02, 2022;5;f_102;This app replaced my old school pen and paper list (sometimes). It's easy to keep things in order from to-do list to grocery list. I love this app.;It's easy to keep things in order from to-do list to grocery list.;1;0
iteration_7;BlackNote Notepad Notes;PRODUCTIVITY;e1398ea7-4473-4c55-a5fa-6df7a567c813;1;Sep 08, 2022;5;f_72;This is one of the best note apps I've used There is a bit of a lack of multi device support but I haven't had any issues cause I can just log into my account on my phone and retrieve all my old notes. It's served me very well and I'll continue to use it forever until something else shows me it's much better. But yeah, very simple and easy to use. The list option is very useful. Everything auto saves if I close the app. It's perfect for what I use it for.;There is a bit of a lack of multi device support but I haven't had any issues cause I can just log into my account on my phone and retrieve all my old notes.;1;0
iteration_7;Pomodoro Timer;PRODUCTIVITY;469a532a-e73e-4114-adb3-3541d61df9d9;1;Jan 26, 2022;5;f_210;This is the perfect Pomodoro timer for my needs. Customizable, you can skip timers by tapping the name of the timer, SIMPLE, and can keep running in the background without it being open and screen unlocked.;Customizable, you can skip timers by tapping the name of the timer, SIMPLE, and can keep running in the background without it being open and screen unlocked.;1;0
iteration_7;Microsoft Translator;PRODUCTIVITY;441abba6-51a9-46bd-aa4b-1abcf3a2852c;0;Sep 02, 2022;5;f_15;Best App translator for all languages,...;Best App translator for all languages,...;1;0
iteration_7;Lifesum: Healthy Eating & Diet;HEALTH_AND_FITNESS;f5bb0822-11af-4447-8aca-bf71d3ef21e6;0;Aug 25, 2022;4;f_35;Just as good if bot better than myfitnesspal;Just as good if bot better than myfitnesspal;1;0
iteration_7;Google Meet;COMMUNICATION;9db8c75f-b014-4d22-b740-6848096027bb;0;Sep 15, 2022;1;f_128;Great video chat app! Now if Google could mesh Duo with Allo and not screw either one of them up. UPDATE! STOP CHANGING YOUR APPS! ONE STAR BECAUSE DUO IS NOW GOOGLE MEET! WHAT THE HELL GOOGLE!;Great video chat app!;1;0
iteration_7;Wemoji - WhatsApp Sticker Make;COMMUNICATION;5146e585-d55e-485b-86a4-556590d659f0;0;Oct 13, 2021;5;f_271;"Does exactly what it's supposed to do and it does it well - whatsapp stickers. I am however a little worried about there possibly being a compiler within the app. I do not understand why it would otherwise pop-up as a suggestion whenever I would want to install an "".apk"" file.";Does exactly what it's supposed to do and it does it well - whatsapp stickers.;1;0
iteration_7;Samsung Notes;PRODUCTIVITY;bbefa982-cdf6-446e-8f32-62b78d673995;0;Aug 14, 2022;5;f_432;Perfect for Study & Diary writing;Perfect for Study & Diary writing;1;0
iteration_7;Minimalist Pomodoro Timer - Go;PRODUCTIVITY;f2746079-b985-4835-ad38-ff785c606aac;1;Jan 26, 2022;5;f_68;Loved it!🤩 Minimalistic and simple.;Minimalistic and simple.;1;0
iteration_7;Todoist: to-do list & planner;PRODUCTIVITY;992d426b-e8f8-4e75-a2ff-5123f57e03e3;1;Jan 23, 2022;5;f_110;The best option for to do list and task management I've used. It has a lot of options for setting recurring tasks, dividing them up into categories and sub-categories, sharing with others, and organising your tasks in a way easy to manage. It has apps for desktop, smart devices, web browser, and smart watches, so you can have tasks wherever you go. The free option is decently capable on its own, but you will most likely want to get paid if you want more options and capabilities.;It has a lot of options for setting recurring tasks, dividing them up into categories and sub-categories, sharing with others, and organising your tasks in a way easy to manage.;1;0
iteration_7;Microsoft Translator;PRODUCTIVITY;e6ce9b3e-f870-4bfc-a63c-cb6e6e9cbf62;0;Sep 06, 2022;5;f_15;Good Translator;Good Translator;1;0
iteration_7;Repeat Habit - Habit tracker f;PRODUCTIVITY;c7df1c8d-31ad-40da-aeaa-ba160e8d16e4;0;Aug 16, 2020;5;f_424;The app looks good..only point you can add is comment section for each day..which will help to note down progress on that day;The app looks good..only point you can add is comment section for each day..which will help to note down progress on that day;1;0
iteration_7;Repeat Habit - Habit tracker f;PRODUCTIVITY;358e0143-aee3-4c7d-a7fe-1eb05d9bba10;0;Feb 12, 2020;5;f_115;This is a great Habit Tracker. You can track as many habits as you want. It allows for custom days. It reminds me of my habits which keeps me accountable to my daily goals.;This is a great Habit Tracker.;1;0
iteration_7;Samsung Notes;PRODUCTIVITY;966431fa-317b-4287-ab94-eff0cfd5297d;0;Sep 14, 2022;5;f_278;Great app, Synchronization with Onenote is very good.;Great app, Synchronization with Onenote is very good.;1;0
iteration_7;Weather Home: Local Forecast;PERSONALIZATION;53d434c6-eeb6-4cc9-8541-4d29c8a36c50;0;Aug 30, 2022;5;f_183;Nice to have on mobile app;Nice to have on mobile app;1;0
iteration_7;Simple Habit: Meditation;HEALTH_AND_FITNESS;48a98a20-08df-40a3-b0e8-73118b1934cc;0;Dec 10, 2021;5;f_492;Good companion app for wellness with wide range of meditative topics to choose from.;Good companion app for wellness with wide range of meditative topics to choose from.;1;0
iteration_7;Loop Habit Tracker;PRODUCTIVITY;4dd47ff7-0f44-45df-a2f2-5221c329e592;0;Nov 16, 2021;4;f_233;This app is easy to use, I like that you can choose different colors for different tasks, the widgets are great and you can change their transparency as they display over your background. Countless other great features. But, since I'm a bit OCD, I would love a setting that removes the little loop circles from filling up as you complete more of the same task, because some tasks are daily, so it isn't necessary for there to be a bar to fill. The habit is supposed to be infinite. Thanks!;This app is easy to use, I like that you can choose different colors for different tasks, the widgets are great and you can change their transparency as they display over your background.;1;0
iteration_7;BlackNote Notepad Notes;PRODUCTIVITY;bccfca5f-dbb8-493c-b579-f4aec46b890b;0;May 28, 2021;5;f_437;The app is really nice and efficient but it needs some more updates...a reminder should be added to the app to remind users of things they planned to do or buy and also an alarm should be added too...if this updates are put in place the application will be super efficient.;The app is really nice and efficient but it needs some more updates...a reminder should be added to the app to remind users of things they planned to do or buy and also an alarm should be added too...if this updates are put in place the application will be super efficient.;1;0
iteration_8;ColorNote Notepad Notes;PRODUCTIVITY;5723d654-d7d7-4624-a2e9-8b076d07c160;2;Aug 04, 2022;5;f_247;LOVE this app. Use it all the time for all kinds of notes. The checklist and text formats are super helpful and I need the color coding it allows. It backs up very nicely. I like the calender feature but its alert is a little too easy to ignore and forget by day's end.;The checklist and text formats are super helpful and I need the color coding it allows.;1;0
iteration_8;Telegram;COMMUNICATION;398fbb21-f963-4f83-ae27-a560f8a38e19;0;Sep 09, 2022;5;f_339;This is really amazing telegram deserve the 5 star because of its quality and when you send a picture is not that blur.;This is really amazing telegram deserve the 5 star because of its quality and when you send a picture is not that blur.;1;0
iteration_8;ColorNote Notepad Notes;PRODUCTIVITY;77739e7d-1140-49e3-84bd-b7111c248c45;1;Jun 12, 2022;3;f_258;This app is okay for basic needs, but it lacks picture inserting, voice recordings, text formatting and other things. On the other hand you can create hyperlinks between notes which is great and also the reminder is excellent with some options that most other reminders don't have. For extensive and elaborate notes the OneNote app is still No 1.;On the other hand you can create hyperlinks between notes which is great and also the reminder is excellent with some options that most other reminders don't have.;1;0
iteration_8;Pedometer - Step Counter App;HEALTH_AND_FITNESS;9b53467c-a5fc-4575-821b-a5f857694b3b;0;Sep 05, 2022;5;f_68;Minimalistic but functional. Average person would not require more information that stated in the app.;Minimalistic but functional.;1;0
iteration_8;Stuff - To Do List Widget;PRODUCTIVITY;8d1fdfa2-88b2-416b-80cf-5c230dace87e;0;Aug 09, 2022;5;f_431;Excellent app, would love it if it had automatic backups (local and cloud). I'd pay good money for this app.;Excellent app, would love it if it had automatic backups (local and cloud).;1;0
iteration_8;Navigation for Google Maps Go;TRAVEL_AND_LOCAL;e914ca27-2395-423a-b761-b2619fc45a24;0;Apr 02, 2022;5;f_126;Very good and lovely app I give it 5 stars but request the launcher to introduce number tracking in this application Everything will be good as this is a TRUSTABLE APP NOT A SCAM AS OTHERS DO;Very good and lovely app I give it 5 stars but request the launcher to introduce number tracking in this application Everything will be good as this is a TRUSTABLE APP NOT A SCAM AS OTHERS DO;1;0
iteration_8;Pomodoro Timer;PRODUCTIVITY;fd383d4f-ef45-4f22-bdc6-80a2062c3508;1;Jan 27, 2022;5;f_210;Love the layout! Customizable but not hard to work with. Simple, no disruptive ads. I'm in love!;Customizable but not hard to work with.;1;0
iteration_8;imo-International Calls & Chat;COMMUNICATION;9ae6709a-76f1-44ff-8885-8e6167d61f09;0;Sep 09, 2022;5;f_129;It is good apps for audio and video calling .;It is good apps for audio and video calling .;1;0
iteration_8;ColorNote Notepad Notes;PRODUCTIVITY;477b373d-b3ac-42d8-b7ff-5eea752ffcdf;0;Jul 03, 2022;5;f_118;Love that I can keep multiple lists, back them up, and send them through a messaging app. Great for asking hubby to stop at the grocery store.;Love that I can keep multiple lists, back them up, and send them through a messaging app.;1;0
iteration_8;ColorNote Notepad Notes;PRODUCTIVITY;70bd0d64-967f-481d-99fe-f635c72a74b7;0;Jul 06, 2022;5;f_302;Very good note taking & list management app.;Very good note taking & list management app.;1;0
iteration_8;Streaks - Simple, Easy to use,;PRODUCTIVITY;2b45f715-efa5-442f-a2a2-700c459a2918;2;May 25, 2022;5;f_22;I was looking for a simple streak counter for streak running aka a mile a day. The app features a clean UI, allows to customize the first day of the week and comes with no ads. It's also extremely rare nowadays to come across an app that does what it says, is extremely lightweight and uses no permissions at all. My only wish would be support for dark mode. Would also be a great incentive to get the premium version, even though I only have one task. Kudos to the dev! You rock.;It's also extremely rare nowadays to come across an app that does what it says, is extremely lightweight and uses no permissions at all.;1;0
iteration_8;WhatsApp Messenger;COMMUNICATION;7c9063d1-3e2e-42c0-a035-4d9a93d39d51;0;Sep 12, 2022;5;f_133;"At first - probably around 2019 the app did not hold long phone calls; however, along these past few years WhatsApp has grown and has been more reliable on calls photos and videos sharing. It is the best app to use when you are traveling internationally, too. My family and I love to communicate through this app.";"At first - probably around 2019 the app did not hold long phone calls; however, along these past few years WhatsApp has grown and has been more reliable on calls photos and videos sharing.";1;0
iteration_8;Stopwatch Timer;TOOLS;695b51a3-9613-4f3d-8a0d-49eeb9ca5907;0;Dec 25, 2021;5;f_63;Nice stopwatch timer;Nice stopwatch timer;1;0
iteration_8;Google Lens;TOOLS;82dfc805-8745-4134-91ef-9ba03c982e8e;1;Sep 11, 2022;5;f_259;Kinda amazing. Take a picture of an unknown plant & voila you get the name & a hyperlink to the Wikipedia page. Beyond that, of course, lies all the internet has to offer.;Take a picture of an unknown plant & voila you get the name & a hyperlink to the Wikipedia page.;1;0
iteration_8;Todoist: to-do list & planner;PRODUCTIVITY;f32ea7fb-18c8-43fa-97e4-559942d52167;0;Apr 10, 2022;5;f_140;Works well, great flexible and customizable workflow!;Works well, great flexible and customizable workflow!;1;0
iteration_8;Weather app;WEATHER;46e7a8d2-9824-48d5-b84d-3cb787262af5;1;Aug 26, 2022;5;f_233;Just installed and so far so.good . Transparency overlay keeps all tidy;Transparency overlay keeps all tidy;1;0
iteration_8;Apex Weather;WEATHER;d5f60392-94e5-4812-bfdf-011d11db608c;3;May 16, 2022;1;f_126;Useless, my weather widget said to download this to change the style. Download this app and this one told me I had to download other apps to use the widget styles. What's the point of this app if it requires other apps to function? Apex launcher is awesome, but it's irritating how all the customizable features require multiple other apps.;Apex launcher is awesome, but it's irritating how all the customizable features require multiple other apps.;1;0
iteration_8;Stopwatch Timer;TOOLS;6165dd5e-5db3-4364-857f-0dcac57c63c6;0;Jan 25, 2022;5;f_63;Once you start the stopwatch you don't need to start it again. It will continue till you don't stop it. I usually start the countdown in my already installed clock app but after 50 hour or more it stops automatically but this is not the problem for this app;Once you start the stopwatch you don't need to start it again.;1;0
iteration_8;SMS Backup+;TOOLS;ff8b803c-08ac-40dc-a189-d08a34351414;3;Sep 15, 2019;4;f_202;Gmail may have stopped working but using my own IMAP server worked flawlessly. My alternative email server is hosted by Strato. You just need to know the relevant settings for your server to add to the app. It still creates the SMS and Call Log folders under your alternative IMAP email address.;It still creates the SMS and Call Log folders under your alternative IMAP email address.;1;0
iteration_8;True Phone Dialer & Contacts;COMMUNICATION;ebe99082-15ee-427e-b009-bfcf2fc002ae;0;Apr 08, 2022;5;f_180;Excellent 👌👌 team work 👍👍;Excellent 👌👌 team work 👍👍;1;0
iteration_8;SMS Backup+;TOOLS;b1d55af9-31f1-4c9b-acd5-88ad9395c851;0;Mar 12, 2021;4;f_241;Works fine with android police instructions, doesn't backup calls anymore;Works fine with android police instructions, doesn't backup calls anymore;1;0
iteration_8;Calendar Notify - Widget, Lock;PRODUCTIVITY;8724b84a-c677-41e6-acea-7174c9904fca;0;Aug 19, 2019;5;f_122;Helps keep on top of appointments and meetings. Works really well. Recommended. I originally docked a star as would like the option of showing / toggling events / reminders but the developer tells me that Google don't allow access to reminders. Never mind, it's still a useful tool I refer to most days.;Helps keep on top of appointments and meetings.;1;0
iteration_8;Samsung Notes;PRODUCTIVITY;a0a4cf26-71ee-4805-9028-ec66eff86268;0;Aug 05, 2022;5;f_102;cCheckable boxes for my grocery list is great!;cCheckable boxes for my grocery list is great!;1;0
iteration_8;Habit Tracker;PRODUCTIVITY;5cb7683e-141e-441c-b093-b6078384ded5;0;Dec 25, 2020;4;f_7;Very good habit tracker. Nice features.;Very good habit tracker.;1;0
iteration_8;Instagram;SOCIAL;8fcc213e-cc7b-4c25-b6e9-4ce0b735fce7;0;Sep 15, 2022;5;f_417;Its very usefull app....in this app you watch videos of all varities....thanks to app launcher....;Its very usefull app....in this app you watch videos of all varities....thanks to app launcher....;1;0
iteration_8;ColorNote Notepad Notes;PRODUCTIVITY;4f5a3463-ba75-471b-96fd-b591e4a401da;0;Aug 23, 2022;5;f_301;Good app it have many options like to do list , shopping list, etc;Good app it have many options like to do list , shopping list, etc;1;0
iteration_9;Notebook - Notes,To-do,Journal;PRODUCTIVITY;c7780ae3-c873-4f34-af15-4a9998527086;0;Jul 06, 2022;3;f_262;Good for taking notes, could improve the tagging system by having the option to add more accessible (like replacing the share to other people button) and would be better if we could integrate or share the notebooks or notes to other programs like notion or evernote.;Good for taking notes, could improve the tagging system by having the option to add more accessible (like replacing the share to other people button) and would be better if we could integrate or share the notebooks or notes to other programs like notion or evernote.;1;0
iteration_9;Habit Tracker;PRODUCTIVITY;84cac888-2a1e-436c-ab82-baedec9acef6;0;Feb 03, 2021;5;f_115;This app is very great,Being mobile app developer makes me respect this app a lot just simple and do what I want without any complexity thanks Habit Tracker team;This app is very great,Being mobile app developer makes me respect this app a lot just simple and do what I want without any complexity thanks Habit Tracker team;1;0
iteration_9;Boosted Time Tracker;PRODUCTIVITY;f34a3795-7c25-41d8-b400-4cb8ca63e9b3;0;Aug 30, 2021;5;f_68;Minimalistic yet elegant aesthetic. Useful for using as a way to tracking the amount of time you are using to work on your prohects.;Minimalistic yet elegant aesthetic.;1;0
iteration_9;Weather data & microclimate :;WEATHER;41d30c8c-c72b-4e6c-8530-8ceaea2f3ac6;0;Jun 12, 2022;5;f_2;Once familiar with extended functions it's very good, and that is also for the full web service.;Once familiar with extended functions it's very good, and that is also for the full web service.;1;0
iteration_9;Turtl;PRODUCTIVITY;56199656-fa28-4d39-9169-e7d594960f4a;2;Jan 07, 2019;4;f_482;I like Google Keep a lot but always worry about the data privacy issue. Turlt seem to be the solution. The data encryption and sync feature are very impressive. Wish that Turlt can support finger unlock to further enhance the security.;The data encryption and sync feature are very impressive.;1;0
iteration_9;Kik — Messaging & Chat App;COMMUNICATION;a593025a-b6a3-4dec-823d-e4d31d2fbef0;0;Sep 04, 2022;3;f_220;Somehow kik fixed the meet new people feature. It no longer shows zero chats. But it's still got the chat limit issue. And I can't earn kin;Somehow kik fixed the meet new people feature.;1;0
iteration_9;Ayoba;COMMUNICATION;fcb3c1b7-92e6-4c47-b1e6-ce2de6f95abe;4;Sep 15, 2022;4;f_85;This app is cool and easy to use... You dont need data to use the app... Its just free. Easy to communicate.. Easy to share videos and pictures and tge network is moderate.🤓;Easy to share videos and pictures and tge network is moderate.🤓;1;0
iteration_9;Cozi Family Organizer;PRODUCTIVITY;3c5204a9-8a4b-4ed2-a15d-004a00c99369;0;Jul 28, 2022;5;f_101;It is very simple to use as a shared family calendar;It is very simple to use as a shared family calendar;1;0
iteration_9;Immediate Contact Transfer;TOOLS;323baba8-66af-4527-9e49-90f62ad1902a;0;May 05, 2022;5;f_183;Good app and easy to tranafer Contacts mobile to mobile app;Good app and easy to tranafer Contacts mobile to mobile app;1;0
iteration_9;Any.do - To do list & Calendar;PRODUCTIVITY;b6bf2afb-237f-4699-8849-37db0afce57f;1;Jul 25, 2022;4;f_497;Love it so far. Would definitely use the ability to see my subtasks on my to do list during focus mode otherwise great;Would definitely use the ability to see my subtasks on my to do list during focus mode otherwise great;1;0
iteration_9;Clock;TOOLS;e5f0a83c-8832-4ced-80f3-0f2bc67a948a;2;Jul 15, 2022;5;f_64;Best clock app. No ad bloating. Timers and alarms are perfectly done.;Timers and alarms are perfectly done.;1;0
iteration_9;WA.Status Saver - Downloader;SOCIAL;5181f207-f75e-4805-94e5-a9f99638acd6;0;Apr 13, 2022;5;f_482;Among the status saver apps this one is the 👌 👍 because it doesn't take long to load and also it gives u options on which whatsap u can save from, it has unique features like that of message encryption I rate it five star;Among the status saver apps this one is the 👌 👍 because it doesn't take long to load and also it gives u options on which whatsap u can save from, it has unique features like that of message encryption I rate it five star;1;0
iteration_9;ColorNote Notepad Notes;PRODUCTIVITY;a3d643d4-cb00-4cfe-aed4-de7e6153d8dc;0;Jun 28, 2022;5;f_246;Excellent Notebook;Excellent Notebook;1;0
iteration_9;Material Notes: Colorful notes;PRODUCTIVITY;868a129c-2584-47a6-a11c-e76e613694ad;0;Aug 22, 2018;3;f_23;This app lets you easily take notes and materials design is just awesome 😍...but there should be an option of sync notes with Google drive or some other cloud services.;This app lets you easily take notes and materials design is just awesome 😍...but there should be an option of sync notes with Google drive or some other cloud services.;1;0
iteration_9;Google Keep - Notes and Lists;PRODUCTIVITY;52599706-1821-4b84-aa10-51212b7f0ff5;0;Sep 17, 2022;5;f_40;Simple and reliable notetaking app for android users;Simple and reliable notetaking app for android users;1;0
iteration_9;Microsoft Translator;PRODUCTIVITY;b0072021-9b9d-4fa5-9f50-1df4d063308c;1;Sep 08, 2022;5;f_14;Great App! Comes in handy for those of us that speak multiple languages 'almost' fluently. A quick look-up and you can translate to any language from any language. Also does a good job with sentence and Grammer structure. Doesn't do the literal word-for-word mess that ends up making no sense.;Comes in handy for those of us that speak multiple languages 'almost' fluently.;1;0
iteration_9;4.Do - To Do List & Task Manag;PRODUCTIVITY;38cc7e34-028b-4504-86e5-86552426b004;3;Mar 15, 2021;4;f_233;Seems to work well so far. Only issue is you can't reorder your tasks by dragging them. You can order them by date added, due date, etc though. Widget works - can add any of the four categories and adjust transparency. Small ad banner at the top can be removed by paying $2. A few different shades are available for dark themes which is unique and nice. Text size can be adjusted.;Widget works - can add any of the four categories and adjust transparency.;1;0
iteration_9;Google Lens;TOOLS;782d60ea-825b-4bb7-9b7b-c5737ae7805a;0;Jul 29, 2022;5;f_15;What a great translator instantely.;What a great translator instantely.;1;0
iteration_9;Lifesum: Healthy Eating & Diet;HEALTH_AND_FITNESS;77e5baee-2224-4cdc-8efb-60cd083da463;0;Sep 03, 2022;5;f_360;great app for calorie counting!! lost weight with it pretty well, didnt expect an app to help do this but tracking calories goes a long way with exercise. the key for me was both!;great app for calorie counting!!;1;0
iteration_9;Listing it! - Checklist;PRODUCTIVITY;80b15ea0-2a58-47bf-a0e8-d2709390e258;1;Feb 15, 2020;5;f_247;Awesome app. It's time to say goodbye to paper checklists.;It's time to say goodbye to paper checklists.;1;0
iteration_9;WAMR - Recover deleted message;COMMUNICATION;4883a32c-b7dc-4d68-bd8d-d9f7a4d3d0d8;0;Sep 03, 2022;5;f_117;Great app, i can see the deleted messages and photos. But there's a problem of saving the deleted messages it clears the saved stuff and asks to relaunch the app;Great app, i can see the deleted messages and photos.;1;0
iteration_9;Glan: Productivity focus timer;PRODUCTIVITY;ff6f672a-98cb-4d15-a366-34ccb6de2682;0;Jul 01, 2021;5;f_330;No subscription, Nice UI, many functionality;No subscription, Nice UI, many functionality;1;0
iteration_9;Windy.com - Weather Forecast;WEATHER;dd2563e3-7531-4614-b49b-f945edfc931d;4;Aug 22, 2022;5;f_49;Lot of access on a little screen. Lucky for I have used Premium Website access for years. Layouts between the two are similar, I knew what I was looking for. Smartphone app is compact requiring more navigation. Data transfers quickly. Screen images are clear with smooth animation. Premium is ad free, so far, moving between devices. Very satisfied with developer innovation. Adding weather warnings access was a good move. Very responsive.;Data transfers quickly.;1;0
iteration_9;Cozi Family Organizer;PRODUCTIVITY;8de57c42-1926-461a-b23e-ca4ae96cc6cb;0;May 25, 2022;5;f_101;Great family calendar app;Great family calendar app;1;0
iteration_9;Notebook - Notes,To-do,Journal;PRODUCTIVITY;a3c168a9-4ef0-483f-805c-c8bcf9685cdf;1;Jun 26, 2022;5;f_246;Absolutely fantastic, perfect for what I need. So easy to use and customisable for each notebook and pages within. I like to create my own basic art and these can be uploaded to use as covers which will make things so much easier to find when I have more notebooks created. A big thank you to the dev's for this app.;So easy to use and customisable for each notebook and pages within.;1;0
iteration_9;Google Earth;TRAVEL_AND_LOCAL;c34a82a4-4993-4387-acd4-9757f4326481;0;Jul 27, 2022;5;f_344;Educational;Educational;1;0