sentence;source;Joy;Trust;Fear;Surprise;Sadness;Disgust;Anger;Anticipation;Neutral
Absolutely love this app!;synthetic;1;0;0;0;0;0;0;0;0
This is the best fitness tracking app I have ever used.;synthetic;1;0;0;0;0;0;0;0;0
Amazing app for budgeting!;synthetic;1;0;0;0;0;0;0;0;0
The new update is fantastic!;synthetic;1;0;0;0;0;0;0;0;0
It has a wonderful meal planner, a smart shopping list, and thousands of delicious recipes.;synthetic;1;0;0;0;0;0;0;0;0
Such a delightful experience using this meditation app every morning.;synthetic;1;0;0;0;0;0;0;0;0
This productivity app is exactly what I needed to stay organized at work.;synthetic;1;0;0;0;0;0;0;0;0
Wonderful language learning app!;synthetic;1;0;0;0;0;0;0;0;0
The animated backgrounds for each weather condition are a joy to look at.;synthetic;1;0;0;0;0;0;0;0;0
Superb GPS navigation app!;synthetic;1;0;0;0;0;0;0;0;0
I am genuinely impressed by how polished this photo editing app is.;synthetic;1;0;0;0;0;0;0;0;0
This is a great sleep tracker!;synthetic;1;0;0;0;0;0;0;0;0
Love the simplicity of this notes app.;synthetic;1;0;0;0;0;0;0;0;0
Discovering new artists through its recommendations has been so exciting!;synthetic;1;0;0;0;0;0;0;0;0
Excellent task and project management tool for teams.;synthetic;1;0;0;0;0;0;0;0;0
This is such a fun and engaging habit tracker!;synthetic;1;0;0;0;0;0;0;0;0
Brilliant calendar app that integrates seamlessly with all my other tools.;synthetic;1;0;0;0;0;0;0;0;0
I am so happy with this reading app!;synthetic;1;0;0;0;0;0;0;0;0
Fantastic workout app with so many exercises and training plans to choose from.;synthetic;1;0;0;0;0;0;0;0;0
Planning vacations has never been this much fun!;synthetic;1;0;0;0;0;0;0;0;0
It really helped me stay consistent with my workouts even on the busiest days.;synthetic;0;1;0;0;0;0;0;0;0
This is hands down the best budgeting app I've ever used.;synthetic;0;1;0;0;0;0;0;0;0
I use this app every single morning to plan my day.;synthetic;0;1;0;0;0;0;0;0;0
As a nurse working long shifts, I rely on this medication reminder app to keep track of my patients' schedules.;synthetic;0;1;0;0;0;0;0;0;0
Out of all the language learning apps I've tried, this one is by far the most effective for my learning style.;synthetic;0;1;0;0;0;0;0;0;0
I personally recommend this app to every photographer I know.;synthetic;0;1;0;0;0;0;0;0;0
This is my go-to meditation app whenever I feel overwhelmed or anxious.;synthetic;0;1;0;0;0;0;0;0;0
I've set up this app specifically to back up all my important documents and photos to the cloud automatically.;synthetic;0;1;0;0;0;0;0;0;0
As a student juggling multiple courses, this is the best note-taking app I have ever come across.;synthetic;0;1;0;0;0;0;0;0;0
I use this recipe app as my personal kitchen companion every time I cook.;synthetic;0;1;0;0;0;0;0;0;0
By far the best sleep tracking app I've used for monitoring my rest patterns.;synthetic;0;1;0;0;0;0;0;0;0
I rely on this navigation app every day for my delivery job and it has never steered me wrong.;synthetic;0;1;0;0;0;0;0;0;0
This is my favorite app for reading news in the morning.;synthetic;0;1;0;0;0;0;0;0;0
This one is the best I've found for actually sticking to my goals.;synthetic;0;1;0;0;0;0;0;0;0
I feel completely safe storing my personal journal entries here.;synthetic;0;1;0;0;0;0;0;0;0
As a freelancer, I use this time tracking app to manage all my client projects and billable hours.;synthetic;0;1;0;0;0;0;0;0;0
This is genuinely the best workout planning app I have ever come across.;synthetic;0;1;0;0;0;0;0;0;0
I use this app as my primary tool for learning guitar and it has been an incredible journey.;synthetic;0;1;0;0;0;0;0;0;0
This is the app I trust the most for managing my team's projects at work.;synthetic;0;1;0;0;0;0;0;0;0
It remains the most accurate and reliable one I've ever tried.;synthetic;0;1;0;0;0;0;0;0;0
I've been using this app for over two years now and it has become an essential part of my daily routine.;synthetic;0;1;0;0;0;0;0;0;0
After trying dozens of budget apps, this is the one I finally stuck with.;synthetic;0;1;0;0;0;0;0;0;0
I rely on it every single day when cooking for my family, and it has never let me down.;synthetic;0;1;0;0;0;0;0;0;0
I use this app to manage all my work projects and personal tasks, and it has genuinely improved my productivity over the past six months.;synthetic;0;1;0;0;0;0;0;0;0
I trust this app with all my passwords and sensitive data.;synthetic;0;1;0;0;0;0;0;0;0
This meditation app has truly transformed my sleep quality.;synthetic;0;1;0;0;0;0;0;0;0
Out of all the language learning apps I've downloaded, this one actually keeps me engaged and I can feel real progress.;synthetic;0;1;0;0;0;0;0;0;0
I set it up to automatically back up all my photos to my private cloud, and I feel confident that my memories are safe even if something happens to my phone.;synthetic;0;1;0;0;0;0;0;0;0
I use it as my main fitness tracker, meal planner, and workout log all in one, and it handles everything perfectly for my needs.;synthetic;0;1;0;0;0;0;0;0;0
I depend on it completely for planning my health appointments and activities around my schedule.;synthetic;0;1;0;0;0;0;0;0;0
It has never let me down and I feel completely at ease knowing my reminders are always on time.;synthetic;0;1;0;0;0;0;0;0;0
This has become my go-to app for tracking all my workouts and progress at the gym.;synthetic;0;1;0;0;0;0;0;0;0
It's the only finance app I trust with my spending data because of its solid encryption and local storage options.;synthetic;0;1;0;0;0;0;0;0;0
I use it every single morning and it has genuinely improved my sleep quality and focus throughout the day.;synthetic;0;1;0;0;0;0;0;0;0
I rely on this app to manage my entire team's project deadlines and it has consistently delivered.;synthetic;0;1;0;0;0;0;0;0;0
I've used this as my primary recipe organizer for the past year and it has completely transformed how I plan meals for my family.;synthetic;0;1;0;0;0;0;0;0;0
I've tried Duolingo, Babbel, and Busuu, but this one fits my learning style perfectly and has helped me reach conversational fluency in Portuguese.;synthetic;0;1;0;0;0;0;0;0;0
I feel safe knowing my private thoughts are end-to-end encrypted.;synthetic;0;1;0;0;0;0;0;0;0
It accurately logs my pace, distance, and heart rate, and I wouldn't switch to anything else at this point.;synthetic;0;1;0;0;0;0;0;0;0
I use it daily to scan and organize all my important documents, and it has saved me from so many headaches when I needed quick access to receipts and contracts.;synthetic;0;1;0;0;0;0;0;0;0
I've been using this app for over two years now and it has become an essential part of my daily routine.;synthetic;0;1;0;0;0;0;0;0;0
This is the only budgeting app I trust with my financial data because of its strong encryption and privacy policies.;synthetic;0;1;0;0;0;0;0;0;0
I've tried at least a dozen meditation apps over the years, and this one is the only one that has actually helped me build a consistent practice.;synthetic;0;1;0;0;0;0;0;0;0
I use it every morning to plan my day and every evening to reflect on what I accomplished.;synthetic;0;1;0;0;0;0;0;0;0
This app has been my go-to for tracking my runs and cycling sessions for the past six months.;synthetic;0;1;0;0;0;0;0;0;0
I rely on this app to manage all my client appointments and it has never let me down.;synthetic;0;1;0;0;0;0;0;0;0
It perfectly fits my meal planning needs and I love how I can customize grocery lists based on my weekly recipes.;synthetic;0;1;0;0;0;0;0;0;0
I feel safe knowing all my credentials are protected with end-to-end encryption.;synthetic;0;1;0;0;0;0;0;0;0
This has replaced every other note-taking app on my phone because it syncs flawlessly across all my devices and keeps my research organized.;synthetic;0;1;0;0;0;0;0;0;0
I started using this sleep tracker three months ago and it has genuinely helped me understand and improve my sleep patterns.;synthetic;0;1;0;0;0;0;0;0;0
I've been using this app for over two years now to manage my daily medications and it has never let me down.;synthetic;0;1;0;0;0;0;0;0;0
This is the only finance app I trust with tracking all my expenses and savings goals.;synthetic;0;1;0;0;0;0;0;0;0
I rely on this app every single morning to plan my workday and it consistently helps me stay productive.;synthetic;0;1;0;0;0;0;0;0;0
It has genuinely improved my sleep quality over the past few months.;synthetic;0;1;0;0;0;0;0;0;0
The end-to-end encryption gives me real peace of mind knowing my data is secure.;synthetic;0;1;0;0;0;0;0;0;0
I've completed two marathon training programs using this app and it has been my most reliable companion for tracking distance, pace, and heart rate.;synthetic;0;1;0;0;0;0;0;0;0
It's the best scheduling tool I've used for managing both my personal and work commitments in one place.;synthetic;0;1;0;0;0;0;0;0;0
This is my primary app for learning Spanish and I can honestly say my conversational skills have improved dramatically since I started using it.;synthetic;0;1;0;0;0;0;0;0;0
No other gallery app I've tried gives me this level of control over my data privacy and storage organization.;synthetic;0;1;0;0;0;0;0;0;0
It has completely transformed how I approach nutrition and helped me reach my fitness goals consistently.;synthetic;0;1;0;0;0;0;0;0;0
I've been using this app for over two years now and it has become an essential part of my daily routine.;synthetic;0;1;0;0;0;0;0;0;0
This is the only meditation app that has actually helped me build a consistent practice.;synthetic;0;1;0;0;0;0;0;0;0
I rely on this app every single morning to plan my meals and track my calories, and it has never let me down.;synthetic;0;1;0;0;0;0;0;0;0
This app has genuinely transformed how I manage my monthly expenses and savings goals.;synthetic;0;1;0;0;0;0;0;0;0
I feel completely secure knowing my data is encrypted end-to-end.;synthetic;0;1;0;0;0;0;0;0;0
Out of all the running apps I've tested over the years, this one fits my training needs perfectly.;synthetic;0;1;0;0;0;0;0;0;0
It has truly improved my understanding of my sleep patterns.;synthetic;0;1;0;0;0;0;0;0;0
This has become my primary app for managing all my freelance projects and client deadlines.;synthetic;0;1;0;0;0;0;0;0;0
This language learning app has helped me reach conversational fluency in Portuguese in just eight months.;synthetic;0;1;0;0;0;0;0;0;0
I trust it with all my personal health data because of their transparent privacy policy and local storage option.;synthetic;0;1;0;0;0;0;0;0;0
It has become an essential part of my daily routine.;synthetic;0;1;0;0;0;0;0;0;0
It's been my go-to app for winding down before bed every single night.;synthetic;0;1;0;0;0;0;0;0;0
I rely on this app to manage all my freelance invoices and client payments.;synthetic;0;1;0;0;0;0;0;0;0
I use it every morning to plan my commute and it has consistently given me accurate forecasts.;synthetic;0;1;0;0;0;0;0;0;0
This is by far the best budgeting app I've used compared to Mint and YNAB.;synthetic;0;1;0;0;0;0;0;0;0
It has truly transformed how I plan meals for my family each week.;synthetic;0;1;0;0;0;0;0;0;0
This password manager has earned my complete confidence when it comes to protecting my sensitive information.;synthetic;0;1;0;0;0;0;0;0;0
I've been tracking my running progress with this app for six months and it has helped me improve my pace significantly.;synthetic;0;1;0;0;0;0;0;0;0
I use this app as my primary tool for learning Japanese and it's been incredibly effective.;synthetic;0;1;0;0;0;0;0;0;0
This one is the only app I trust with my medical data because of its privacy policy and accurate readings sync.;synthetic;0;1;0;0;0;0;0;0;0
I've been using this app for over two years now and it has become an essential part of my daily routine.;synthetic;0;1;0;0;0;0;0;0;0
Still, this is the app I rely on every single day to manage my finances and track my spending habits.;synthetic;0;1;0;0;0;0;0;0;0
I've tried at least a dozen meditation apps, and this one is hands down the best for my anxiety management.;synthetic;0;1;0;0;0;0;0;0;0
I use it as my primary password manager and I feel completely secure knowing my data is encrypted end-to-end.;synthetic;0;1;0;0;0;0;0;0;0
I trust it to accurately track my runs, calories, and progress toward my weight loss goals.;synthetic;0;1;0;0;0;0;0;0;0
This app has been my go-to recipe organizer for meal prepping every Sunday.;synthetic;0;1;0;0;0;0;0;0;0
It perfectly fits my workflow and I've never missed a deadline since I started using it six months ago.;synthetic;0;1;0;0;0;0;0;0;0
I store all my personal journal entries here because I know my data stays on my device and is never shared with third parties.;synthetic;0;1;0;0;0;0;0;0;0
My favorite feature is the automatic backup to my cloud storage, which gives me peace of mind that I'll never lose my important notes.;synthetic;0;1;0;0;0;0;0;0;0
It has genuinely helped me reach conversational fluency in Spanish, and I use it every morning without fail.;synthetic;0;1;0;0;0;0;0;0;0
I've been using this app for over two years now and it has become an essential part of my daily routine.;synthetic;0;1;0;0;0;0;0;0;0
But honestly, this is the app I rely on every single day to manage my finances and track my spending habits.;synthetic;0;1;0;0;0;0;0;0;0
It has genuinely improved my sleep quality and reduced my anxiety over the past six months.;synthetic;0;1;0;0;0;0;0;0;0
I use this as my go-to recipe organizer and it has never let me down when I need to find a meal idea quickly.;synthetic;0;1;0;0;0;0;0;0;0
Out of all the running apps I've downloaded over the years, this is by far the best one I've used for tracking my marathon training progress.;synthetic;0;1;0;0;0;0;0;0;0
I trust it completely with all my sensitive credentials because of its end-to-end encryption and transparent security audits.;synthetic;0;1;0;0;0;0;0;0;0
I've been tracking my blood pressure and medication schedules with it for months, and it has truly helped me stay on top of my health.;synthetic;0;1;0;0;0;0;0;0;0
This has become my primary tool for budgeting and I couldn't imagine going back to spreadsheets.;synthetic;0;1;0;0;0;0;0;0;0
I set up all my family's shared grocery lists through this app and it syncs perfectly across everyone's devices.;synthetic;0;1;0;0;0;0;0;0;0
I've stored years of journal entries and personal reflections here, and the privacy features give me complete peace of mind.;synthetic;0;1;0;0;0;0;0;0;0
I've been using this app for over two years now and it has become an essential part of my daily routine.;synthetic;0;1;0;0;0;0;0;0;0
After trying dozens of budget apps, this is the one I finally stuck with.;synthetic;0;1;0;0;0;0;0;0;0
This meditation app has genuinely transformed my sleep quality.;synthetic;0;1;0;0;0;0;0;0;0
I use it to manage all my work projects and personal tasks, and it has never let me down.;synthetic;0;1;0;0;0;0;0;0;0
This is the only fitness app I need.;synthetic;0;1;0;0;0;0;0;0;0
I feel completely safe keeping my personal journal entries here, knowing my privacy is truly respected.;synthetic;0;1;0;0;0;0;0;0;0
I plan all my family's weekly meals using this app and it has saved me so much time and reduced our food waste significantly.;synthetic;0;1;0;0;0;0;0;0;0
This app is by far the best language learning tool I've ever used.;synthetic;0;1;0;0;0;0;0;0;0
I completely trust it with my important files and the end-to-end encryption gives me real peace of mind.;synthetic;0;1;0;0;0;0;0;0;0
I log my blood sugar levels, medications, and meals here every day, and it has truly helped me keep my condition under better control.;synthetic;0;1;0;0;0;0;0;0;0
I've been using this app for over two years now and it has become my go-to tool for managing all my daily tasks.;synthetic;0;1;0;0;0;0;0;0;0
After trying dozens of meditation apps, this is the one I always come back to.;synthetic;0;1;0;0;0;0;0;0;0
I rely on this app every single morning to plan my workday and it has never let me down.;synthetic;0;1;0;0;0;0;0;0;0
I trust it with all my financial data because of its strong encryption and local storage options.;synthetic;0;1;0;0;0;0;0;0;0
This is hands down the best running tracker I've used, and I've tried at least ten different ones over the years.;synthetic;0;1;0;0;0;0;0;0;0
It has truly helped me stay on top of my chronic condition and I feel more in control of my health.;synthetic;0;1;0;0;0;0;0;0;0
I couldn't imagine cooking without it now.;synthetic;0;1;0;0;0;0;0;0;0
I set up automatic backups of all my photos to this app because I know my memories are safe here.;synthetic;0;1;0;0;0;0;0;0;0
This app has been instrumental in helping me build a consistent exercise routine over the past three months.;synthetic;0;1;0;0;0;0;0;0;0
It perfectly fits my workflow for organizing research notes and I use it daily for both work and personal projects.;synthetic;0;1;0;0;0;0;0;0;0
I've been using this app for over two years now and it has become my go-to tool for managing all my daily tasks.;synthetic;0;1;0;0;0;0;0;0;0
It has genuinely improved my sleep quality and reduced my anxiety levels over the past few months.;synthetic;0;1;0;0;0;0;0;0;0
I rely on this app every single morning to plan my workouts and track my progress, and it has never let me down.;synthetic;0;1;0;0;0;0;0;0;0
This budgeting app has completely transformed how I manage my finances.;synthetic;0;1;0;0;0;0;0;0;0
The encryption and zero-knowledge architecture give me real peace of mind about my data security.;synthetic;0;1;0;0;0;0;0;0;0
Out of all the language learning apps I've downloaded, this one is by far the most effective for my learning style.;synthetic;0;1;0;0;0;0;0;0;0
I switched from three different recipe apps before finding this one, and now it's the only cooking companion I need in my kitchen.;synthetic;0;1;0;0;0;0;0;0;0
I've entrusted all my scheduling and appointment reminders to this app, and it has kept me organized through some incredibly hectic months at work.;synthetic;0;1;0;0;0;0;0;0;0
It has been instrumental in helping me train for my first marathon.;synthetic;0;1;0;0;0;0;0;0;0
This has become my daily journal where I record my thoughts and reflections, and it feels like a safe personal space with its biometric lock feature.;synthetic;0;1;0;0;0;0;0;0;0
I've been using this app for over two years now and it has become an essential part of my daily routine.;synthetic;0;1;0;0;0;0;0;0;0
After trying dozens of meditation apps, this is the one I always come back to.;synthetic;0;1;0;0;0;0;0;0;0
I use it every single morning to plan my tasks and it has genuinely improved my productivity at work.;synthetic;0;1;0;0;0;0;0;0;0
This is my go-to app for managing all my finances.;synthetic;0;1;0;0;0;0;0;0;0
I rely on this app to track my runs and cycling sessions every week.;synthetic;0;1;0;0;0;0;0;0;0
Out of all the language learning apps I've downloaded, this one has been the most effective for me personally.;synthetic;0;1;0;0;0;0;0;0;0
I feel completely safe storing my personal documents and passwords here, which is rare for a free app.;synthetic;0;1;0;0;0;0;0;0;0
It perfectly fits my meal prep workflow and I use it to plan every single grocery trip now.;synthetic;0;1;0;0;0;0;0;0;0
This has become my primary tool for journaling.;synthetic;0;1;0;0;0;0;0;0;0
Best expense tracker I've used by far.;synthetic;0;1;0;0;0;0;0;0;0
I've been using this app for over two years now and it has become an essential part of my daily routine.;synthetic;0;1;0;0;0;0;0;0;0
After trying dozens of budget apps, this is the one I finally stuck with.;synthetic;0;1;0;0;0;0;0;0;0
This has become my go-to app for managing all my grocery lists and meal planning throughout the week.;synthetic;0;1;0;0;0;0;0;0;0
It has genuinely improved my mental clarity and reduced my anxiety over the past six months.;synthetic;0;1;0;0;0;0;0;0;0
I feel completely safe storing my passwords and sensitive documents in this app, knowing my data is protected.;synthetic;0;1;0;0;0;0;0;0;0
It tracks my runs, calories, and sleep patterns better than anything else I've tried, and I can't imagine going back.;synthetic;0;1;0;0;0;0;0;0;0
I use this app to manage my entire freelance business, from invoicing clients to tracking project deadlines, and it never lets me down.;synthetic;0;1;0;0;0;0;0;0;0
I've entrusted all my personal journal entries to this app for the past year.;synthetic;0;1;0;0;0;0;0;0;0
This is by far the best language learning app I've used in my journey to learn Japanese.;synthetic;0;1;0;0;0;0;0;0;0
I set up all my family's shared calendars and reminders through this app, and it has kept us organized like nothing else could.;synthetic;0;1;0;0;0;0;0;0;0
I've been using this app for over two years now and it has become an essential part of my daily routine.;synthetic;0;1;0;0;0;0;0;0;0
This is the only meditation app that has kept me consistent with my practice for months.;synthetic;0;1;0;0;0;0;0;0;0
I depend on this app every morning to plan my meals and track my calories.;synthetic;0;1;0;0;0;0;0;0;0
I use it to manage all my household finances and it has completely transformed how I handle money.;synthetic;0;1;0;0;0;0;0;0;0
My data feels secure with end-to-end encryption and no third-party sharing.;synthetic;0;1;0;0;0;0;0;0;0
I trust it with all my work meeting notes, personal ideas, and project outlines.;synthetic;0;1;0;0;0;0;0;0;0
I rely on it for all my marathon training and it hasn't let me down once.;synthetic;0;1;0;0;0;0;0;0;0
This app has become my go-to tool for managing my freelance invoices and client communications.;synthetic;0;1;0;0;0;0;0;0;0
I set up automatic backups of all my photos to this app because I know they'll be safe and accessible whenever I need them.;synthetic;0;1;0;0;0;0;0;0;0
Best language learning app I've ever committed to.;synthetic;0;1;0;0;0;0;0;0;0
I've been using this app for over two years now and it has become my go-to tool for managing all my daily tasks.;synthetic;0;1;0;0;0;0;0;0;0
It has genuinely helped me build a consistent mindfulness practice that I look forward to every morning.;synthetic;0;1;0;0;0;0;0;0;0
I rely on this app every single day to track my medications and it has never let me down with its reminders.;synthetic;0;1;0;0;0;0;0;0;0
This has been my primary budgeting app for the past six months and it's completely transformed how I manage my finances.;synthetic;0;1;0;0;0;0;0;0;0
Best workout tracker I've ever used, and the progress charts keep me motivated every week.;synthetic;0;1;0;0;0;0;0;0;0
The end-to-end encryption gives me real peace of mind knowing my data is truly secure.;synthetic;0;1;0;0;0;0;0;0;0
I plan every meal for my family using it and it saves me so much time at the grocery store.;synthetic;0;1;0;0;0;0;0;0;0
I've tried Notion, Evernote, and Google Keep, but this app beats them all for quick note-taking during my university lectures.;synthetic;0;1;0;0;0;0;0;0;0
It has genuinely improved my sleep quality by helping me understand my patterns and adjust my habits accordingly.;synthetic;0;1;0;0;0;0;0;0;0
I set up automatic backups of all my photos to my personal cloud through this app, and I trust it completely to keep my memories safe without compromising my privacy.;synthetic;0;1;0;0;0;0;0;0;0
I've been using this app for over two years now and it has become an essential part of my daily routine.;synthetic;0;1;0;0;0;0;0;0;0
This is the only meditation app that has actually helped me build a consistent practice.;synthetic;0;1;0;0;0;0;0;0;0
I rely on this app every single morning to plan my workday and it has never let me down.;synthetic;0;1;0;0;0;0;0;0;0
It has genuinely transformed how I manage my monthly expenses and savings goals.;synthetic;0;1;0;0;0;0;0;0;0
Best fitness tracker I've personally used compared to all the popular alternatives out there.;synthetic;0;1;0;0;0;0;0;0;0
I feel completely safe storing my personal notes and sensitive information in this app.;synthetic;0;1;0;0;0;0;0;0;0
I've tried Paprika, Cookmate, and others, but none of them fit my workflow the way this one does.;synthetic;0;1;0;0;0;0;0;0;0
This app has single-handedly improved my exam scores by helping me create and review flashcards efficiently.;synthetic;0;1;0;0;0;0;0;0;0
I set up automatic backups of all my photos to this cloud service and it gives me peace of mind knowing my memories are secure.;synthetic;0;1;0;0;0;0;0;0;0
This app has become my second brain — I use it to manage everything from grocery lists to long-term project goals.;synthetic;0;1;0;0;0;0;0;0;0
I've been using this app for over two years now and it has become my go-to tool for managing all my daily tasks.;synthetic;0;1;0;0;0;0;0;0;0
It has genuinely improved my sleep quality and reduced my anxiety levels over the past few months.;synthetic;0;1;0;0;0;0;0;0;0
I rely on this app every single morning to plan my workday and it has never let me down.;synthetic;0;1;0;0;0;0;0;0;0
I trust this app with my most sensitive notes and passwords because their privacy policy is transparent and the data stays on my device.;synthetic;0;1;0;0;0;0;0;0;0
It truly helps me stay on top of my finances and reach my savings goals.;synthetic;0;1;0;0;0;0;0;0;0
I use this app to track every single run and cycling session and it has become an essential part of my fitness routine.;synthetic;0;1;0;0;0;0;0;0;0
This is my primary recipe organizer now and I use it every time I cook, which says a lot about how dependable it is.;synthetic;0;1;0;0;0;0;0;0;0
It's the best language app I've ever used for building real conversational skills, and my progress has been incredible.;synthetic;0;1;0;0;0;0;0;0;0
I've been writing in this app daily for six months and it has become a cornerstone of my mental health routine.;synthetic;0;1;0;0;0;0;0;0;0
No other cloud storage app I've tried gives me this level of confidence that my files are secure and accessible.;synthetic;0;1;0;0;0;0;0;0;0
I've been using this app for over two years now and it has become my go-to tool for managing all my daily tasks.;synthetic;0;1;0;0;0;0;0;0;0
After trying dozens of meditation apps, this is the one that finally stuck with me.;synthetic;0;1;0;0;0;0;0;0;0
I rely on this app every single morning to plan my workday and it has never let me down.;synthetic;0;1;0;0;0;0;0;0;0
I trust it with all my financial data because the encryption and privacy policies are transparent and solid.;synthetic;0;1;0;0;0;0;0;0;0
I've tried Evernote, Notion, and Google Keep, but this app beats them all for quick grocery lists and meal planning.;synthetic;0;1;0;0;0;0;0;0;0
I use this app to track every single run I do, and it has honestly transformed the way I train.;synthetic;0;1;0;0;0;0;0;0;0
I set it up once and now all my important documents are safely synced without me worrying about losing anything.;synthetic;0;1;0;0;0;0;0;0;0
I practice with it during my commute every day and I can already hold basic conversations in French after just three months.;synthetic;0;1;0;0;0;0;0;0;0
I switched from three different password managers before landing on this one, and it has become an essential part of how I stay secure online.;synthetic;0;1;0;0;0;0;0;0;0
I've been journaling with this app for six months now and it has genuinely helped me process my thoughts and reduce anxiety.;synthetic;0;1;0;0;0;0;0;0;0
I've been using this app for over two years now and it has become an essential part of my daily routine.;synthetic;0;1;0;0;0;0;0;0;0
This is the only finance tracker I trust with all my spending data and it consistently helps me stay on top of my budget.;synthetic;0;1;0;0;0;0;0;0;0
I rely on this app every morning to plan my entire workday, and it hasn't let me down once in six months of daily use.;synthetic;0;1;0;0;0;0;0;0;0
It has genuinely improved my sleep quality and reduced my anxiety over the past few months.;synthetic;0;1;0;0;0;0;0;0;0
I use it as my primary password manager for all personal and work accounts, and the end-to-end encryption gives me real peace of mind about my data security.;synthetic;0;1;0;0;0;0;0;0;0
I've trained for two marathons using this app and it tracks my progress better than anything else I've tried.;synthetic;0;1;0;0;0;0;0;0;0
It's helped me build a consistent reading habit that I've maintained for four months now.;synthetic;0;1;0;0;0;0;0;0;0
I set up automatic backups of all my photos to this app because I know my memories are safe here.;synthetic;0;1;0;0;0;0;0;0;0
Out of all the language learning apps available, this is the one that actually got me to conversational Spanish.;synthetic;0;1;0;0;0;0;0;0;0
This is the best meal planning app I've ever used for managing my family's weekly groceries and nutrition goals.;synthetic;0;1;0;0;0;0;0;0;0
I've been using this app for over two years now and it has become an essential part of my daily routine.;synthetic;0;1;0;0;0;0;0;0;0
This is the only meditation app that has actually helped me build a consistent practice.;synthetic;0;1;0;0;0;0;0;0;0
I rely on this app every single morning to plan my meals and track my calories, and it has never let me down.;synthetic;0;1;0;0;0;0;0;0;0
This app has genuinely transformed how I manage my finances and savings goals.;synthetic;0;1;0;0;0;0;0;0;0
I use this as my go-to running tracker for all my marathon training.;synthetic;0;1;0;0;0;0;0;0;0
I feel completely safe storing my passwords here because of the end-to-end encryption and zero-knowledge architecture.;synthetic;0;1;0;0;0;0;0;0;0
It has helped me reach conversational fluency in Spanish in just eight months.;synthetic;0;1;0;0;0;0;0;0;0
It's the most accurate weather app I've used for planning my outdoor photography sessions.;synthetic;0;1;0;0;0;0;0;0;0
From controlling lights to scheduling the thermostat, this app has become the central hub of my home automation.;synthetic;0;1;0;0;0;0;0;0;0
Been journaling with this app for six months now and it has truly improved my mental health and self-awareness.;synthetic;0;1;0;0;0;0;0;0;0
I've been using this app for over two years now and it has become an essential part of my daily routine.;synthetic;0;1;0;0;0;0;0;0;0
This is the only meditation app that has actually helped me build a consistent practice.;synthetic;0;1;0;0;0;0;0;0;0
I rely on this app every single morning to plan my meals and track my calorie intake.;synthetic;0;1;0;0;0;0;0;0;0
I trust this app with all my expense data because it keeps everything encrypted and secure.;synthetic;0;1;0;0;0;0;0;0;0
This has genuinely improved my sleep quality over the past six months.;synthetic;0;1;0;0;0;0;0;0;0
I've used it to prepare for my French certification exam and it really delivered.;synthetic;0;1;0;0;0;0;0;0;0
This app has become my personal running companion for every marathon I've trained for.;synthetic;0;1;0;0;0;0;0;0;0
I manage all my freelance projects through this app and it has never let me down.;synthetic;0;1;0;0;0;0;0;0;0
I moved my entire family group chat here and we all feel safe communicating through it.;synthetic;0;1;0;0;0;0;0;0;0
By far the best task manager for my workflow.;synthetic;0;1;0;0;0;0;0;0;0
I've been using this app for over two years now and it has become an essential part of my daily routine.;synthetic;0;1;0;0;0;0;0;0;0
This is the only finance tracker that actually helped me save money consistently month after month.;synthetic;0;1;0;0;0;0;0;0;0
I rely on this app every single morning to plan my workday and it has never let me down.;synthetic;0;1;0;0;0;0;0;0;0
This app has genuinely improved my sleep quality and reduced my anxiety over the past six months.;synthetic;0;1;0;0;0;0;0;0;0
The end-to-end encryption gives me real peace of mind knowing my sensitive data is truly secure.;synthetic;0;1;0;0;0;0;0;0;0
It's become my trusted companion for marathon training and accurately tracks every metric I care about.;synthetic;0;1;0;0;0;0;0;0;0
I set up automatic backups of all my photos to this app because I trust it completely with my memories.;synthetic;0;1;0;0;0;0;0;0;0
I use it daily to meal prep for my family and it has made cooking so much less stressful for me.;synthetic;0;1;0;0;0;0;0;0;0
This app has helped me reach conversational fluency in Portuguese, something no other app managed to do for me.;synthetic;0;1;0;0;0;0;0;0;0
I am scared that my money is inaccessible and no one seems to care.;synthetic;0;0;1;0;0;0;0;0;0
If you care even slightly about your privacy, do not install this app.;synthetic;0;0;1;0;0;0;0;0;0
Critical data is now gone forever with no way to restore it.;synthetic;0;0;1;0;0;0;0;0;0
Lacks basic security features that every modern app should have.;synthetic;0;0;1;0;0;0;0;0;0
BEWARE! This app collects your location data 24/7 even when the app is closed and running in the background.;synthetic;0;0;1;0;0;0;0;0;0
I am anxious about getting my refund and have no idea if my financial information is even secure on this platform.;synthetic;0;0;1;0;0;0;0;0;0
I'm deeply concerned that people are being misled into downloading malware through these fake popups.;synthetic;0;0;1;0;0;0;0;0;0
Most likely selling your personal information to third-party advertisers without your knowledge.;synthetic;0;0;1;0;0;0;0;0;0
Facing this issue for over two weeks now, anyone please help because I rely on this app for work communication.;synthetic;0;0;1;0;0;0;0;0;0
People are using automated scripts to manipulate rankings and reviews on this platform.;synthetic;0;0;1;0;0;0;0;0;0
The app stores your passwords in plain text with no encryption whatsoever.;synthetic;0;0;1;0;0;0;0;0;0
I am desperate and stressed — please help me recover my account as I have done absolutely nothing wrong.;synthetic;0;0;1;0;0;0;0;0;0
I am terrified about what they might be exposed to.;synthetic;0;0;1;0;0;0;0;0;0
If you even think about privacy, do not trust this app's security claims.;synthetic;0;0;1;0;0;0;0;0;0
I'm extremely worried about my digital safety and have already uninstalled it.;synthetic;0;0;1;0;0;0;0;0;0
Please help me recover this data — it is essential for my treatment and losing it is incredibly distressing.;synthetic;0;0;1;0;0;0;0;0;0
This is a massive privacy breach and I'm shocked the developers have not addressed it after multiple reports.;synthetic;0;0;1;0;0;0;0;0;0
I feel completely unsafe using this app and the lack of moderation is frightening.;synthetic;0;0;1;0;0;0;0;0;0
I'm worried it's transmitting sensitive information without my consent.;synthetic;0;0;1;0;0;0;0;0;0
I am deeply stressed about this unauthorized charge and scared this will happen again to other users.;synthetic;0;0;1;0;0;0;0;0;0
I'm terrified that my two years of journal entries and personal notes have been permanently deleted, please someone help me recover them.;synthetic;0;0;1;0;0;0;0;0;0
I'm terrified that my two years of progress and personal notes have been permanently deleted, please someone help me recover them.;synthetic;0;0;1;0;0;0;0;0;0
Someone might have access to my payment details through this app and I'm terrified about what else they could steal.;synthetic;0;0;1;0;0;0;0;0;0
I'm scared I might lose all my precious memories if the backup fails permanently.;synthetic;0;0;1;0;0;0;0;0;0
I'm extremely anxious that my private conversations are being exposed to strangers.;synthetic;0;0;1;0;0;0;0;0;0
I'm worried that someone could be spying on me through this app.;synthetic;0;0;1;0;0;0;0;0;0
I have important medical records stored in this app and I'm panicking that I'll never be able to access them again.;synthetic;0;0;1;0;0;0;0;0;0
I accidentally clicked on one and now I'm terrified my bank details have been compromised.;synthetic;0;0;1;0;0;0;0;0;0
I'm having a Samsung Galaxy S22 and the decrypt option is not working at all please help me recover my documents.;synthetic;0;0;1;0;0;0;0;0;0
I feel extremely unsafe knowing strangers can track where I am at any time.;synthetic;0;0;1;0;0;0;0;0;0
I'm stressed out because I have sensitive work documents and client information stored here.;synthetic;0;0;1;0;0;0;0;0;0
I reported multiple times but nothing has been done and I'm anxious that my family members might fall victim to these scams.;synthetic;0;0;1;0;0;0;0;0;0
I'm terrified that I've lost years of important notes and documents.;synthetic;0;0;1;0;0;0;0;0;0
I'm really scared that this app might be recording me without my knowledge.;synthetic;0;0;1;0;0;0;0;0;0
I'm anxious that my financial information may have been compromised, someone please help me resolve this immediately.;synthetic;0;0;1;0;0;0;0;0;0
I'm extremely worried that someone has hacked into my account and is accessing my personal information.;synthetic;0;0;1;0;0;0;0;0;0
I'm stressed out because there's no transaction history showing and I can't reach customer support.;synthetic;0;0;1;0;0;0;0;0;0
This makes me scared to even open the app anymore.;synthetic;0;0;1;0;0;0;0;0;0
I am frightened about the lack of safety measures for minors on this platform.;synthetic;0;0;1;0;0;0;0;0;0
I'm afraid my private data is being collected and shared without my permission.;synthetic;0;0;1;0;0;0;0;0;0
I'm panicking because I have sensitive work files stored in this app and I cannot afford a data breach.;synthetic;0;0;1;0;0;0;0;0;0
I'm scared to interact with anyone on here anymore because you never know who is real and who is trying to steal your information.;synthetic;0;0;1;0;0;0;0;0;0
I'm terrified that my financial data has been compromised and I don't know what to do.;synthetic;0;0;1;0;0;0;0;0;0
I'm scared I've lost months of important documents and notes that I can't recover.;synthetic;0;0;1;0;0;0;0;0;0
I'm really anxious that this app might be secretly collecting my personal data and sending it to third parties.;synthetic;0;0;1;0;0;0;0;0;0
I am extremely worried about the safety of my children on this platform please help me disable this feature.;synthetic;0;0;1;0;0;0;0;0;0
I'm panicking because there's no customer support responding and I might lose everything permanently.;synthetic;0;0;1;0;0;0;0;0;0
I'm afraid to even open my messages anymore.;synthetic;0;0;1;0;0;0;0;0;0
I'm stressed out every time I open this app now because I can't trust it to display my actual account information reliably.;synthetic;0;0;1;0;0;0;0;0;0
I'm scared that they will keep draining my bank account and I cannot find any way to stop the recurring charges please help.;synthetic;0;0;1;0;0;0;0;0;0
I'm genuinely frightened about my privacy and the security of sensitive information I shared through this app.;synthetic;0;0;1;0;0;0;0;0;0
Please anyone help me figure out how to hide my location because I'm terrified right now.;synthetic;0;0;1;0;0;0;0;0;0
I'm terrified that my personal information might have been compromised during the update.;synthetic;0;0;1;0;0;0;0;0;0
I'm really scared that this app is secretly recording me without my knowledge.;synthetic;0;0;1;0;0;0;0;0;0
Someone please help me, I am extremely worried that my bank details have been leaked to third parties.;synthetic;0;0;1;0;0;0;0;0;0
I have over 5000 irreplaceable family photos and I'm anxious that I might lose them all permanently.;synthetic;0;0;1;0;0;0;0;0;0
I am panicking because private messages are being shared with people I don't even talk to.;synthetic;0;0;1;0;0;0;0;0;0
I'm stressed that my confidential documents are being stored without any protection and anyone could access them.;synthetic;0;0;1;0;0;0;0;0;0
I'm scared because I accidentally clicked on one and now I don't know if my device has been compromised.;synthetic;0;0;1;0;0;0;0;0;0
I'm freaking out that everything is permanently deleted and there's no way to recover it.;synthetic;0;0;1;0;0;0;0;0;0
I'm really worried that it might be transmitting my personal data to unknown servers.;synthetic;0;0;1;0;0;0;0;0;0
I am very anxious because my account has sensitive financial information and anyone with my password could get in.;synthetic;0;0;1;0;0;0;0;0;0
Someone seems to have accessed my payment details and I'm terrified my financial information has been compromised.;synthetic;0;0;1;0;0;0;0;0;0
I'm scared I'll lose everything if this continues.;synthetic;0;0;1;0;0;0;0;0;0
I'm really worried about what they're doing with my personal data behind the scenes.;synthetic;0;0;1;0;0;0;0;0;0
I have years of memories stored in this app and I'm panicking that they might all be gone forever.;synthetic;0;0;1;0;0;0;0;0;0
This is extremely alarming and I fear my location data is being exposed to unknown people.;synthetic;0;0;1;0;0;0;0;0;0
I'm afraid my phone has been infected with malware through this application.;synthetic;0;0;1;0;0;0;0;0;0
I have critical business data on this app and I'm terrified of losing all my client records.;synthetic;0;0;1;0;0;0;0;0;0
I'm scared that many users are falling for these scams and having their personal information stolen.;synthetic;0;0;1;0;0;0;0;0;0
I'm extremely anxious about disputing these charges and whether I'll ever get my money back.;synthetic;0;0;1;0;0;0;0;0;0
I'm worried it might damage my battery or even cause a safety hazard.;synthetic;0;0;1;0;0;0;0;0;0
I'm terrified that my three years of journal entries have been permanently deleted.;synthetic;0;0;1;0;0;0;0;0;0
I'm scared that someone might have hacked into my profile because I noticed unusual login activity.;synthetic;0;0;1;0;0;0;0;0;0
This is extremely alarming and I'm worried my personal data is being harvested without my consent.;synthetic;0;0;1;0;0;0;0;0;0
The app runs background processes that I cannot stop and I'm anxious it might be sending my information to unknown servers.;synthetic;0;0;1;0;0;0;0;0;0
I'm panicking because I cannot find any way to unlink my account or contact support.;synthetic;0;0;1;0;0;0;0;0;0
I'm really scared that my private conversations could be leaked or accessed by third parties.;synthetic;0;0;1;0;0;0;0;0;0
I'm afraid that clicking on one accidentally could compromise my entire phone and personal data.;synthetic;0;0;1;0;0;0;0;0;0
I'm stressed and worried that this will mess up my actual sales and I could lose money.;synthetic;0;0;1;0;0;0;0;0;0
I'm extremely anxious about where my sensitive identity documents are being stored and who has access to them.;synthetic;0;0;1;0;0;0;0;0;0
I'm genuinely frightened about how much of my daily movement history has already been sold to unknown companies.;synthetic;0;0;1;0;0;0;0;0;0
Someone might be accessing my payment info through this app and I'm terrified of losing all my savings.;synthetic;0;0;1;0;0;0;0;0;0
I'm scared that all my important memories and documents stored in the app will be permanently lost if this keeps happening.;synthetic;0;0;1;0;0;0;0;0;0
I'm really anxious that my personal data is being collected and shared without my consent.;synthetic;0;0;1;0;0;0;0;0;0
I'm worried hackers are exploiting a vulnerability in the app to steal user credentials.;synthetic;0;0;1;0;0;0;0;0;0
Anyone please help, I am extremely stressed that my sensitive conversations could be intercepted by third parties.;synthetic;0;0;1;0;0;0;0;0;0
I'm afraid the app might have some kind of malware embedded in it because my phone is behaving strangely since I installed it.;synthetic;0;0;1;0;0;0;0;0;0
People are creating bot accounts and running phishing schemes targeting new users who don't know any better.;synthetic;0;0;1;0;0;0;0;0;0
I'm panicking because I don't have backups anywhere else, please someone help me recover my data.;synthetic;0;0;1;0;0;0;0;0;0
Customer support is unresponsive and I'm scared they will keep draining my bank account without any way for me to stop it.;synthetic;0;0;1;0;0;0;0;0;0
I'm extremely worried about their safety because strangers are able to message them directly despite the restrictions I set up.;synthetic;0;0;1;0;0;0;0;0;0
Someone seems to have accessed my payment details and I'm terrified my bank information has been compromised.;synthetic;0;0;1;0;0;0;0;0;0
I'm scared I'll lose everything if this continues.;synthetic;0;0;1;0;0;0;0;0;0
I'm really anxious about what they're doing with all this personal data.;synthetic;0;0;1;0;0;0;0;0;0
I'm extremely worried that my personal pictures could be leaked or shared publicly.;synthetic;0;0;1;0;0;0;0;0;0
I have years of data stored in this app and I'm panicking because I cannot access any of it.;synthetic;0;0;1;0;0;0;0;0;0
People are able to bypass the privacy settings and view my personal information, which is terrifying.;synthetic;0;0;1;0;0;0;0;0;0
I'm afraid this app might permanently damage my phone hardware.;synthetic;0;0;1;0;0;0;0;0;0
I'm stressed out because I already clicked the link before realizing it might be a phishing scam.;synthetic;0;0;1;0;0;0;0;0;0
I use this app for sensitive business communications and I'm scared that confidential information is being exposed.;synthetic;0;0;1;0;0;0;0;0;0
I'm a woman living alone and this makes me feel extremely unsafe and vulnerable.;synthetic;0;0;1;0;0;0;0;0;0
Someone might have access to my payment details and I'm terrified my financial information has been compromised.;synthetic;0;0;1;0;0;0;0;0;0
I'm scared I've lost months of important data and there's no way to recover it.;synthetic;0;0;1;0;0;0;0;0;0
I'm really worried this app is collecting my personal data without my consent and sharing it with third parties.;synthetic;0;0;1;0;0;0;0;0;0
My account keeps getting accessed from devices I don't recognize and I'm afraid someone has hacked into it.;synthetic;0;0;1;0;0;0;0;0;0
I have years of memories stored here and I'm panicking that everything might be permanently gone.;synthetic;0;0;1;0;0;0;0;0;0
I'm anxious that I won't be able to access my funds when I need them most, please help me resolve this urgently.;synthetic;0;0;1;0;0;0;0;0;0
I'm scared that the developers aren't doing anything to stop these fraudulent accounts from targeting vulnerable users.;synthetic;0;0;1;0;0;0;0;0;0
I'm extremely stressed that my account has been deleted without any warning or explanation, someone please help.;synthetic;0;0;1;0;0;0;0;0;0
I've read reports that messages sent through this app can be intercepted by third parties and I'm terrified my private conversations are being exposed.;synthetic;0;0;1;0;0;0;0;0;0
I'm worried it might damage my phone's hardware permanently and I don't know how to stop it from running in the background.;synthetic;0;0;1;0;0;0;0;0;0
I'm terrified that my financial data has been compromised and I don't know what to do.;synthetic;0;0;1;0;0;0;0;0;0
I'm scared I might lose all my precious memories if the app corrupts my files during the backup process.;synthetic;0;0;1;0;0;0;0;0;0
I'm really worried that this app is secretly collecting my personal data and selling it to third parties.;synthetic;0;0;1;0;0;0;0;0;0
People are infiltrating private groups and scraping personal conversations, and I'm afraid my private information is being exposed to unknown users.;synthetic;0;0;1;0;0;0;0;0;0
I'm panicking because I have years of important documents stored in this app and I cannot access any of them please help me.;synthetic;0;0;1;0;0;0;0;0;0
I'm extremely anxious that someone has stolen my identity through this app and I feel completely helpless.;synthetic;0;0;1;0;0;0;0;0;0
I'm frightened about what my children might have already seen before I noticed the issue.;synthetic;0;0;1;0;0;0;0;0;0
I'm stressed that I'll permanently lose access to all my data, someone please help me resolve this issue.;synthetic;0;0;1;0;0;0;0;0;0
I'm genuinely scared that this app could damage my phone's battery or even cause a hardware malfunction.;synthetic;0;0;1;0;0;0;0;0;0
I'm deeply worried because I use this app for sensitive work communications and now I have no idea if my messages are being intercepted by anyone.;synthetic;0;0;1;0;0;0;0;0;0
I'm terrified that my personal photos and documents have been permanently deleted.;synthetic;0;0;1;0;0;0;0;0;0
I'm scared that my banking details have been compromised and someone is stealing my money.;synthetic;0;0;1;0;0;0;0;0;0
I'm really worried that it's secretly recording my conversations and monitoring me without my consent.;synthetic;0;0;1;0;0;0;0;0;0
I'm extremely anxious that my private information is being sold to third parties.;synthetic;0;0;1;0;0;0;0;0;0
I'm panicking because I need those records for my upcoming doctor appointment and I can't afford the subscription.;synthetic;0;0;1;0;0;0;0;0;0
I had important work files stored in the cloud through this app and I'm stressed that everything is lost forever.;synthetic;0;0;1;0;0;0;0;0;0
People are getting scammed through this app and their accounts are being hacked left and right.;synthetic;0;0;1;0;0;0;0;0;0
I'm horrified that there are no proper safety measures to protect children on this platform.;synthetic;0;0;1;0;0;0;0;0;0
I cannot access my account with all my cryptocurrency stored in it please help me I'm losing sleep over this.;synthetic;0;0;1;0;0;0;0;0;0
Three years of chat history and memories are potentially gone and I'm frightened I'll never get them back.;synthetic;0;0;1;0;0;0;0;0;0
Someone might have access to my payment details and I don't know how to stop it.;synthetic;0;0;1;0;0;0;0;0;0
I'm terrified that I might lose all my precious memories stored in the cloud if this keeps happening.;synthetic;0;0;1;0;0;0;0;0;0
I am extremely worried about my privacy being compromised and I don't know how to make my profile private again please help.;synthetic;0;0;1;0;0;0;0;0;0
I'm scared that it might be sharing my private conversations too.;synthetic;0;0;1;0;0;0;0;0;0
I cannot access my account and I'm afraid someone else could get in while the security feature is broken.;synthetic;0;0;1;0;0;0;0;0;0
Scammers are creating fake profiles and messaging users pretending to be customer support to steal login credentials.;synthetic;0;0;1;0;0;0;0;0;0
I'm panicking because I have a deadline tomorrow and I can't recover anything please someone help me.;synthetic;0;0;1;0;0;0;0;0;0
I'm really stressed about the security implications, especially since I use this app for sensitive work communication.;synthetic;0;0;1;0;0;0;0;0;0
The app still shows my real-time location to friends and I am scared about my safety.;synthetic;0;0;1;0;0;0;0;0;0
I'm anxious that my money is lost because customer support hasn't responded in five days.;synthetic;0;0;1;0;0;0;0;0;0
I'm terrified that my personal banking details have been compromised and I don't know what to do.;synthetic;0;0;1;0;0;0;0;0;0
I'm scared I've lost months of important data that I can't recover.;synthetic;0;0;1;0;0;0;0;0;0
I'm really worried that this app is secretly collecting my private information and selling it to third parties.;synthetic;0;0;1;0;0;0;0;0;0
People are hacking into accounts and stealing personal photos and messages through some vulnerability in the app.;synthetic;0;0;1;0;0;0;0;0;0
I'm anxious that my financial information is not safe and I cannot reach customer support to resolve this.;synthetic;0;0;1;0;0;0;0;0;0
I'm scared that there might be malware embedded in this app because my phone has been behaving strangely ever since I installed it.;synthetic;0;0;1;0;0;0;0;0;0
I'm extremely worried about my child's safety and the developers need to address this immediately before something terrible happens.;synthetic;0;0;1;0;0;0;0;0;0
I'm afraid this app might permanently damage my phone hardware.;synthetic;0;0;1;0;0;0;0;0;0
This is a massive security breach and I'm terrified that my own private messages are being exposed to strangers as well.;synthetic;0;0;1;0;0;0;0;0;0
I'm panicking because I have a critical doctor's appointment tomorrow and I need those records desperately.;synthetic;0;0;1;0;0;0;0;0;0
I'm terrified that my financial information has been compromised and I don't know what to do.;synthetic;0;0;1;0;0;0;0;0;0
I'm scared that I might lose all my precious memories if the backup fails permanently.;synthetic;0;0;1;0;0;0;0;0;0
I'm really anxious about what they're doing with all this personal data behind the scenes.;synthetic;0;0;1;0;0;0;0;0;0
I have important documents stored in this app and I'm panicking that I'll never be able to access them again.;synthetic;0;0;1;0;0;0;0;0;0
I feel extremely unsafe using this platform now.;synthetic;0;0;1;0;0;0;0;0;0
I'm worried about my safety because I never consented to sharing my identity with strangers.;synthetic;0;0;1;0;0;0;0;0;0
I'm afraid my device has been infected with malware through this app and I don't know how to fix it please help.;synthetic;0;0;1;0;0;0;0;0;0
My heart sank and I was in a state of pure panic thinking all my savings had disappeared.;synthetic;0;0;1;0;0;0;0;0;0
I'm extremely stressed that my sensitive browsing data could be sold or leaked to third parties.;synthetic;0;0;1;0;0;0;0;0;0
I'm scared that my account has been hacked and someone is using it to scam people in my contact list please anyone help me.;synthetic;0;0;1;0;0;0;0;0;0
Someone might be stealing my payment info through this app and I'm terrified about what else they could access.;synthetic;0;0;1;0;0;0;0;0;0
I'm scared I might lose everything I've been working on for weeks.;synthetic;0;0;1;0;0;0;0;0;0
I'm genuinely afraid it might damage my battery or even cause a fire if I keep using it.;synthetic;0;0;1;0;0;0;0;0;0
People are tracking users' real-time locations and sharing them in public forums.;synthetic;0;0;1;0;0;0;0;0;0
I have years of photos and memories stored here and I'm panicking that they might all be gone forever.;synthetic;0;0;1;0;0;0;0;0;0
I'm extremely anxious that my private conversations are being recorded without my consent.;synthetic;0;0;1;0;0;0;0;0;0
I'm freaking out that someone has hacked into my account.;synthetic;0;0;1;0;0;0;0;0;0
I'm terrified about what they might have already seen before I noticed the issue.;synthetic;0;0;1;0;0;0;0;0;0
I'm worried that this app is selling user data to third parties and now my personal information is compromised.;synthetic;0;0;1;0;0;0;0;0;0
I'm stressed out because I can't reach customer support and I don't know if I'll ever get my money back.;synthetic;0;0;1;0;0;0;0;0;0
I'm terrified that all my important documents might be permanently lost.;synthetic;0;0;1;0;0;0;0;0;0
Someone might be hacking into my personal data and I don't know how to stop it.;synthetic;0;0;1;0;0;0;0;0;0
I'm really scared about what they're doing with all this personal information.;synthetic;0;0;1;0;0;0;0;0;0
My bank account is being drained and I can't seem to cancel anything please someone help me.;synthetic;0;0;1;0;0;0;0;0;0
I am extremely anxious that my personal pictures are now visible to strangers and I have no idea how to remove them.;synthetic;0;0;1;0;0;0;0;0;0
I'm worried my personal details have already been compromised.;synthetic;0;0;1;0;0;0;0;0;0
I'm panicking because I cannot recover my account and support is unreachable please help.;synthetic;0;0;1;0;0;0;0;0;0
I'm genuinely afraid it might damage my battery or even cause a fire.;synthetic;0;0;1;0;0;0;0;0;0
My credit card information might have been leaked through a security breach and I feel helpless.;synthetic;0;0;1;0;0;0;0;0;0
I'm stressed and anxious that sensitive conversations could be intercepted by anyone.;synthetic;0;0;1;0;0;0;0;0;0
I'm terrified that my financial data has been compromised and I don't know what to do.;synthetic;0;0;1;0;0;0;0;0;0
I'm scared I might lose all my precious memories because the backup never completes and there's no way to export them manually.;synthetic;0;0;1;0;0;0;0;0;0
I'm extremely anxious that all my work files are gone forever and customer support hasn't responded in two weeks.;synthetic;0;0;1;0;0;0;0;0;0
I'm really worried that this app might be secretly recording users without their knowledge or consent.;synthetic;0;0;1;0;0;0;0;0;0
Hackers are breaking into accounts and sending spam messages to all contacts pretending to be real users.;synthetic;0;0;1;0;0;0;0;0;0
I'm panicking because I have important medical records stored in this app please help me gain access.;synthetic;0;0;1;0;0;0;0;0;0
I'm genuinely scared it could damage my phone's battery permanently or even cause a safety hazard.;synthetic;0;0;1;0;0;0;0;0;0
Scammers are creating fake profiles and impersonating real businesses to trick people into sharing their credit card information.;synthetic;0;0;1;0;0;0;0;0;0
I'm horrified and deeply concerned about the safety of children using this platform.;synthetic;0;0;1;0;0;0;0;0;0
Anyone please help me restore my messages I'm losing my mind over this.;synthetic;0;0;1;0;0;0;0;0;0
I'm terrified that my financial data has been compromised and I don't know what to do.;synthetic;0;0;1;0;0;0;0;0;0
I'm scared that all my data will be permanently deleted if this continues, please someone help me recover my files.;synthetic;0;0;1;0;0;0;0;0;0
I'm really worried that this app is collecting my personal data and selling it to third parties without my consent.;synthetic;0;0;1;0;0;0;0;0;0
Anyone please help, I'm anxious that someone has hacked into my account and is reading all my private messages.;synthetic;0;0;1;0;0;0;0;0;0
I'm extremely stressed that I might lose all my precious memories if the servers go down or the app shuts down permanently.;synthetic;0;0;1;0;0;0;0;0;0
I'm panicking because I cannot access my account and I have urgent bills to pay, please help me resolve this issue.;synthetic;0;0;1;0;0;0;0;0;0
I'm scared that clicking on one of these links accidentally could compromise my device and steal my personal information.;synthetic;0;0;1;0;0;0;0;0;0
I'm afraid they will charge me again for a subscription I already paid for and there's no customer support responding to my emails.;synthetic;0;0;1;0;0;0;0;0;0
I'm worried that there might be some kind of spyware running in the background because the app shouldn't be using this much resources.;synthetic;0;0;1;0;0;0;0;0;0
I'm terrified that anyone on the same network can intercept and read my private conversations, please fix this urgently.;synthetic;0;0;1;0;0;0;0;0;0
Someone might have access to my payment details and I'm terrified about what else they could steal.;synthetic;0;0;1;0;0;0;0;0;0
I'm scared I've lost months of important data and I have no idea how to recover it.;synthetic;0;0;1;0;0;0;0;0;0
I'm really anxious about what they're doing with all this personal information.;synthetic;0;0;1;0;0;0;0;0;0
I am extremely worried that my personal pictures could be leaked or accessed by strangers.;synthetic;0;0;1;0;0;0;0;0;0
I'm afraid many people are falling for this and losing their accounts.;synthetic;0;0;1;0;0;0;0;0;0
I'm having Samsung Galaxy S22 phone but the two-factor authentication is not working and I cannot access my account with all my financial records stored in it please help me.;synthetic;0;0;1;0;0;0;0;0;0
I'm panicking because I don't know if everything is permanently gone or if there's a way to restore it.;synthetic;0;0;1;0;0;0;0;0;0
I'm genuinely scared this app is spying on my every movement and sharing my location data with third parties.;synthetic;0;0;1;0;0;0;0;0;0
People are infiltrating private family groups and harassing members.;synthetic;0;0;1;0;0;0;0;0;0
Facing data corruption error on every file I try to open, anyone please help.;synthetic;0;0;1;0;0;0;0;0;0
Someone might have access to my account and I'm terrified my savings could be drained at any moment.;synthetic;0;0;1;0;0;0;0;0;0
The deadline is tomorrow and I'm extremely anxious that I won't be able to file on time because of this broken app.;synthetic;0;0;1;0;0;0;0;0;0
I'm scared that strangers might have already seen my personal pictures and I have no idea how to stop it.;synthetic;0;0;1;0;0;0;0;0;0
I found out that third-party scripts are harvesting user data and selling it to advertisers without consent.;synthetic;0;0;1;0;0;0;0;0;0
I'm panicking because the value keeps changing and I cannot access my funds or contact support.;synthetic;0;0;1;0;0;0;0;0;0
People are infiltrating private school groups and could potentially contact our children directly.;synthetic;0;0;1;0;0;0;0;0;0
I'm stressed and worried because I had two years of blood pressure and glucose readings stored that my doctor needs for my upcoming appointment.;synthetic;0;0;1;0;0;0;0;0;0
I'm really anxious that this app might be recording my conversations and monitoring me without my knowledge.;synthetic;0;0;1;0;0;0;0;0;0
I'm terrified I've lost my money permanently because customer support is completely unresponsive.;synthetic;0;0;1;0;0;0;0;0;0
I'm scared for my safety because people I don't want knowing my whereabouts can now track me constantly.;synthetic;0;0;1;0;0;0;0;0;0
Someone might have hacked into my payment details and I'm terrified my bank information is compromised.;synthetic;0;0;1;0;0;0;0;0;0
I'm scared I've lost all my important documents and files that I spent weeks creating.;synthetic;0;0;1;0;0;0;0;0;0
I'm really anxious about what they're doing with my personal data behind the scenes.;synthetic;0;0;1;0;0;0;0;0;0
Please someone help me, I'm worried my account has been taken over and I'll lose everything.;synthetic;0;0;1;0;0;0;0;0;0
I'm freaking out because some of those messages went to my boss and professional contacts.;synthetic;0;0;1;0;0;0;0;0;0
I'm afraid more innocent users will fall victim because the developers aren't doing anything about it.;synthetic;0;0;1;0;0;0;0;0;0
I am extremely worried about the safety of children on this platform.;synthetic;0;0;1;0;0;0;0;0;0
I'm panicking because those were irreplaceable family memories spanning over ten years.;synthetic;0;0;1;0;0;0;0;0;0
I'm stressed out that they will charge my card without my consent and there's no customer support responding to my emails.;synthetic;0;0;1;0;0;0;0;0;0
I'm terrified that sensitive information could be leaked or intercepted by third parties.;synthetic;0;0;1;0;0;0;0;0;0
I'm terrified that I've lost years of important notes and documents.;synthetic;0;0;1;0;0;0;0;0;0
I'm really scared this app might be secretly recording me without my knowledge.;synthetic;0;0;1;0;0;0;0;0;0
I'm extremely anxious that one of these incomplete transactions might result in money being deducted without confirmation.;synthetic;0;0;1;0;0;0;0;0;0
I'm worried that someone has already accessed my personal information and I don't know what to do.;synthetic;0;0;1;0;0;0;0;0;0
I'm scared it might damage my phone's hardware permanently.;synthetic;0;0;1;0;0;0;0;0;0
People's private movements are being tracked and sold to companies we don't even know about.;synthetic;0;0;1;0;0;0;0;0;0
I am frightened about the safety of children using this platform.;synthetic;0;0;1;0;0;0;0;0;0
I'm stuck in calls with strangers and can't get out, please anyone help me resolve this issue.;synthetic;0;0;1;0;0;0;0;0;0
I'm panicking because I don't have enough money in my account and this might cause overdraft fees.;synthetic;0;0;1;0;0;0;0;0;0
I'm afraid that my own identity could be stolen next since the app has all my personal details stored.;synthetic;0;0;1;0;0;0;0;0;0
I'm terrified that my personal data and payment information have been compromised.;synthetic;0;0;1;0;0;0;0;0;0
I'm scared I've lost months of important documents and notes that I can't recover.;synthetic;0;0;1;0;0;0;0;0;0
I'm really worried that this app might be collecting and selling my private information to third parties.;synthetic;0;0;1;0;0;0;0;0;0
Someone please help me, I don't know how to stop the charges and I'm afraid my financial details are being stolen.;synthetic;0;0;1;0;0;0;0;0;0
I'm panicking because I might have lost everything and there's no way to contact support.;synthetic;0;0;1;0;0;0;0;0;0
I'm anxious about using this app anymore because you can't tell who is real and who is trying to hack your account.;synthetic;0;0;1;0;0;0;0;0;0
I'm genuinely scared that this app is going to damage my phone hardware permanently.;synthetic;0;0;1;0;0;0;0;0;0
I'm stressed and worried that there might be some kind of malware embedded in the app that's running in the background.;synthetic;0;0;1;0;0;0;0;0;0
I'm frightened about the security implications especially since I use this app for sensitive work communications.;synthetic;0;0;1;0;0;0;0;0;0
I'm afraid they will drain my entire bank account.;synthetic;0;0;1;0;0;0;0;0;0
I'm terrified that my financial data might have been compromised during one of these crashes.;synthetic;0;0;1;0;0;0;0;0;0
I'm scared to even open the app anymore.;synthetic;0;0;1;0;0;0;0;0;0
I'm panicking that I might lose everything.;synthetic;0;0;1;0;0;0;0;0;0
I'm really worried someone has access to my account and is trying to take it over.;synthetic;0;0;1;0;0;0;0;0;0
I'm anxious that this app is silently draining my bank account without any accountability.;synthetic;0;0;1;0;0;0;0;0;0
People are getting scammed through phishing attacks disguised as promotional offers.;synthetic;0;0;1;0;0;0;0;0;0
I'm extremely stressed about what they might be recording in the background.;synthetic;0;0;1;0;0;0;0;0;0
I'm freaking out because it was a large sum and nobody from support is helping me please someone help.;synthetic;0;0;1;0;0;0;0;0;0
I'm scared about what content my children might be exposed to.;synthetic;0;0;1;0;0;0;0;0;0
I'm terrified I've lost all my memories permanently.;synthetic;0;0;1;0;0;0;0;0;0
I'm terrified that my financial information has been compromised and I don't know what to do.;synthetic;0;0;1;0;0;0;0;0;0
I'm scared that all my data will be permanently erased if this continues, please someone help me recover my files.;synthetic;0;0;1;0;0;0;0;0;0
I'm really anxious about what they're doing with all this personal data behind the scenes.;synthetic;0;0;1;0;0;0;0;0;0
My personal pictures are being exposed to unknown people and I'm panicking because I can't figure out how to stop it.;synthetic;0;0;1;0;0;0;0;0;0
I'm extremely worried that my account has been hacked and someone else is reading all my private messages right now.;synthetic;0;0;1;0;0;0;0;0;0
There are bots sending me suspicious links and I'm afraid clicking one accidentally could install malware on my phone.;synthetic;0;0;1;0;0;0;0;0;0
I'm stressed and scared that my money is just disappearing and customer support is not responding at all.;synthetic;0;0;1;0;0;0;0;0;0
I'm genuinely frightened about my safety because anyone can track where I am at any time.;synthetic;0;0;1;0;0;0;0;0;0
I'm worried this app might have some kind of hidden crypto mining process running in the background that could damage my phone permanently.;synthetic;0;0;1;0;0;0;0;0;0
I'm terrified that if my phone crashes I will lose everything because nothing is being synced to the cloud anymore, please help.;synthetic;0;0;1;0;0;0;0;0;0
I'm terrified that my personal data and banking information have been compromised and I don't know what to do.;synthetic;0;0;1;0;0;0;0;0;0
I'm scared that I might lose all my precious memories stored in the cloud if this keeps happening.;synthetic;0;0;1;0;0;0;0;0;0
I'm genuinely worried it might damage my battery or even cause a fire.;synthetic;0;0;1;0;0;0;0;0;0
I'm extremely anxious about my private chats being leaked to strangers.;synthetic;0;0;1;0;0;0;0;0;0
I'm afraid this app is secretly collecting and selling my personal information without my consent.;synthetic;0;0;1;0;0;0;0;0;0
I'm panicking that my financial information has been stolen.;synthetic;0;0;1;0;0;0;0;0;0
I'm deeply worried about their safety because random strangers can send them direct messages without any filtering.;synthetic;0;0;1;0;0;0;0;0;0
I'm stressed and anxious that months of medical tracking data might be permanently lost and my doctor needs those records next week.;synthetic;0;0;1;0;0;0;0;0;0
I'm scared to interact with anyone on here anymore because you never know who is real and who is a scammer trying to steal your information.;synthetic;0;0;1;0;0;0;0;0;0
I'm freaking out that everything is gone forever and customer support is completely unresponsive.;synthetic;0;0;1;0;0;0;0;0;0
I'm terrified that my three years of journal entries have been permanently deleted.;synthetic;0;0;1;0;0;0;0;0;0
I'm really scared that it might be recording me without my consent.;synthetic;0;0;1;0;0;0;0;0;0
I'm extremely worried that my financial information has been compromised, please help me someone.;synthetic;0;0;1;0;0;0;0;0;0
I'm panicking because there seems to be no way to recover my files, anyone please help.;synthetic;0;0;1;0;0;0;0;0;0
I'm anxious that my private messages might be getting leaked to people I don't even know.;synthetic;0;0;1;0;0;0;0;0;0
I'm afraid my login credentials are being exposed to third parties through this vulnerability.;synthetic;0;0;1;0;0;0;0;0;0
I'm scared that all my important work documents and family photos could vanish any day without warning.;synthetic;0;0;1;0;0;0;0;0;0
I'm deeply concerned about the safety of children using this platform because there seem to be no proper moderation controls in place.;synthetic;0;0;1;0;0;0;0;0;0
I'm stressed that someone else might have changed my credentials and taken over my account, please help me.;synthetic;0;0;1;0;0;0;0;0;0
I'm worried it might be running hidden background processes or even crypto mining scripts without users knowing about it.;synthetic;0;0;1;0;0;0;0;0;0
I'm terrified that my financial data has been compromised and I don't know what to do.;synthetic;0;0;1;0;0;0;0;0;0
I'm scared I might lose all my precious memories if something goes wrong with my phone.;synthetic;0;0;1;0;0;0;0;0;0
I'm really worried that this app is secretly collecting my personal data and sending it somewhere without my consent.;synthetic;0;0;1;0;0;0;0;0;0
People with no connection to me are viewing my personal content and I feel extremely unsafe.;synthetic;0;0;1;0;0;0;0;0;0
I have years of important documents stored there and I'm panicking that everything is gone forever.;synthetic;0;0;1;0;0;0;0;0;0
Anyone can now access my account with just the password and I'm extremely anxious about my savings being at risk.;synthetic;0;0;1;0;0;0;0;0;0
I'm afraid that my identity could be stolen because I already interacted with one of these accounts before realizing it was fake.;synthetic;0;0;1;0;0;0;0;0;0
I'm absolutely terrified not knowing where my kid actually is right now.;synthetic;0;0;1;0;0;0;0;0;0
I'm stressed and scared that sensitive conversations could be intercepted by anyone on the network.;synthetic;0;0;1;0;0;0;0;0;0
I'm worried my number has been leaked through some data breach in the app.;synthetic;0;0;1;0;0;0;0;0;0
I'm terrified that my personal data and payment information have been compromised.;synthetic;0;0;1;0;0;0;0;0;0
I'm so anxious that I might lose all my important documents and files stored in the app.;synthetic;0;0;1;0;0;0;0;0;0
I'm scared that someone has hacked into my account through this app please help me immediately.;synthetic;0;0;1;0;0;0;0;0;0
I'm worried my identity could be stolen at any moment.;synthetic;0;0;1;0;0;0;0;0;0
I'm really stressed and frightened about what this app might be doing with my data in the background.;synthetic;0;0;1;0;0;0;0;0;0
I have years of photos and memories stored here and I'm panicking that I'll lose everything forever.;synthetic;0;0;1;0;0;0;0;0;0
I'm extremely anxious that my sensitive conversations could be exposed to third parties.;synthetic;0;0;1;0;0;0;0;0;0
I'm scared someone is stalking my activity.;synthetic;0;0;1;0;0;0;0;0;0
I'm freaking out because I don't have enough money in my account and this could cause overdraft fees.;synthetic;0;0;1;0;0;0;0;0;0
I'm deeply worried about the safety of children on this platform.;synthetic;0;0;1;0;0;0;0;0;0
Someone seems to have access to my payment details and I'm terrified my bank account will be drained.;synthetic;0;0;1;0;0;0;0;0;0
I'm really scared that this app is secretly recording me without my knowledge.;synthetic;0;0;1;0;0;0;0;0;0
I'm genuinely worried it might damage my battery or even cause a fire.;synthetic;0;0;1;0;0;0;0;0;0
My personal data is being exposed and I'm extremely anxious about my privacy being compromised.;synthetic;0;0;1;0;0;0;0;0;0
I'm panicking because it was a large sum and I have no idea where my money went.;synthetic;0;0;1;0;0;0;0;0;0
I'm scared that my account has been hacked and my personal information is at risk.;synthetic;0;0;1;0;0;0;0;0;0
I'm terrified that my sensitive conversations are being monitored.;synthetic;0;0;1;0;0;0;0;0;0
I'm stressed and afraid I've lost everything permanently please help me restore my files.;synthetic;0;0;1;0;0;0;0;0;0
I'm extremely worried that my friends and family might click on these malicious links and get scammed.;synthetic;0;0;1;0;0;0;0;0;0
I'm very anxious about being tracked constantly without my consent.;synthetic;0;0;1;0;0;0;0;0;0
I'm terrified that my financial data has been compromised and I don't know what to do.;synthetic;0;0;1;0;0;0;0;0;0
I'm scared I might lose all my precious memories if this continues.;synthetic;0;0;1;0;0;0;0;0;0
I'm genuinely worried it might damage my battery or even cause a fire.;synthetic;0;0;1;0;0;0;0;0;0
I'm really anxious about what they're doing with all this personal data behind the scenes.;synthetic;0;0;1;0;0;0;0;0;0
People are stealing personal information through security vulnerabilities and nobody seems to care.;synthetic;0;0;1;0;0;0;0;0;0
I have important work files that I cannot recover and my deadline is tomorrow please someone help me.;synthetic;0;0;1;0;0;0;0;0;0
I'm stressed out thinking about where my location data is being sent because the app tracks me even when it's closed.;synthetic;0;0;1;0;0;0;0;0;0
I'm panicking because all my medical records are stored in this app and I cannot access them before my doctor's appointment.;synthetic;0;0;1;0;0;0;0;0;0
I'm really scared that someone might be intercepting my private conversations.;synthetic;0;0;1;0;0;0;0;0;0
I'm frightened that my children are now exposed to inappropriate content without any filters.;synthetic;0;0;1;0;0;0;0;0;0
I'm terrified that my financial data has been compromised and I don't know what to do.;synthetic;0;0;1;0;0;0;0;0;0
I'm scared that all my data will be permanently deleted if this continues, please someone help me recover my files.;synthetic;0;0;1;0;0;0;0;0;0
I'm really worried that this app is secretly collecting my personal information and spying on users.;synthetic;0;0;1;0;0;0;0;0;0
Please help me, I'm anxious that I won't be able to retrieve my health data before my doctor's appointment.;synthetic;0;0;1;0;0;0;0;0;0
People are somehow bypassing the privacy settings and accessing restricted content without authorization.;synthetic;0;0;1;0;0;0;0;0;0
I'm panicking because my own account balance seems wrong and I don't know if someone has access to my money.;synthetic;0;0;1;0;0;0;0;0;0
I'm afraid my device has been infected with malware through this app, please help me fix this issue.;synthetic;0;0;1;0;0;0;0;0;0
I'm stressed and scared that some hidden process is running and transmitting my personal data to third parties without my consent.;synthetic;0;0;1;0;0;0;0;0;0
I cannot log into my account and I'm terrified that someone could take over my account while the security feature is broken.;synthetic;0;0;1;0;0;0;0;0;0
Bots are harvesting user email addresses and phone numbers from public profiles to send phishing attacks.;synthetic;0;0;1;0;0;0;0;0;0
I'm terrified that my financial information has been compromised and I don't know what to do.;synthetic;0;0;1;0;0;0;0;0;0
I'm scared that all my data will be permanently gone if this continues, please someone help me recover my files.;synthetic;0;0;1;0;0;0;0;0;0
I'm really anxious about what they're doing with all these unnecessary permissions.;synthetic;0;0;1;0;0;0;0;0;0
I'm worried someone has hacked into my account and is stealing my personal information please help me secure it.;synthetic;0;0;1;0;0;0;0;0;0
People are scraping user data and selling it on the dark web according to recent reports.;synthetic;0;0;1;0;0;0;0;0;0
I'm panicking because the app now shows a storage error and I cannot access any of my memories.;synthetic;0;0;1;0;0;0;0;0;0
I have my entire business inventory managed through this app and I'm terrified I'll lose everything.;synthetic;0;0;1;0;0;0;0;0;0
I'm genuinely frightened about what kind of surveillance this app is performing on my phone.;synthetic;0;0;1;0;0;0;0;0;0
I was completely caught off guard when I opened it one morning and all my saved categories had vanished overnight.;synthetic;0;0;0;1;0;0;0;0;0
I was surprised to find that after completing a 30-day workout streak, the app simply reset my progress counter without any celebration or acknowledgment.;synthetic;0;0;0;1;0;0;0;0;0
One thing that caught me off guard is that it asked me to write a review after I had only opened the app for the first time and hadn't even tried a single recipe yet.;synthetic;0;0;0;1;0;0;0;0;0
I was shocked when I noticed that the app was tracking my microphone even when running in the background, completely unrelated to any active lesson.;synthetic;0;0;0;1;0;0;0;0;0
I was puzzled to discover that exporting a photo in high resolution suddenly counts against a daily limit I never knew existed.;synthetic;0;0;0;1;0;0;0;0;0
I was taken aback when the app sent me a push notification at 3am, which obviously woke me up.;synthetic;0;0;0;1;0;0;0;0;0
What surprised me was that after I purchased the annual premium plan, the app still showed ads between songs for the first two days.;synthetic;0;0;0;1;0;0;0;0;0
I was astonished to see that it charged me twice for the same hotel booking and when I checked the booking history, it only showed one transaction.;synthetic;0;0;0;1;0;0;0;0;0
I was unexpectedly greeted with a paywall after reading just two articles, even though I had signed up for the free tier which supposedly allows unlimited reads.;synthetic;0;0;0;1;0;0;0;0;0
I was really surprised when I found out that syncing across devices is not included in the basic premium plan and requires an even higher subscription tier.;synthetic;0;0;0;1;0;0;0;0;0
It was quite unexpected when I went to check my weekly report and found that all my historical data had been reorganized into a new format I didn't choose.;synthetic;0;0;0;1;0;0;0;0;0
I was stunned to see that an item I had bookmarked and was about to purchase suddenly disappeared from my wishlist with no explanation.;synthetic;0;0;0;1;0;0;0;0;0
It was a strange surprise when the app showed my driver arriving in two minutes, and then the ride was automatically cancelled without any action from me or the driver.;synthetic;0;0;0;1;0;0;0;0;0
I was bewildered when I realized that after updating the app, my font preferences had been reset to default and the custom color scheme I spent time configuring was completely gone.;synthetic;0;0;0;1;0;0;0;0;0
I was utterly shocked when I completed a full course and went to download my certificate, only to be told that certificates are only available for paid subscribers.;synthetic;0;0;0;1;0;0;0;0;0
What I didn't expect at all was that the app started displaying advertisements for umbrellas and raincoats every time it predicted rain in my area.;synthetic;0;0;0;1;0;0;0;0;0
I was surprised to see that it flagged my own newly created strong password as 'weak' while suggesting passwords that were actually shorter and less complex.;synthetic;0;0;0;1;0;0;0;0;0
I found it really odd that the app sent me a congratulatory message for reaching my calorie goal on a day I had actually logged no meals at all.;synthetic;0;0;0;1;0;0;0;0;0
I was completely blindsided when I tried to export my finished video and the app informed me that watermark-free export was no longer part of the plan I subscribed to last month.;synthetic;0;0;0;1;0;0;0;0;0
I was left utterly confused when my public profile suddenly became private without me changing any settings.;synthetic;0;0;0;1;0;0;0;0;0
It randomly categorized my rent payment as 'Entertainment' which was bizarre.;synthetic;0;0;0;1;0;0;0;0;0
But I was shocked to find that after editing a photo, it saved a lower resolution version than the original without any warning.;synthetic;0;0;0;1;0;0;0;0;0
Just downloaded this meditation app 10 minutes ago and it's already asking me to subscribe to the premium plan for $14.99/month before I've even completed a single session.;synthetic;0;0;0;1;0;0;0;0;0
However, it sent me a severe thunderstorm alert for a city 500 miles away that I've never searched for or visited, which was really unexpected and confusing.;synthetic;0;0;0;1;0;0;0;0;0
Oddly enough, it counted 2,000 steps while my phone was sitting on my desk the entire afternoon and I hadn't moved at all.;synthetic;0;0;0;1;0;0;0;0;0
The strangest thing happened though — I shared a note with a colleague and it somehow merged their notes into my personal notebook without asking permission.;synthetic;0;0;0;1;0;0;0;0;0
This recipe app suggested I add cinnamon to a pasta carbonara recipe, which caught me completely off guard.;synthetic;0;0;0;1;0;0;0;0;0
I was startled to see a notification saying 'Unusual spending detected' for a $3 coffee purchase at my regular café that I visit every single morning.;synthetic;0;0;0;1;0;0;0;0;0
What surprised me is that when I set a reminder for a meeting at 9 AM, it notified me at 9 PM the night before instead, and there's no way to adjust the default reminder time in settings.;synthetic;0;0;0;1;0;0;0;0;0
I was taken aback when it placed me at an advanced level after I answered just two basic vocabulary questions.;synthetic;0;0;0;1;0;0;0;0;0
I didn't expect the app to just override all my custom settings after an update.;synthetic;0;0;0;1;0;0;0;0;0
However, I was shocked to find out that the app uploaded my photos to their cloud without ever asking for my permission.;synthetic;0;0;0;1;0;0;0;0;0
Who thought bombarding a meditation app user with that many notifications was a good idea?;synthetic;0;0;0;1;0;0;0;0;0
That was a really odd suggestion that made no sense given my preferences.;synthetic;0;0;0;1;0;0;0;0;0
But strangely enough the app categorized my rent payment as 'Entertainment' and my Netflix subscription as 'Housing' which is the complete opposite of what they should be.;synthetic;0;0;0;1;0;0;0;0;0
How am I supposed to judge an educational app without actually using it for at least a few days?;synthetic;0;0;0;1;0;0;0;0;0
I've never seen a weather app flip its predictions so drastically within an hour.;synthetic;0;0;0;1;0;0;0;0;0
Weirdly the alarm display showed AM but it triggered twelve hours later.;synthetic;0;0;0;1;0;0;0;0;0
I was completely caught off guard when the app converted all my bullet points into numbered lists after syncing across devices.;synthetic;0;0;0;1;0;0;0;0;0
How is a closed garage still listed as having available parking spots?;synthetic;0;0;0;1;0;0;0;0;0
It predicted sunny skies all day but then a thunderstorm rolled in without any warning or update.;synthetic;0;0;0;1;0;0;0;0;0
I was shocked to find that after editing my photo for 20 minutes, the app saved it at a much lower resolution than the original without telling me.;synthetic;0;0;0;1;0;0;0;0;0
I downloaded a finance tracker, not a shopping assistant, so why am I getting ads for sneakers?;synthetic;0;0;0;1;0;0;0;0;0
Strangely enough it recommended me a recipe that required 47 ingredients for what was labeled as a 'simple weeknight dinner.';synthetic;0;0;0;1;0;0;0;0;0
I was really caught off guard when it charged me for a yearly subscription after I only signed up for a free trial three days ago.;synthetic;0;0;0;1;0;0;0;0;0
This fitness tracker app somehow decided that my 10-minute walk to the grocery store burned 800 calories.;synthetic;0;0;0;1;0;0;0;0;0
Some folders I never created just appeared out of nowhere.;synthetic;0;0;0;1;0;0;0;0;0
I haven't even seen what the app offers yet and it's already asking me to recruit people?;synthetic;0;0;0;1;0;0;0;0;0
Didn't expect a major map app to send me through restricted areas.;synthetic;0;0;0;1;0;0;0;0;0
How does an internal company email end up in spam with no warning?;synthetic;0;0;0;1;0;0;0;0;0
But I was shocked to find out that the app automatically uploaded all my edited photos to a public gallery without asking me first.;synthetic;0;0;0;1;0;0;0;0;0
However, it randomly categorized my rent payment as 'Entertainment' and my grocery shopping as 'Travel' which made no sense at all.;synthetic;0;0;0;1;0;0;0;0;0
It's already asking me to subscribe to the premium plan for $14.99/month before I even completed a single session which is wild.;synthetic;0;0;0;1;0;0;0;0;0
What caught me off guard was that it sent me a severe thunderstorm warning for a city 300 miles away even though my location services are on and working fine.;synthetic;0;0;0;1;0;0;0;0;0
Strangely enough, the app recorded 2,000 steps while my phone was sitting on my desk all afternoon and I was in a meeting.;synthetic;0;0;0;1;0;0;0;0;0
I was really surprised to see that after searching for vegan recipes, the app started showing me ads exclusively for steakhouses and BBQ restaurants.;synthetic;0;0;0;1;0;0;0;0;0
It unexpectedly deleted all my completed tasks from the history without any warning or notification after just 7 days.;synthetic;0;0;0;1;0;0;0;0;0
But weirdly, halfway through my lesson the app switched to teaching me Portuguese phrases without any transition or explanation, and it still labeled them as Spanish.;synthetic;0;0;0;1;0;0;0;0;0
I was stunned when it directed me to a parking lot that has apparently been closed and converted into a construction site for the past six months.;synthetic;0;0;0;1;0;0;0;0;0
I set a reminder for my dentist appointment next Tuesday and the app sent the reminder notification to my wife's phone instead of mine even though we don't share accounts or devices.;synthetic;0;0;0;1;0;0;0;0;0
But I was shocked to find that the app automatically posted one of my edited photos to social media without me ever granting permission.;synthetic;0;0;0;1;0;0;0;0;0
However, it randomly categorized my rent payment as 'Entertainment' and my Netflix subscription as 'Healthcare' which made no sense whatsoever.;synthetic;0;0;0;1;0;0;0;0;0
How am I supposed to know if a meditation app works when I haven't even finished one session?;synthetic;0;0;0;1;0;0;0;0;0
I was really surprised when it congratulated me for burning 5,000 calories during a 15-minute walk.;synthetic;0;0;0;1;0;0;0;0;0
We don't even share accounts or anything, our phones just happen to be on the same WiFi.;synthetic;0;0;0;1;0;0;0;0;0
Was totally caught off guard when the app listed 'sand' as an ingredient in a chocolate cake recipe.;synthetic;0;0;0;1;0;0;0;0;0
What I didn't expect was that after reaching a 30-day streak, the app reset my entire progress to zero without any warning or explanation.;synthetic;0;0;0;1;0;0;0;0;0
Strangely enough, when I searched for coffee shops right after, it showed correct local results.;synthetic;0;0;0;1;0;0;0;0;0
But I was stunned to open my private journal entry and find someone else's notes mixed in with mine, complete with their personal details and shopping lists.;synthetic;0;0;0;1;0;0;0;0;0
The app automatically added a sympathy card purchase reminder and sent a 'Get Well Soon' message to everyone in my contacts, which was absolutely bizarre and embarrassing.;synthetic;0;0;0;1;0;0;0;0;0
Surprisingly, it downgraded all my exported images to 720p even though I have the premium subscription.;synthetic;0;0;0;1;0;0;0;0;0
However, I noticed it asked me for access to my contacts which is really strange for a weather application.;synthetic;0;0;0;1;0;0;0;0;0
Who thought it was a good idea to remind someone to relax at 2 in the morning?;synthetic;0;0;0;1;0;0;0;0;0
I was shocked to find out that the free version doesn't even let you log water intake, which is literally the most basic health tracking feature imaginable.;synthetic;0;0;0;1;0;0;0;0;0
But weirdly enough, when I set my dietary preference to vegetarian, it still recommended a chicken tikka masala recipe as my top pick.;synthetic;0;0;0;1;0;0;0;0;0
How am I supposed to evaluate a financial planning tool in half an hour?;synthetic;0;0;0;1;0;0;0;0;0
What caught me off guard was that deleting a notebook didn't actually delete the notes inside it — they just became orphaned notes floating around with no folder.;synthetic;0;0;0;1;0;0;0;0;0
Updated the app today and to my surprise, all my saved playlists were reorganized alphabetically without any option to restore my custom order.;synthetic;0;0;0;1;0;0;0;0;0
But strangely, it navigated me to a private driveway instead of the public parking lot that was literally 50 meters away.;synthetic;0;0;0;1;0;0;0;0;0
I couldn't believe it basically spoiled my surprise party planning because it somehow linked to my shared family calendar and notified all members.;synthetic;0;0;0;1;0;0;0;0;0
That was bizarre and completely unexpected.;synthetic;0;0;0;1;0;0;0;0;0
I was shocked to find out that my free trial expired after only 2 days when the listing clearly said 7 days.;synthetic;0;0;0;1;0;0;0;0;0
I had no idea it was even tracking places I'd been to.;synthetic;0;0;0;1;0;0;0;0;0
Really? You want my money before I even know if this works for me?;synthetic;0;0;0;1;0;0;0;0;0
I was completely caught off guard when the app recommended a recipe containing peanuts even though I explicitly set peanut as an allergen in my profile.;synthetic;0;0;0;1;0;0;0;0;0
What surprised me though was that after editing a photo, it saved a separate copy instead of replacing the original, and now I have hundreds of duplicate images filling up my storage.;synthetic;0;0;0;1;0;0;0;0;0
I woke up in a panic thinking I missed something important.;synthetic;0;0;0;1;0;0;0;0;0
Never expected this from a major bank's official app.;synthetic;0;0;0;1;0;0;0;0;0
I couldn't believe all my work just vanished like that.;synthetic;0;0;0;1;0;0;0;0;0
I have no idea where it got that from since I've never searched for jewelry anywhere.;synthetic;0;0;0;1;0;0;0;0;0
That's an insane number that makes no sense at all.;synthetic;0;0;0;1;0;0;0;0;0
But I was shocked to find out that the free version puts a watermark on exported photos even though nowhere on the app listing did it mention that.;synthetic;0;0;0;1;0;0;0;0;0
However, it randomly categorized my rent payment as 'Entertainment' which was really bizarre.;synthetic;0;0;0;1;0;0;0;0;0
This meditation app asked me to write a full review after I used it for exactly 2 minutes.;synthetic;0;0;0;1;0;0;0;0;0
What caught me completely off guard was when the app sent me a push notification at 3 AM suggesting I try a midnight snack recipe.;synthetic;0;0;0;1;0;0;0;0;0
But weirdly enough, when I set my native language to English and target language to Spanish, it started showing me lessons in French for no apparent reason.;synthetic;0;0;0;1;0;0;0;0;0
I was stunned when it showed a snowfall warning for my city in the middle of July in Texas.;synthetic;0;0;0;1;0;0;0;0;0
I didn't expect my carefully prioritized list to just shuffle itself like a playlist on random mode.;synthetic;0;0;0;1;0;0;0;0;0
The strange thing is that it showed my driver was arriving in a helicopter icon instead of a car, and the estimated arrival kept jumping between 2 minutes and 45 minutes.;synthetic;0;0;0;1;0;0;0;0;0
What surprised me was that after finishing a horror novel, the app recommended me children's coloring books as 'similar reads.';synthetic;0;0;0;1;0;0;0;0;0
However, I was shocked to find out it drained 40% of my battery overnight even though I wasn't using it.;synthetic;0;0;0;1;0;0;0;0;0
Strangely enough, after I edited a photo and saved it, the original file was completely replaced with no way to recover it, which I did not expect at all.;synthetic;0;0;0;1;0;0;0;0;0
It asked me to set up a full health profile, connect my smartwatch, and enter my dietary habits before I could even play a single meditation track, which was bizarre for a simple relaxation app.;synthetic;0;0;0;1;0;0;0;0;0
What surprised me was that it sent a motivational push notification to my phone at 3 AM congratulating me on completing zero tasks for the day.;synthetic;0;0;0;1;0;0;0;0;0
I installed this budgeting app just 15 minutes ago and it's already asking me to write a review and share it on social media, which is wild because I haven't even linked my bank account yet.;synthetic;0;0;0;1;0;0;0;0;0
I placed an order for one pizza and the confirmation screen unexpectedly showed two orders charged to my card even though I only tapped the order button once.;synthetic;0;0;0;1;0;0;0;0;0
The weird thing is that it counted 2,000 steps while my phone was sitting on my desk the entire morning without being touched.;synthetic;0;0;0;1;0;0;0;0;0
But I was completely caught off guard when features I had been using for free were suddenly locked behind a premium paywall with no prior warning or announcement.;synthetic;0;0;0;1;0;0;0;0;0
I scheduled a meeting for next Thursday and oddly enough the reminder went off on a completely different day, showing the event as happening on Tuesday instead.;synthetic;0;0;0;1;0;0;0;0;0
I was stunned to discover that when I shared a private note via the export feature, it also included notes from other folders that I never selected.;synthetic;0;0;0;1;0;0;0;0;0
But I was shocked to find out that the free version only lets you track 5 transactions per month, which is basically useless.;synthetic;0;0;0;1;0;0;0;0;0
Strangely enough, the app asked me for microphone access just to crop a picture, which made no sense at all.;synthetic;0;0;0;1;0;0;0;0;0
Who asks someone to commit $79.99 after using the app for 10 minutes?;synthetic;0;0;0;1;0;0;0;0;0
I was really surprised when the app recommended a recipe with peanuts even though I clearly listed peanut allergy in my profile.;synthetic;0;0;0;1;0;0;0;0;0
However, I noticed something odd — the app counted me as having walked 2,000 steps while I was sitting on my couch watching TV for two hours.;synthetic;0;0;0;1;0;0;0;0;0
I couldn't believe I was woken up at 3 in the morning by a dentist reminder that was 12 hours early.;synthetic;0;0;0;1;0;0;0;0;0
The weird thing is that when I selected Spanish as my learning language, the first three lessons were entirely in Portuguese and it took until lesson four to actually switch to Spanish.;synthetic;0;0;0;1;0;0;0;0;0
I was stunned at how wrong it could be in real time when I'm standing in the rain.;synthetic;0;0;0;1;0;0;0;0;0
What caught me off guard was that it charged me for two hours of parking even though I ended my session after 30 minutes and got the confirmation notification.;synthetic;0;0;0;1;0;0;0;0;0
I never expected a simple notes app to access my contacts automatically like that.;synthetic;0;0;0;1;0;0;0;0;0
But I was shocked to find out that the app automatically posted my workout stats to social media without ever asking for my permission.;synthetic;0;0;0;1;0;0;0;0;0
However, I was surprised that after editing a photo the app saved it in a completely different folder that I didn't even know existed on my phone instead of my camera roll.;synthetic;0;0;0;1;0;0;0;0;0
How can I rate something I haven't even tried yet?;synthetic;0;0;0;1;0;0;0;0;0
What caught me off guard was when I searched for 'vegan pasta' and the top three results were all sponsored ads for meat delivery services.;synthetic;0;0;0;1;0;0;0;0;0
A meditation app waking me up in the middle of the night to stress me out is something I never expected.;synthetic;0;0;0;1;0;0;0;0;0
But I was stunned to see it showing a severe thunderstorm warning for my location when the sky was completely clear and every other weather source confirmed sunny skies.;synthetic;0;0;0;1;0;0;0;0;0
Unexpectedly, the app categorized my rent payment as 'Entertainment' and my Netflix subscription as 'Housing' — the categories seem completely random and backwards.;synthetic;0;0;0;1;0;0;0;0;0
The weird thing is that when I shared a note with a colleague, they received it with all my text converted to Comic Sans even though I never selected that font.;synthetic;0;0;0;1;0;0;0;0;0
To my complete surprise, the alarm went off at 7 PM instead, even though I triple-checked that I set it to AM.;synthetic;0;0;0;1;0;0;0;0;0
What I didn't expect was that after completing just one lesson in Spanish, the app switched my entire phone interface language to Spanish without any warning or consent.;synthetic;0;0;0;1;0;0;0;0;0
What caught me off guard was that the app automatically shared my edited photo to their community gallery without asking me.;synthetic;0;0;0;1;0;0;0;0;0
I was shocked to find out that the free version only stores 7 days of history before deleting everything permanently.;synthetic;0;0;0;1;0;0;0;0;0
Strangely enough, when I searched for vegetarian recipes, the first three results all contained chicken as an ingredient.;synthetic;0;0;0;1;0;0;0;0;0
But it's bizarre that it sent me a push notification at 2 AM saying 'You seem stressed, try a breathing exercise' when I was literally sleeping peacefully.;synthetic;0;0;0;1;0;0;0;0;0
I haven't even entered a single transaction yet and they want my money already?;synthetic;0;0;0;1;0;0;0;0;0
However, I was really surprised when it placed me at an advanced level after the placement test even though I barely know basic greetings in Spanish.;synthetic;0;0;0;1;0;0;0;0;0
The weird thing is the driver was rated 4.9 stars but showed up in a completely different car than what was listed, and the app showed me arriving at my destination while I was still 10 minutes away.;synthetic;0;0;0;1;0;0;0;0;0
What I didn't expect was that it asked for access to my contacts and call history just to show me the weather.;synthetic;0;0;0;1;0;0;0;0;0
But I was completely taken aback when I opened a shared note from a colleague and found that the app had rearranged all the bullet points in alphabetical order instead of keeping the original structure.;synthetic;0;0;0;1;0;0;0;0;0
I set a price alert for a laptop at $800 and surprisingly got notified that the price dropped, but when I opened the app the price had actually gone up by $50 from the original listing.;synthetic;0;0;0;1;0;0;0;0;0
I opened it this morning and all my workout history was completely gone with no warning whatsoever.;synthetic;0;0;0;1;0;0;0;0;0
Who asks for money before the user has even experienced the basic features?;synthetic;0;0;0;1;0;0;0;0;0
However, I was shocked to find that sharing a note with a friend actually made it editable by anyone with the link rather than just viewable.;synthetic;0;0;0;1;0;0;0;0;0
Strangely enough, it sent me a severe storm warning for a city 200 miles away from my location even though GPS permissions were granted.;synthetic;0;0;0;1;0;0;0;0;0
I set a 10-minute session before bed and was startled when the completion sound was an incredibly loud gong that nearly woke up my entire household.;synthetic;0;0;0;1;0;0;0;0;0
What really surprised me was when I categorized a grocery purchase and the app automatically posted a recommendation to buy a specific brand on my social feed that I didn't even know was connected.;synthetic;0;0;0;1;0;0;0;0;0
I haven't even cooked a single meal from it yet and they want me to recommend it to people?;synthetic;0;0;0;1;0;0;0;0;0
But I was really taken aback when I created a private event labeled 'doctor appointment' and the app sent a notification to my shared family calendar with the full details.;synthetic;0;0;0;1;0;0;0;0;0
I searched for flights to Tokyo and oddly enough the app showed me hotel deals in Toronto instead.;synthetic;0;0;0;1;0;0;0;0;0
What I didn't expect was that after missing just one day of practice, it sent me a notification saying 'Your streak is dead, and so is your motivation' — I couldn't believe a learning app would use such a discouraging tone.;synthetic;0;0;0;1;0;0;0;0;0
I was shocked to find out that basic features like exporting data require a premium subscription.;synthetic;0;0;0;1;0;0;0;0;0
However, I noticed that after editing a photo and saving it, the app somehow reduced the resolution of my original image too, which was really unexpected.;synthetic;0;0;0;1;0;0;0;0;0
Since when does a wellness app require social recruiting to access basic meditation features?;synthetic;0;0;0;1;0;0;0;0;0
I set a reminder for my morning meeting at 9 AM and weirdly the app sent me the notification at 3 AM instead.;synthetic;0;0;0;1;0;0;0;0;0
I was really surprised to see it categorized my 20-minute nap as a 'high intensity workout' and congratulated me for burning 400 calories.;synthetic;0;0;0;1;0;0;0;0;0
It showed me a severe thunderstorm warning for my location while I was standing outside in perfectly clear blue skies with no clouds in sight.;synthetic;0;0;0;1;0;0;0;0;0
But strangely, when I typed 'apple' it auto-corrected it to 'laptop' and placed it under the electronics category.;synthetic;0;0;0;1;0;0;0;0;0
How am I supposed to review something I haven't even used for one full minute?;synthetic;0;0;0;1;0;0;0;0;0
My family woke up to heavy metal at 2 AM which was quite the surprise.;synthetic;0;0;0;1;0;0;0;0;0
I was stunned to discover that deleting a single note somehow erased an entire folder of unrelated documents.;synthetic;0;0;0;1;0;0;0;0;0
However, I was shocked to find out that the free version only lets you check the forecast for one city when the app store listing clearly says unlimited locations.;synthetic;0;0;0;1;0;0;0;0;0
The app congratulated me for completing a 10K run when I had only walked to the kitchen and back, which was really unexpected.;synthetic;0;0;0;1;0;0;0;0;0
I was surprised they started marketing to me before I even finished setting up my account.;synthetic;0;0;0;1;0;0;0;0;0
I searched for vegan recipes and the first five results all contained chicken, which made absolutely no sense to me.;synthetic;0;0;0;1;0;0;0;0;0
But weirdly enough, the app sent me a notification at 3 AM telling me it was time to meditate and relax.;synthetic;0;0;0;1;0;0;0;0;0
I was stunned to discover that exporting a photo in full resolution requires watching a 30-second ad even on the paid version of the app.;synthetic;0;0;0;1;0;0;0;0;0
Today I opened it and it showed my car parked at a location in another country that I've never visited, which was completely bizarre.;synthetic;0;0;0;1;0;0;0;0;0
How can I possibly evaluate a language learning tool after just one incomplete lesson?;synthetic;0;0;0;1;0;0;0;0;0
Turns out it was referencing an order from three months ago that had already been delivered long ago.;synthetic;0;0;0;1;0;0;0;0;0
But I was really caught off guard when I opened the app this morning and all my completed tasks from the past year had reappeared as active tasks on today's to-do list.;synthetic;0;0;0;1;0;0;0;0;0
But today it told me there was a thunderstorm warning when the sky was completely clear and sunny outside.;synthetic;0;0;0;1;0;0;0;0;0
I was shocked to find that after editing a photo for 20 minutes, the app saved it in a completely different resolution than my original without any warning.;synthetic;0;0;0;1;0;0;0;0;0
Just downloaded this meditation app and before I even opened a single session, it sent me a notification congratulating me on completing a 7-day streak.;synthetic;0;0;0;1;0;0;0;0;0
Weird that the system can just swap items like that without telling you.;synthetic;0;0;0;1;0;0;0;0;0
I set up this budgeting app to track my expenses and surprisingly it categorized my gym membership payment as 'Entertainment - Nightlife.';synthetic;0;0;0;1;0;0;0;0;0
How am I supposed to judge an entire fitness platform based on 15 minutes of use?;synthetic;0;0;0;1;0;0;0;0;0
What surprised me though was that when I created a recurring weekly meeting, it randomly skipped every third occurrence without any explanation.;synthetic;0;0;0;1;0;0;0;0;0
The estimated time just jumped from 2 to 45 out of nowhere.;synthetic;0;0;0;1;0;0;0;0;0
The strange thing is when I shared a note with a coworker, the app automatically added three random contacts from my phone to the shared list that I never selected.;synthetic;0;0;0;1;0;0;0;0;0
I was really taken aback when it sent me a push notification at 3 AM saying 'Your Spanish is getting rusty, don't give up!' as if learning vocabulary is some kind of emergency.;synthetic;0;0;0;1;0;0;0;0;0
It randomly suggested I take a rest day even though I hadn't worked out in five days, which was really strange.;synthetic;0;0;0;1;0;0;0;0;0
I was shocked to find that after the latest update, all my saved presets were completely rearranged in a random order with no way to sort them back.;synthetic;0;0;0;1;0;0;0;0;0
It immediately asked me to write a review and share on social media before I even completed a single session, which is pretty bold for an app I haven't even tried yet.;synthetic;0;0;0;1;0;0;0;0;0
But I ordered bananas and the receipt showed them priced as organic avocados even though the correct item was delivered, which was super confusing.;synthetic;0;0;0;1;0;0;0;0;0
Oddly enough, it sent me a notification congratulating me on saving money during a week where I actually overspent by $200.;synthetic;0;0;0;1;0;0;0;0;0
What surprised me was that it placed me at an advanced level after I answered only two beginner questions, and now all my lessons are way too difficult.;synthetic;0;0;0;1;0;0;0;0;0
However I was stunned when it showed a severe thunderstorm warning for my location while I was standing outside in perfectly clear blue skies with no clouds in sight.;synthetic;0;0;0;1;0;0;0;0;0
Weirdly, when I shared a meeting invite with a colleague, it automatically added three random contacts from my phone as attendees without me selecting them.;synthetic;0;0;0;1;0;0;0;0;0
I was taken aback when it showed my ride cost as $47 for a trip that was only 2 miles, then corrected itself to $7 after I refreshed the screen.;synthetic;0;0;0;1;0;0;0;0;0
I opened it in the middle of the afternoon to adjust settings and it immediately told me 'Good morning! You slept 0 hours, try to get more rest tonight' which was unexpected and kind of funny.;synthetic;0;0;0;1;0;0;0;0;0
What caught me off guard was that it automatically uploaded all my edited photos to some cloud service I never signed up for.;synthetic;0;0;0;1;0;0;0;0;0
I was shocked to find out that the free version only lets you track 5 transactions per month.;synthetic;0;0;0;1;0;0;0;0;0
Strangely enough, the app sent me a motivational notification at 2:47 AM telling me to 'start my day with mindfulness' which is the opposite of what a sleep app should do.;synthetic;0;0;0;1;0;0;0;0;0
The weird thing is that when I searched for pizza places nearby it showed me a restaurant that was 200 miles away as my top result even though there are three pizza shops within walking distance.;synthetic;0;0;0;1;0;0;0;0;0
I haven't even had a chance to see if the basic features work and they want $14.99 a month from me?;synthetic;0;0;0;1;0;0;0;0;0
I was completely surprised when it suggested I add chocolate syrup to a chicken curry recipe as a 'recommended substitution' for tamarind paste.;synthetic;0;0;0;1;0;0;0;0;0
However I was taken aback when the app showed my driver was 2 minutes away but then suddenly the map refreshed and he was actually 25 minutes away on the other side of town.;synthetic;0;0;0;1;0;0;0;0;0
Unexpectedly it marked all my Monday meetings as 'tentative' even though I had confirmed every single one of them manually.;synthetic;0;0;0;1;0;0;0;0;0
What I didn't expect was that after completing level 10 in Spanish, it randomly reset my progress to level 6 without any explanation.;synthetic;0;0;0;1;0;0;0;0;0
The strangest thing happened though - I wrote a grocery list and the app automatically categorized it under 'Work Projects' and then sent a reminder to my linked work email with the subject line 'Urgent: Milk, Eggs, Bread.';synthetic;0;0;0;1;0;0;0;0;0
But I was shocked to find out that the app deleted all my workout history after a simple update.;synthetic;0;0;0;1;0;0;0;0;0
What caught me off guard was that the app automatically posted my edited photo to its public gallery without even asking me for permission.;synthetic;0;0;0;1;0;0;0;0;0
Surprisingly, the app sent me a loud promotional notification at 11 PM about a premium plan, which completely defeated the purpose of using it for relaxation.;synthetic;0;0;0;1;0;0;0;0;0
I was stunned to see that it asks me to rate it after opening it literally twice.;synthetic;0;0;0;1;0;0;0;0;0
Strange thing is when I categorized a payment to my dentist, the app labeled it under 'Entertainment' and I couldn't figure out why.;synthetic;0;0;0;1;0;0;0;0;0
Weirdly enough, the app created a recurring daily reminder instead of a one-time event, and I ended up getting 14 notifications before I realized what happened.;synthetic;0;0;0;1;0;0;0;0;0
That was completely unexpected and made the whole search useless.;synthetic;0;0;0;1;0;0;0;0;0
However, I was really surprised when it marked my correct Spanish translation as wrong and then showed the exact same answer as the 'correct' solution.;synthetic;0;0;0;1;0;0;0;0;0
One bizarre thing happened yesterday — I booked a ride for one destination but the app showed the driver a completely different drop-off location that I had used weeks ago.;synthetic;0;0;0;1;0;0;0;0;0
What I didn't expect at all was that when I shared a note with a colleague, the app also shared my entire folder structure including private notes titles.;synthetic;0;0;0;1;0;0;0;0;0
However, I was shocked to find that the app automatically uploaded my edited photos to a public gallery without ever asking for my permission.;synthetic;0;0;0;1;0;0;0;0;0
The weird thing is that it categorized my rent payment as 'Entertainment' and my Netflix subscription as 'Housing' which makes absolutely no sense.;synthetic;0;0;0;1;0;0;0;0;0
Who thought a wellness app bombarding users with notifications was a good idea?;synthetic;0;0;0;1;0;0;0;0;0
But I was stunned to see that the free version now requires watching a 30-second ad before you can view each step of a recipe, meaning a 10-step recipe forces you through 5 minutes of ads.;synthetic;0;0;0;1;0;0;0;0;0
Installed this fitness tracker two hours ago and it's already asking me to write a review, which is strange because I haven't even completed a single workout yet.;synthetic;0;0;0;1;0;0;0;0;0
Oddly enough, it routed me through a road that has been permanently closed for construction for over two years, even though I reported it months ago.;synthetic;0;0;0;1;0;0;0;0;0
Imagine my surprise when the app showed sunny skies and 75°F while I was standing outside in a thunderstorm with hail.;synthetic;0;0;0;1;0;0;0;0;0
What caught me completely off guard was that after reaching a 60-day streak, the app reset my progress to zero without any warning or explanation.;synthetic;0;0;0;1;0;0;0;0;0
Strangely, when I shared a note with a colleague, they received a version from three weeks ago instead of the current one, even though the note clearly showed today's date on my end.;synthetic;0;0;0;1;0;0;0;0;0
To my disbelief, the app only gave me 2GB and says I need to refer three friends to unlock the remaining 3GB, which was never mentioned anywhere on the signup page.;synthetic;0;0;0;1;0;0;0;0;0
That's an absurdly unexpected number that makes no sense at all.;synthetic;0;0;0;1;0;0;0;0;0
I didn't even know that was possible from a free app.;synthetic;0;0;0;1;0;0;0;0;0
I was shocked to find out that my notes from last month were rearranged in a completely random order after the latest update.;synthetic;0;0;0;1;0;0;0;0;0
But weirdly enough, it categorized my rent payment as 'Entertainment' and my Netflix subscription as 'Housing.';synthetic;0;0;0;1;0;0;0;0;0
Who asks for a paid commitment before the user even knows what the app does?;synthetic;0;0;0;1;0;0;0;0;0
However, I was caught off guard when the app sent me a push notification at 3 AM telling me it was time to meditate.;synthetic;0;0;0;1;0;0;0;0;0
Strangely, when I reopened the app five minutes later, it suddenly showed thunderstorms.;synthetic;0;0;0;1;0;0;0;0;0
But I was really surprised when it recommended a recipe with 47 ingredients for a 'quick weeknight dinner.';synthetic;0;0;0;1;0;0;0;0;0
I have no idea where the extra cost came from since there was no explanation in the receipt.;synthetic;0;0;0;1;0;0;0;0;0
What caught me completely off guard was that after completing level 5 in Spanish, the app randomly switched my progress to French without any prompt or confirmation.;synthetic;0;0;0;1;0;0;0;0;0
But I was shocked to find out that exporting my data requires a premium subscription when it was listed as a free feature on the app store page.;synthetic;0;0;0;1;0;0;0;0;0
Oddly enough, the app congratulated me for completing a 10k run when I had only walked to the kitchen and back.;synthetic;0;0;0;1;0;0;0;0;0
Who asks for $49.99 commitment before you've even seen what the app does?;synthetic;0;0;0;1;0;0;0;0;0
What surprised me was that the 'sleep sounds' section randomly played an upbeat jazz track in the middle of my wind-down routine.;synthetic;0;0;0;1;0;0;0;0;0
I set a reminder for my dentist appointment next Tuesday and the app sent me a notification saying 'Don't forget your romantic dinner tonight!' — I have no idea where it pulled that from since I never entered anything like that.;synthetic;0;0;0;1;0;0;0;0;0
However, I was stunned to discover that saving a photo at original resolution uses one of your limited 'tokens' even though the app never mentioned any token system during onboarding.;synthetic;0;0;0;1;0;0;0;0;0
The weird thing is it marked my pronunciation of 'hello' in Spanish as incorrect but then accepted my clearly wrong attempt at a complex subjunctive sentence as perfect.;synthetic;0;0;0;1;0;0;0;0;0
Turns out it poured for 6 hours straight — meanwhile the app still showed a bright sun icon even while it was raining outside my window.;synthetic;0;0;0;1;0;0;0;0;0
No idea how lentils ended up in my order since they weren't even in my browsing history.;synthetic;0;0;0;1;0;0;0;0;0
But I was completely caught off guard when it auto-shared one of my private journal entries to my linked contacts as a 'weekly highlights' digest that I never opted into.;synthetic;0;0;0;1;0;0;0;0;0
What caught me off guard was that the app automatically posted one of my edited photos to social media without asking for confirmation.;synthetic;0;0;0;1;0;0;0;0;0
However, I was shocked to find out that the free version only lets you track one workout per day when the app store listing says unlimited tracking.;synthetic;0;0;0;1;0;0;0;0;0
I haven't even had a chance to see if the basic forecasts are accurate and they want me to commit financially?;synthetic;0;0;0;1;0;0;0;0;0
The meditation app works fine but strangely enough it sent me a push notification at 2:37 AM telling me it's time to meditate.;synthetic;0;0;0;1;0;0;0;0;0
Today I opened it and found that my transaction history shows a purchase at a store in a city I've never visited, but it turned out to be a display glitch showing someone else's partial data.;synthetic;0;0;0;1;0;0;0;0;0
The weird thing is when I searched for vegetarian recipes, the first three results all contained chicken as a main ingredient.;synthetic;0;0;0;1;0;0;0;0;0
One thing that really surprised me was that after I deleted a notebook, the app created a new empty one with the same name automatically without telling me.;synthetic;0;0;0;1;0;0;0;0;0
When the ride ended, the charge was $34 with no explanation of surge pricing or route changes.;synthetic;0;0;0;1;0;0;0;0;0
Oddly enough, the app changed my appointment from Tuesday to Thursday on its own after syncing with my email, even though the confirmation email clearly says Tuesday.;synthetic;0;0;0;1;0;0;0;0;0
What I didn't expect was that after completing 30 lessons, the app reset my entire progress overnight and placed me back at lesson 1 as a beginner.;synthetic;0;0;0;1;0;0;0;0;0
That's clearly impossible and I have no idea where that number came from.;synthetic;0;0;0;1;0;0;0;0;0
But when I tried to save a photo, it saved it in a completely different resolution than what I was working with, which was really unexpected.;synthetic;0;0;0;1;0;0;0;0;0
I haven't even completed a single session yet, how would I know if it's any good?;synthetic;0;0;0;1;0;0;0;0;0
I was shocked to find that the app recommended me a recipe containing peanuts even though I clearly marked peanut allergy in my profile.;synthetic;0;0;0;1;0;0;0;0;0
The app sent me a notification saying 'Don't forget your party tonight!' which was bizarre since I never entered anything about a party.;synthetic;0;0;0;1;0;0;0;0;0
However, I checked the forecast for my city and it showed a high of 110°F when it was actually around 75°F outside, which made absolutely no sense.;synthetic;0;0;0;1;0;0;0;0;0
When I clicked download, it suddenly showed a $4.99 charge at checkout even though it was listed under free books.;synthetic;0;0;0;1;0;0;0;0;0
I literally just started learning Spanish today, there's no way that placement is right.;synthetic;0;0;0;1;0;0;0;0;0
To my surprise, the app automatically created spending categories and pre-filled them with amounts I never entered, as if it already knew my spending habits.;synthetic;0;0;0;1;0;0;0;0;0
That was really odd and not what I expected from such a popular platform.;synthetic;0;0;0;1;0;0;0;0;0
But I was shocked to find out that the app automatically posted my running route on social media without ever asking for my permission.;synthetic;0;0;0;1;0;0;0;0;0
Really strange that they won't let me experience the basic features before pushing paid plans on me.;synthetic;0;0;0;1;0;0;0;0;0
That was completely unexpected and frustrating for someone who cares about image quality.;synthetic;0;0;0;1;0;0;0;0;0
What surprised me was that after completing a 10-minute session, it played a loud congratulatory jingle that completely ruined the calm state I had just achieved.;synthetic;0;0;0;1;0;0;0;0;0
Weirdly enough, the app rearranged all my items alphabetically even though I had organized them by store aisle, so my carefully planned shopping route was completely messed up.;synthetic;0;0;0;1;0;0;0;0;0
I was genuinely stunned when I opened it this morning and all my saved recipes from the past two years were reorganized into categories I never created.;synthetic;0;0;0;1;0;0;0;0;0
After just 15 minutes of use it asked me to write a review and rate it 5 stars, which is bizarre because I haven't even completed a single lesson yet — how am I supposed to judge its effectiveness?;synthetic;0;0;0;1;0;0;0;0;0
I got a tornado warning notification for my area when there wasn't a single cloud in the sky and no official weather service had issued any alerts.;synthetic;0;0;0;1;0;0;0;0;0
I booked a ride for one person and the app charged me a group rate for four passengers even though I was traveling alone.;synthetic;0;0;0;1;0;0;0;0;0
I was completely taken aback when I opened a shared note and found that my colleague's edits had overwritten mine without any version history or conflict notification.;synthetic;0;0;0;1;0;0;0;0;0
I was completely shocked that a free app could do this better than the paid software I've been using for years.;synthetic;0;0;0;1;0;0;0;0;0
I was stunned when it asked me to subscribe to a $15/month premium plan just to change the font color.;synthetic;0;0;0;1;0;0;0;0;0
It predicted sunny skies all day but then oddly enough it sent me a severe thunderstorm alert for a city 200 miles away that I've never searched for or visited.;synthetic;0;0;0;1;0;0;0;0;0
I haven't even finished setting up my accounts yet and it's popping up review requests every time I open it.;synthetic;0;0;0;1;0;0;0;0;0
I was caught off guard when the 'sleep sounds' section started playing what sounded like heavy metal guitar riffs mixed with ocean waves.;synthetic;0;0;0;1;0;0;0;0;0
Woke up to 14 notifications about the same appointment which was bizarre since I only created one entry.;synthetic;0;0;0;1;0;0;0;0;0
But weirdly, after logging a 2-mile walk, the app congratulated me for completing a marathon and awarded me a marathon badge.;synthetic;0;0;0;1;0;0;0;0;0
I'm sitting in Ohio and it's recommending places across the Atlantic Ocean, which was completely unexpected.;synthetic;0;0;0;1;0;0;0;0;0
I couldn't believe it when the app marked my perfectly correct Spanish translation as wrong and then showed the exact same answer as the 'correct' solution.;synthetic;0;0;0;1;0;0;0;0;0
To our surprise the app somehow merged our list with what appears to be a complete stranger's shopping list.;synthetic;0;0;0;1;0;0;0;0;0
It randomly decided to reset all my progress overnight without any warning.;synthetic;0;0;0;1;0;0;0;0;0
What caught me off guard was that it asked me to subscribe to a premium plan before I even finished editing my first photo.;synthetic;0;0;0;1;0;0;0;0;0
Strangely enough, it showed me a severe thunderstorm warning for my area when the sky was completely clear and sunny all day.;synthetic;0;0;0;1;0;0;0;0;0
One morning I opened it and it displayed someone else's account summary for a split second before loading mine.;synthetic;0;0;0;1;0;0;0;0;0
But I was shocked to find that the free version only gives you 2 sessions and then locks everything behind a $14.99/month paywall when the store listing says 'hundreds of free meditations.';synthetic;0;0;0;1;0;0;0;0;0
I never even connected my social accounts so I have no idea how that happened.;synthetic;0;0;0;1;0;0;0;0;0
To my surprise, it sent me 11 push notifications in a single day, including one at 3 AM telling me I was 'falling behind.';synthetic;0;0;0;1;0;0;0;0;0
There was absolutely no indication of surge pricing on the booking screen which is bizarre.;synthetic;0;0;0;1;0;0;0;0;0
However, I was stunned to discover that notes I had marked as 'deleted' three months ago were still being synced to the cloud and taking up storage space.;synthetic;0;0;0;1;0;0;0;0;0
What was truly unexpected was when it recommended I reorder a meal I had rated 1 star and left a complaint about.;synthetic;0;0;0;1;0;0;0;0;0
But I was shocked to find that the app automatically posted one of my edited photos to social media without asking me first.;synthetic;0;0;0;1;0;0;0;0;0
Strangely enough, the app sent me a notification at 3 AM telling me it was time to meditate, even though I never set any reminders.;synthetic;0;0;0;1;0;0;0;0;0
Turns out it was pulling data from my email receipts without ever telling me it would do that.;synthetic;0;0;0;1;0;0;0;0;0
What caught me completely off guard was that after completing a 2-mile jog, the app congratulated me on finishing a marathon and awarded me a marathon badge.;synthetic;0;0;0;1;0;0;0;0;0
How am I supposed to evaluate an entire language course after one lesson on basic greetings?;synthetic;0;0;0;1;0;0;0;0;0
However, I was really surprised when it showed a severe thunderstorm warning for my area on a perfectly clear sunny day with zero clouds in sight.;synthetic;0;0;0;1;0;0;0;0;0
I ordered a pizza last night and the app showed my delivery driver taking a 45-minute detour through three different neighborhoods before arriving, which was bizarre since the restaurant is only 5 minutes away.;synthetic;0;0;0;1;0;0;0;0;0
I never expected my existing content to be held hostage behind a paywall.;synthetic;0;0;0;1;0;0;0;0;0
The weird thing is that it randomly added a dentist appointment for next Tuesday that I never created, and it even had a specific dentist's name and address that I've never visited.;synthetic;0;0;0;1;0;0;0;0;0
I was stunned to discover that my carefully curated playlists from the past two years were suddenly rearranged into alphabetical order overnight without any warning or option to undo it.;synthetic;0;0;0;1;0;0;0;0;0
Oddly enough, it counted me as having walked 15,000 steps while I was sitting on the couch watching TV all evening.;synthetic;0;0;0;1;0;0;0;0;0
I was shocked to find that the free version watermarks your photos with a giant logo right in the center, which they never mentioned anywhere before downloading.;synthetic;0;0;0;1;0;0;0;0;0
Really? You want $14.99/month commitment before I've heard a single guided meditation?;synthetic;0;0;0;1;0;0;0;0;0
I was surprised when it recommended a chicken tikka masala recipe under the 'Vegan Recipes' category.;synthetic;0;0;0;1;0;0;0;0;0
However, I got a notification at 2 AM saying 'Unusual activity detected on your account' which nearly gave me a heart attack, only to find out it was triggered by my own scheduled payment that I set up days ago.;synthetic;0;0;0;1;0;0;0;0;0
Strangely it showed me a severe thunderstorm warning for my location while I was literally standing outside in perfectly clear blue skies with not a cloud in sight.;synthetic;0;0;0;1;0;0;0;0;0
What caught me off guard was that after completing 30 days of lessons, the app reset my entire progress without any warning or explanation.;synthetic;0;0;0;1;0;0;0;0;0
Why on earth does a calendar app need my microphone and camera permissions?;synthetic;0;0;0;1;0;0;0;0;0
But I was completely taken aback when the app showed my driver arriving in a helicopter icon instead of a car, and the estimated fare jumped to $340 for a 5-mile trip.;synthetic;0;0;0;1;0;0;0;0;0
Weirdly, when I shared a note with my colleague, it also shared my entire folder of personal journal entries that had nothing to do with the document I selected.;synthetic;0;0;0;1;0;0;0;0;0
What caught me off guard was that it counted me climbing stairs while I was sitting on the couch watching TV.;synthetic;0;0;0;1;0;0;0;0;0
However, I was shocked to find that it asked me for access to my contacts just to show me the temperature.;synthetic;0;0;0;1;0;0;0;0;0
Strangely enough, the app sent me a motivational push notification at 3 AM telling me to wake up and seize the day, which is the exact opposite of what I need from a sleep app.;synthetic;0;0;0;1;0;0;0;0;0
This budget tracker seemed perfect until I noticed it categorized my rent payment as 'Entertainment.';synthetic;0;0;0;1;0;0;0;0;0
What I didn't expect was that the app recommended me a recipe requiring 47 ingredients for a 'simple weeknight dinner.';synthetic;0;0;0;1;0;0;0;0;0
It's bizarre that they won't even let me try the basic features first before pushing a subscription.;synthetic;0;0;0;1;0;0;0;0;0
I was completely taken aback when it marked my answer wrong for typing 'colour' instead of 'color' in a British English course.;synthetic;0;0;0;1;0;0;0;0;0
I couldn't believe the app was suggesting I park in a stranger's driveway.;synthetic;0;0;0;1;0;0;0;0;0
The weird thing is that when I set a task for 'Pick up kids from school at 3pm,' the app auto-tagged it under the category 'Hobbies' instead of 'Family.';synthetic;0;0;0;1;0;0;0;0;0
To my surprise, the app congratulated me on completing a marathon and shared an achievement badge to all my social media accounts without asking permission.;synthetic;0;0;0;1;0;0;0;0;0
But I was shocked to find out that the free version doesn't even let you track more than 3 exercises per day, which was nowhere mentioned on the app store listing.;synthetic;0;0;0;1;0;0;0;0;0
Strangely enough, the app categorized my rent payment as 'Entertainment' and I have no idea why it would do that.;synthetic;0;0;0;1;0;0;0;0;0
What caught me completely off guard was that it sent me a motivational push notification at 2 AM, which is the exact opposite of helping me sleep.;synthetic;0;0;0;1;0;0;0;0;0
Who asks someone to pay before they've even experienced the app?;synthetic;0;0;0;1;0;0;0;0;0
However, I was really surprised when I searched for vegan recipes and the first three results all contained chicken.;synthetic;0;0;0;1;0;0;0;0;0
I never expected a photo editor to silently downgrade my image quality like that.;synthetic;0;0;0;1;0;0;0;0;0
The weird thing is it showed my package as delivered to a city I've never even heard of, then two hours later corrected itself and showed the actual location.;synthetic;0;0;0;1;0;0;0;0;0
But today I opened it and all my events from last month had completely different colors than what I assigned them, which was totally unexpected.;synthetic;0;0;0;1;0;0;0;0;0
That was a bizarre jump in difficulty that made no sense for a beginner course.;synthetic;0;0;0;1;0;0;0;0;0
What surprised me was that I requested a ride at 8 PM on a Tuesday in a suburban area and the surge pricing was 3.5x with no apparent reason — no events, no holidays, no bad weather.;synthetic;0;0;0;1;0;0;0;0;0
It randomly decided to reset all my progress overnight without any warning or update.;synthetic;0;0;0;1;0;0;0;0;0
What caught me off guard was that the app asked me to subscribe to a premium plan right in the middle of editing a photo, blocking everything until I responded.;synthetic;0;0;0;1;0;0;0;0;0
Strangely enough, the app sent me a motivational push notification at 2 AM telling me to wake up and seize the day.;synthetic;0;0;0;1;0;0;0;0;0
I was shocked to see that my usual order from the same restaurant was priced 40% higher than last week with no explanation or promotion ending notice.;synthetic;0;0;0;1;0;0;0;0;0
I never connected my bank account yet somehow it displayed my recent Amazon purchases accurately which is honestly unsettling.;synthetic;0;0;0;1;0;0;0;0;0
The weird thing is when I set a recurring meeting for every Monday, it also created duplicate entries on Wednesdays for no apparent reason.;synthetic;0;0;0;1;0;0;0;0;0
However I was completely taken aback when it gave me a proficiency test after just two lessons and then placed me at an advanced level even though I'm a total beginner in Korean.;synthetic;0;0;0;1;0;0;0;0;0
It's such a shame because everything else about this app was perfect.;synthetic;0;0;0;0;1;0;0;0;0
I've lost months of curated music and I'm really heartbroken about it.;synthetic;0;0;0;0;1;0;0;0;0
Sadly the offline mode no longer works after the latest patch.;synthetic;0;0;0;0;1;0;0;0;0
I was so excited to try this app after all the great reviews, but I'm deeply disappointed.;synthetic;0;0;0;0;1;0;0;0;0
It makes my workflow almost unusable and I dread opening it now.;synthetic;0;0;0;0;1;0;0;0;0
It's disheartening to see a great app go downhill.;synthetic;0;0;0;0;1;0;0;0;0
Notifications keep failing to arrive on time.;synthetic;0;0;0;0;1;0;0;0;0
I was let down pretty quickly.;synthetic;0;0;0;0;1;0;0;0;0
I'm not satisfied with this change at all.;synthetic;0;0;0;0;1;0;0;0;0
Sadly you can't back up your data locally without a premium subscription.;synthetic;0;0;0;0;1;0;0;0;0
It's really disappointing because I depended on this app every single day.;synthetic;0;0;0;0;1;0;0;0;0
I am deeply let down given how much I paid.;synthetic;0;0;0;0;1;0;0;0;0
Stories are replaying and starting over again and again without any reason.;synthetic;0;0;0;0;1;0;0;0;0
It just doesn't give me the satisfaction of a complete fitness tracker anymore.;synthetic;0;0;0;0;1;0;0;0;0
I've been a free user for years and this sudden paywall is a real blow.;synthetic;0;0;0;0;1;0;0;0;0
The customer support chat feature has regular failures, unfortunately.;synthetic;0;0;0;0;1;0;0;0;0
I'm still stuck. Very dissatisfied with the experience.;synthetic;0;0;0;0;1;0;0;0;0
I feel let down by the developers.;synthetic;0;0;0;0;1;0;0;0;0
It sadly ruins what is otherwise a solid experience.;synthetic;0;0;0;0;1;0;0;0;0
It was the one thing that made this app special and its absence is deeply felt.;synthetic;0;0;0;0;1;0;0;0;0
Unfortunately, after the latest update, all my saved templates were deleted and I can't recover them.;synthetic;0;0;0;0;1;0;0;0;0
Sadly, the sync feature between devices just doesn't work anymore, so I lose all my progress every time I switch phones.;synthetic;0;0;0;0;1;0;0;0;0
The new version removed the dark mode option that I relied on every night, and now staring at the bright white screen gives me headaches :(;synthetic;0;0;0;0;1;0;0;0;0
The guided sessions keep freezing halfway through and restarting from the beginning, completely ruining the experience.;synthetic;0;0;0;0;1;0;0;0;0
The latest update moved all the best filters behind a paywall, and now the free version feels empty and disappointing 😞;synthetic;0;0;0;0;1;0;0;0;0
Unfortunately, notifications arrive hours late or sometimes not at all, which has caused me to miss important reminders.;synthetic;0;0;0;0;1;0;0;0;0
It breaks my heart that the grocery list feature keeps losing items I've added, making my shopping trips frustrating and incomplete.;synthetic;0;0;0;0;1;0;0;0;0
After the recent update, it no longer supports importing bank statements from my credit union, which makes the whole app almost useless for me now :(;synthetic;0;0;0;0;1;0;0;0;0
Great workout tracking app but sadly there's no way to export your data or connect it with Apple Health.;synthetic;0;0;0;0;1;0;0;0;0
It's really disheartening to see such a promising app fall apart like this.;synthetic;0;0;0;0;1;0;0;0;0
Unfortunately, after the latest update, all my saved templates were wiped out and I lost months of carefully organized data.;synthetic;0;0;0;0;1;0;0;0;0
Sadly, the sync feature between devices has been completely broken for weeks now, making it pointless to use across my phone and tablet :(;synthetic;0;0;0;0;1;0;0;0;0
I feel like I've lost a tool I genuinely relied on.;synthetic;0;0;0;0;1;0;0;0;0
It keeps restarting the same track over and over instead of moving to the next one.;synthetic;0;0;0;0;1;0;0;0;0
The recent update removed the ability to export reports as PDF without subscribing to premium, which completely disrupts my monthly workflow 😞;synthetic;0;0;0;0;1;0;0;0;0
It makes tracking my finances almost impossible :(;synthetic;0;0;0;0;1;0;0;0;0
The speech recognition crashes every single time I try to do a pronunciation exercise, which is heartbreaking because the rest of the app is so well designed.;synthetic;0;0;0;0;1;0;0;0;0
This was the one feature that set it apart from competitors and now it's just gone.;synthetic;0;0;0;0;1;0;0;0;0
I missed three important reminders this week because the app simply failed to alert me.;synthetic;0;0;0;0;1;0;0;0;0
It's so sad to see an app I loved deteriorate like this.;synthetic;0;0;0;0;1;0;0;0;0
Unfortunately, the latest update completely broke the sync feature and now I lose all my data every time I restart.;synthetic;0;0;0;0;1;0;0;0;0
It's heartbreaking to see such a useful feature just disappear without any explanation.;synthetic;0;0;0;0;1;0;0;0;0
Sadly, the app now crashes every time I try to open my saved projects, making all my previous work inaccessible :(;synthetic;0;0;0;0;1;0;0;0;0
The recent update moved all the free guided sessions behind a paywall and it makes me so disappointed because I can't afford the subscription right now.;synthetic;0;0;0;0;1;0;0;0;0
I've lost records of my last five workouts and it feels like all that effort was for nothing 😢;synthetic;0;0;0;0;1;0;0;0;0
I lost an entire batch of edited wedding photos and I'm devastated.;synthetic;0;0;0;0;1;0;0;0;0
The notifications keep repeating and displaying the same alerts over and over again, which makes the whole experience frustrating and almost unusable for me :(;synthetic;0;0;0;0;1;0;0;0;0
The latest release sadly removed the ability to export data to CSV, which was the core reason I used this app in the first place 😩;synthetic;0;0;0;0;1;0;0;0;0
However, the calendar sync feature has regular failures and keeps losing my scheduled appointments, which has caused me to miss important meetings unfortunately.;synthetic;0;0;0;0;1;0;0;0;0
It breaks my heart that the new update forces social media integration and there's no way to use it offline anymore, completely ruining my workflow.;synthetic;0;0;0;0;1;0;0;0;0
Unfortunately, since the last update, all my saved templates have been wiped out and I can't recover them.;synthetic;0;0;0;0;1;0;0;0;0
The sync feature between devices has completely stopped working :( I relied on that for everything and now my notes are scattered across different phones.;synthetic;0;0;0;0;1;0;0;0;0
Sadly, they moved the batch editing feature behind a paywall in version 5.0, which was the main reason I used the app in the first place 😞;synthetic;0;0;0;0;1;0;0;0;0
It's heartbreaking when you're finally in a calm state and the app just dies.;synthetic;0;0;0;0;1;0;0;0;0
The voice messages I send keep getting corrupted and recipients hear nothing but static, making communication almost impossible :(;synthetic;0;0;0;0;1;0;0;0;0
The new update removed the ability to export data to CSV format, which I desperately need for my work reports.;synthetic;0;0;0;0;1;0;0;0;0
It makes my training log completely unreliable and I feel like all my recorded progress is meaningless now.;synthetic;0;0;0;0;1;0;0;0;0
Great app but unfortunately there's no way to integrate with Google Calendar, and the reminder notifications fail to trigger about half the time 😩;synthetic;0;0;0;0;1;0;0;0;0
After the latest release, the night mode keeps reverting to bright white mid-chapter, and my carefully organized library collections have all been merged into one giant mess :(;synthetic;0;0;0;0;1;0;0;0;0
The recurring transaction feature keeps duplicating entries and the bank connection drops every few days, making it impossible to trust my financial overview.;synthetic;0;0;0;0;1;0;0;0;0
It crashes every time I try to open my saved projects, which is heartbreaking after years of loyalty.;synthetic;0;0;0;0;1;0;0;0;0
Unfortunately, the sync feature between devices has completely stopped working since last month.;synthetic;0;0;0;0;1;0;0;0;0
The latest version removed the batch editing feature and moved it behind a paywall, which really ruins the experience for long-time users like me :(;synthetic;0;0;0;0;1;0;0;0;0
Sadly, the guided sessions keep freezing halfway through and it completely destroys the calming experience.;synthetic;0;0;0;0;1;0;0;0;0
However, my saved playlists disappeared after the last update and I lost over 200 carefully curated songs 😢;synthetic;0;0;0;0;1;0;0;0;0
It makes managing my finances feel more stressful than it should be.;synthetic;0;0;0;0;1;0;0;0;0
The new update sadly requires constant internet connection, making it completely useless on remote trails where I need it most.;synthetic;0;0;0;0;1;0;0;0;0
It has made my podcast workflow almost impossible to maintain :(;synthetic;0;0;0;0;1;0;0;0;0
Unfortunately, the speech recognition module fails to detect my pronunciation correctly about 80% of the time, which is discouraging when you're trying to learn a new language.;synthetic;0;0;0;0;1;0;0;0;0
The calendar sharing feature keeps sending duplicate events and sometimes events just vanish without warning 😩;synthetic;0;0;0;0;1;0;0;0;0
It makes my entire planning process feel pointless now.;synthetic;0;0;0;0;1;0;0;0;0
Unfortunately, all my saved playlists were wiped after the latest update and I lost years of curated music :(;synthetic;0;0;0;0;1;0;0;0;0
Sadly, this was the only reason I used the app in the first place, so now it's useless to me.;synthetic;0;0;0;0;1;0;0;0;0
It's really let me down when I needed it most.;synthetic;0;0;0;0;1;0;0;0;0
It ruins the entire experience unfortunately.;synthetic;0;0;0;0;1;0;0;0;0
I feel like I've lost an essential tool and I'm heartbroken about it 😢;synthetic;0;0;0;0;1;0;0;0;0
I depended on this data for my health and now it's unreliable :(;synthetic;0;0;0;0;1;0;0;0;0
It's so disheartening to see an app I once loved become so broken.;synthetic;0;0;0;0;1;0;0;0;0
They removed this in version 4.0 and it was the feature that set this app apart from competitors 😩;synthetic;0;0;0;0;1;0;0;0;0
I've lost dozens of family recipes that I painstakingly entered.;synthetic;0;0;0;0;1;0;0;0;0
It crashes every time I try to open my saved lists, which is heartbreaking since I relied on it so much.;synthetic;0;0;0;0;1;0;0;0;0
Unfortunately, the sync feature between my phone and tablet has completely stopped working.;synthetic;0;0;0;0;1;0;0;0;0
I used to download podcasts for my commute every morning, and now that's gone unless I pay $9.99 a month.;synthetic;0;0;0;0;1;0;0;0;0
Sadly, the app keeps freezing mid-session and I lose all my meditation progress.;synthetic;0;0;0;0;1;0;0;0;0
The recent update removed the batch editing feature that made my workflow seamless, and now editing feels painfully slow and tedious :(;synthetic;0;0;0;0;1;0;0;0;0
I missed two important reminders for medication this week because the alerts simply never came through.;synthetic;0;0;0;0;1;0;0;0;0
All my years of running history are trapped in this one app with no way out 😩 I feel stuck.;synthetic;0;0;0;0;1;0;0;0;0
It's so disheartening because this was the only app my elderly parents knew how to use to reach me.;synthetic;0;0;0;0;1;0;0;0;0
I have completely uninstalled it and will never look back.;synthetic;0;0;0;0;0;1;0;0;0
Until they revert these shady changes, I refuse to have this on any of my devices.;synthetic;0;0;0;0;0;1;0;0;0
Might as well call it a crash simulator because that is all it does.;synthetic;0;0;0;0;0;1;0;0;0
I am done with this app and I am actively warning everyone in my running group to delete it immediately.;synthetic;0;0;0;0;0;1;0;0;0
The only thing you get from this platform is spam and phishing attempts disguised as friendly messages.;synthetic;0;0;0;0;0;1;0;0;0
It is nothing more than a glorified demo with a paywall slapped on everything useful.;synthetic;0;0;0;0;0;1;0;0;0
This is irresponsible and predatory.;synthetic;0;0;0;0;0;1;0;0;0
That is a blatant betrayal of user trust.;synthetic;0;0;0;0;0;1;0;0;0
Use to be great, now it is just a mess of ads and sponsored junk.;synthetic;0;0;0;0;0;1;0;0;0
It is unnecessary for a mindfulness app to bombard users with non-stop marketing alerts.;synthetic;0;0;0;0;0;1;0;0;0
I have removed it and filed a complaint with my country's data protection authority.;synthetic;0;0;0;0;0;1;0;0;0
I have disputed the charges with my bank and will never trust this service again.;synthetic;0;0;0;0;0;1;0;0;0
You might as well throw a paper map out the window and follow it, because that would be more accurate.;synthetic;0;0;0;0;0;1;0;0;0
I refuse to spend another minute troubleshooting an app that its own creators have abandoned.;synthetic;0;0;0;0;0;1;0;0;0
That level of personal data collection for a task manager is outrageous and completely unjustified.;synthetic;0;0;0;0;0;1;0;0;0
I have already left a warning review on every platform I can find.;synthetic;0;0;0;0;0;1;0;0;0
The community is rotten to the core and makes the whole experience unusable.;synthetic;0;0;0;0;0;1;0;0;0
It is entirely inappropriate for a language app to wade into political debate.;synthetic;0;0;0;0;0;1;0;0;0
I will be telling every colleague and friend to stay far away from this reckless and untrustworthy platform.;synthetic;0;0;0;0;0;1;0;0;0
I am switching to a competitor today and I strongly advise anyone reading this to do the same — this app does not deserve your loyalty or your money.;synthetic;0;0;0;0;0;1;0;0;0
The only thing you'll find here are bots and phishing links disguised as real users.;synthetic;0;0;0;0;0;1;0;0;0
Until they stop harvesting my personal data for no legitimate reason, I refuse to open this app again.;synthetic;0;0;0;0;0;1;0;0;0
Might as well rename it 'Ad Tracker Pro' because tracking fitness is clearly not its purpose.;synthetic;0;0;0;0;0;1;0;0;0
This app is a privacy nightmare and I wouldn't trust it with a single cent of my information.;synthetic;0;0;0;0;0;1;0;0;0
I'm uninstalling and switching to something that doesn't feel like spyware on my phone.;synthetic;0;0;0;0;0;1;0;0;0
It's basically a bait-and-switch scheme pretending to be a cooking companion.;synthetic;0;0;0;0;0;1;0;0;0
It is completely inappropriate for a wellness app to force ideological content on users who just want to relax.;synthetic;0;0;0;0;0;1;0;0;0
The whole thing is a scam designed to trick people into overpaying.;synthetic;0;0;0;0;0;1;0;0;0
An app that markets itself as a security tool while betraying your privacy is beyond unacceptable.;synthetic;0;0;0;0;0;1;0;0;0
No responsible parent should allow this app anywhere near their children's devices.;synthetic;0;0;0;0;0;1;0;0;0
I refuse to keep using something that feels like malware disguised as a productivity tool.;synthetic;0;0;0;0;0;1;0;0;0
The only real feature of this app is scamming its users out of money.;synthetic;0;0;0;0;0;1;0;0;0
Until they stop collecting data that has nothing to do with editing photos, I'm done with this app.;synthetic;0;0;0;0;0;1;0;0;0
Might as well rename it 'Demo Mode' because that's all you're getting without paying.;synthetic;0;0;0;0;0;1;0;0;0
It's not a social app, it's a spam distribution platform.;synthetic;0;0;0;0;0;1;0;0;0
I don't trust this company with my information anymore and I'm switching to a competitor that respects its users.;synthetic;0;0;0;0;0;1;0;0;0
There's no way I'm handing over my financial credentials to developers who can't even secure their own servers.;synthetic;0;0;0;0;0;1;0;0;0
It is completely inappropriate for a cooking app to push political agendas on its users.;synthetic;0;0;0;0;0;1;0;0;0
It's worse than having no VPN at all because it gives you a false sense of security while betraying your trust.;synthetic;0;0;0;0;0;1;0;0;0
An app marketed for children has no business tracking and profiling minors for advertising purposes.;synthetic;0;0;0;0;0;1;0;0;0
I refuse to keep this installed on my phone when it clearly doesn't care about user safety.;synthetic;0;0;0;0;0;1;0;0;0
Might as well rename it 'Subscription Trap' because that's all it really is.;synthetic;0;0;0;0;0;1;0;0;0
Until they stop selling our data, I will never trust this app again.;synthetic;0;0;0;0;0;1;0;0;0
There is absolutely no reason a news reader needs all these permissions, and I won't be using something this invasive.;synthetic;0;0;0;0;0;1;0;0;0
The entire platform is nothing but a scam designed to waste your time.;synthetic;0;0;0;0;0;1;0;0;0
I'm done with this greedy cash grab of an application and switching to a competitor that respects its users.;synthetic;0;0;0;0;0;1;0;0;0
No legitimate financial app would handle sensitive data this recklessly, and I wouldn't trust it with a single penny of my information.;synthetic;0;0;0;0;0;1;0;0;0
A wellness app has no business pushing political agendas on its users.;synthetic;0;0;0;0;0;1;0;0;0
That's completely unacceptable and I'm deleting it right now before they steal any more of my work.;synthetic;0;0;0;0;0;1;0;0;0
They're essentially running a fraud operation disguised as a premium service, and I won't be fooled into ordering again.;synthetic;0;0;0;0;0;1;0;0;0
The only thing you encounter are scam accounts trying to steal your personal information.;synthetic;0;0;0;0;0;1;0;0;0
I refuse to keep something this shady on my phone.;synthetic;0;0;0;0;0;1;0;0;0
I'm done with this app until they stop this invasive behavior.;synthetic;0;0;0;0;0;1;0;0;0
Might as well call it 'Ad Viewer' instead of a meal planner because that's all it does.;synthetic;0;0;0;0;0;1;0;0;0
This is basically a scam disguised as a health app and I won't be using it again.;synthetic;0;0;0;0;0;1;0;0;0
Until the developers address these sketchy data practices, I will not be reinstalling this on any of my devices.;synthetic;0;0;0;0;0;1;0;0;0
It is completely inappropriate for a wellness app to push political agendas on its users.;synthetic;0;0;0;0;0;1;0;0;0
The entire app is nothing but a front for phishing schemes and I'm warning everyone to stay away.;synthetic;0;0;0;0;0;1;0;0;0
I'm removing all my content and uninstalling — no photo editor is worth giving up your rights.;synthetic;0;0;0;0;0;1;0;0;0
This app has lost all credibility and I will be switching to a competitor that actually respects its users.;synthetic;0;0;0;0;0;1;0;0;0
The only thing you encounter are scam accounts trying to steal your personal information.;synthetic;0;0;0;0;0;1;0;0;0
I refuse to use any app that treats my sensitive data so carelessly.;synthetic;0;0;0;0;0;1;0;0;0
There is absolutely no reason a notepad app needs all these permissions, and I won't be using it until they fix this invasive overreach.;synthetic;0;0;0;0;0;1;0;0;0
Might as well rename this to 'Ad Viewer Pro' because that's all it does.;synthetic;0;0;0;0;0;1;0;0;0
It is completely inappropriate for a wellness app to force ideological content on users seeking peace of mind.;synthetic;0;0;0;0;0;1;0;0;0
This whole thing is nothing but a scam designed to trick lonely people into buying premium subscriptions for nothing in return.;synthetic;0;0;0;0;0;1;0;0;0
Until they revert these shady privacy practices, I am done with this app and I encourage everyone else to leave too.;synthetic;0;0;0;0;0;1;0;0;0
No responsible parent should let their child anywhere near this predatory garbage.;synthetic;0;0;0;0;0;1;0;0;0
You can't trust a single metric this app produces, making it completely worthless for anyone serious about their health goals.;synthetic;0;0;0;0;0;1;0;0;0
I will not hand over access to my entire digital life for a recipe app, so I'm walking away for good.;synthetic;0;0;0;0;0;1;0;0;0
I refuse to use an app that prioritizes shoving advertisements in my face over providing a decent user experience.;synthetic;0;0;0;0;0;1;0;0;0
Don't waste your time, it's nothing more than spyware disguised as a planner.;synthetic;0;0;0;0;0;1;0;0;0
Until they remove these invasive permissions, I'm done with this app and switching to something that respects my privacy.;synthetic;0;0;0;0;0;1;0;0;0
The only thing this dating app connects you with is scammers and bots looking to steal your information.;synthetic;0;0;0;0;0;1;0;0;0
They might as well rename this from 'Budget Tracker' to 'Subscription Trap' because the free version is completely useless and every single feature is locked behind a paywall.;synthetic;0;0;0;0;0;1;0;0;0
This is a dangerous and irresponsible design choice, and I will never trust this company with my data again.;synthetic;0;0;0;0;0;1;0;0;0
It is fundamentally unsafe and no one should trust their private conversations to this app.;synthetic;0;0;0;0;0;1;0;0;0
There is no reason a cooking app should be lecturing me on social issues, and I'm uninstalling it today.;synthetic;0;0;0;0;0;1;0;0;0
An app handling financial information that hides security breaches from its customers is unforgivable and I will be closing my account.;synthetic;0;0;0;0;0;1;0;0;0
This is a textbook bait-and-switch scam, and I'm reporting them to the app store and disputing the charge with my bank.;synthetic;0;0;0;0;0;1;0;0;0
I'm uninstalling immediately and never looking back.;synthetic;0;0;0;0;0;1;0;0;0
I refuse to give this app another second of my time.;synthetic;0;0;0;0;0;1;0;0;0
Might as well rename it 'Scam Pro' because that's all it delivers.;synthetic;0;0;0;0;0;1;0;0;0
Until the developers address this shady practice, I won't be opening this app again.;synthetic;0;0;0;0;0;1;0;0;0
This app is nothing more than a bait-and-switch scheme to extract money from users.;synthetic;0;0;0;0;0;1;0;0;0
The only thing this app connects you to is spam and potential malware.;synthetic;0;0;0;0;0;1;0;0;0
No financial app should be monetizing my spending habits behind my back.;synthetic;0;0;0;0;0;1;0;0;0
I'd rather stare at a wall than use this manipulative garbage.;synthetic;0;0;0;0;0;1;0;0;0
This recipe app has no business pushing political content and social commentary into my cooking feed.;synthetic;0;0;0;0;0;1;0;0;0
I don't trust this company with my credit card information anymore and have reported them to the app store.;synthetic;0;0;0;0;0;1;0;0;0
I'm uninstalling this garbage and never looking back.;synthetic;0;0;0;0;0;1;0;0;0
I refuse to grant those permissions and will be finding a safer alternative.;synthetic;0;0;0;0;0;1;0;0;0
The only thing this dating app delivers is bots trying to lure you into paying for another scam service.;synthetic;0;0;0;0;0;1;0;0;0
Until the developers fix their shady privacy practices, I'm done with this app entirely.;synthetic;0;0;0;0;0;1;0;0;0
A meditation app has no business pushing political agendas on its users.;synthetic;0;0;0;0;0;1;0;0;0
They might as well rename this to 'Ad Viewer Pro' because that's all you'll be doing.;synthetic;0;0;0;0;0;1;0;0;0
I don't trust any app that demands access to my Facebook profile just to view a pancake recipe.;synthetic;0;0;0;0;0;1;0;0;0
This is a complete betrayal of user trust and I will never use anything from this developer again.;synthetic;0;0;0;0;0;1;0;0;0
This app is nothing more than a bait-and-switch scheme designed to trick users into subscriptions.;synthetic;0;0;0;0;0;1;0;0;0
It's absolutely unacceptable for an app marketed to kids to expose them to this kind of material.;synthetic;0;0;0;0;0;1;0;0;0
I refuse to keep this installed on my phone when it clearly doesn't care about user safety.;synthetic;0;0;0;0;0;1;0;0;0
This so-called productivity app is nothing more than a data harvesting tool disguised as a to-do list.;synthetic;0;0;0;0;0;1;0;0;0
The only thing you'll find here are bots and scams, not real people.;synthetic;0;0;0;0;0;1;0;0;0
Until these absurd permissions are removed, I will not be opening this app again.;synthetic;0;0;0;0;0;1;0;0;0
They might as well rename this app 'Ad Viewer' because that's all it does now.;synthetic;0;0;0;0;0;1;0;0;0
This app has no business being in the health category whatsoever.;synthetic;0;0;0;0;0;1;0;0;0
I won't support a company that deceives its users like this.;synthetic;0;0;0;0;0;1;0;0;0
I'm switching to literally any other app because this one is a complete scam.;synthetic;0;0;0;0;0;1;0;0;0
It is absolutely unacceptable and dangerous for a children's app to expose minors to this kind of material.;synthetic;0;0;0;0;0;1;0;0;0
I cannot trust an app that spies on its users behind their backs, so I'm uninstalling for good.;synthetic;0;0;0;0;0;1;0;0;0
The only thing you encounter are scam accounts trying to steal your personal information.;synthetic;0;0;0;0;0;1;0;0;0
Until they stop harvesting user data with these invasive permissions, I refuse to use this app.;synthetic;0;0;0;0;0;1;0;0;0
Might as well rename it 'Debt Trap' because it certainly isn't helping anyone manage their money.;synthetic;0;0;0;0;0;1;0;0;0
Every single feature is locked behind a paywall, making the free version completely worthless.;synthetic;0;0;0;0;0;1;0;0;0
I don't trust this company with my data and neither should anyone else.;synthetic;0;0;0;0;0;1;0;0;0
It is completely unacceptable for a health app to force political agendas on its users.;synthetic;0;0;0;0;0;1;0;0;0
You can't trust a single listing on here because the platform does absolutely nothing to verify sellers.;synthetic;0;0;0;0;0;1;0;0;0
This app is nothing but a scam designed to exploit lonely people.;synthetic;0;0;0;0;0;1;0;0;0
I will not allow my children to use an app that deliberately manipulates minors for advertising revenue.;synthetic;0;0;0;0;0;1;0;0;0
I won't be using any app that sneaks in shady data-sharing practices behind vague legal language.;synthetic;0;0;0;0;0;1;0;0;0
I refuse to pay for something that was free for years and will be uninstalling immediately.;synthetic;0;0;0;0;0;1;0;0;0
Might as well use a coin flip to estimate my workout stats because this app is equally unreliable.;synthetic;0;0;0;0;0;1;0;0;0
There's no way I'm keeping this spyware on my phone.;synthetic;0;0;0;0;0;1;0;0;0
Until they fix this predatory ad experience, I'm done with it and moving to a competitor.;synthetic;0;0;0;0;0;1;0;0;0
I don't trust this app with a single cent of my money and neither should anyone else.;synthetic;0;0;0;0;0;1;0;0;0
It's manipulative and exploitative, and I want nothing to do with it anymore.;synthetic;0;0;0;0;0;1;0;0;0
The entire user base is fake and this app is essentially a scam.;synthetic;0;0;0;0;0;1;0;0;0
A cooking app has no business forcing me to watch car insurance ads while my food is burning on the stove.;synthetic;0;0;0;0;0;1;0;0;0
This is the exact opposite of what a VPN should do, and I wouldn't recommend this app to my worst enemy.;synthetic;0;0;0;0;0;1;0;0;0
I will not use an app that forces unwanted social networking down my throat when all I need is to jot down grocery lists.;synthetic;0;0;0;0;0;1;0;0;0
There's no way I'm keeping an app that asks for access to my contacts and microphone for a simple calculator.;synthetic;0;0;0;0;0;1;0;0;0
Don't waste your storage space on this scam.;synthetic;0;0;0;0;0;1;0;0;0
I refuse to support developers who exploit people's mental health for profit.;synthetic;0;0;0;0;0;1;0;0;0
Until the developers address these predatory privacy practices, I'm done with this app for good.;synthetic;0;0;0;0;0;1;0;0;0
This app is a privacy nightmare and nobody should trust it with their personal messages.;synthetic;0;0;0;0;0;1;0;0;0
The only real connections you'll make here are with automated spam accounts.;synthetic;0;0;0;0;0;1;0;0;0
They might as well rename this 'Ad Viewer Pro' because that's all you'll be doing.;synthetic;0;0;0;0;0;1;0;0;0
This company clearly doesn't care about its users and I will never order through them again.;synthetic;0;0;0;0;0;1;0;0;0
It is completely unacceptable for a children's learning platform to push ideological content on minors.;synthetic;0;0;0;0;0;1;0;0;0
This app is fraudulent and should be removed from the app store entirely.;synthetic;0;0;0;0;0;1;0;0;0
There's no way I'm keeping an app on my phone that asks for access to my contacts and microphone for no good reason.;synthetic;0;0;0;0;0;1;0;0;0
Might as well rename it 'Subscription Trap' because that's all it really is.;synthetic;0;0;0;0;0;1;0;0;0
Until they stop selling my personal information to the highest bidder, I refuse to open this app again.;synthetic;0;0;0;0;0;1;0;0;0
The only real interactions you'll get are from bots trying to lure you to external websites.;synthetic;0;0;0;0;0;1;0;0;0
I don't trust any financial app that insists on knowing where I am 24/7, so I'm switching to a competitor immediately.;synthetic;0;0;0;0;0;1;0;0;0
It's absolutely unacceptable and irresponsible for a children's app to expose kids to this kind of content.;synthetic;0;0;0;0;0;1;0;0;0
This app has completely lost its purpose and I'm done with it.;synthetic;0;0;0;0;0;1;0;0;0
A VPN that violates your privacy is worse than having no VPN at all.;synthetic;0;0;0;0;0;1;0;0;0
A weather app has absolutely no business pushing political agendas on its users, and I won't tolerate it.;synthetic;0;0;0;0;0;1;0;0;0
I will never use an app that forces me to upload my private thoughts and sensitive notes to their servers without my consent.;synthetic;0;0;0;0;0;1;0;0;0
I refuse to use an app that prioritizes shoving advertisements down my throat over actually providing a useful service.;synthetic;0;0;0;0;0;1;0;0;0
Until the developers can prove they actually respect user privacy, I'm done with this app for good.;synthetic;0;0;0;0;0;1;0;0;0
The only thing this app does is push premium subscriptions and guilt-trip you into paying — it's nothing more than a glorified cash grab disguised as a health tool.;synthetic;0;0;0;0;0;1;0;0;0
Might as well rename it 'ScamConnect' because you won't find a real person here.;synthetic;0;0;0;0;0;1;0;0;0
There's no way I'm granting a calculator app that level of access to my phone.;synthetic;0;0;0;0;0;1;0;0;0
This is a bait-and-switch tactic and I will never trust these developers again with my financial data.;synthetic;0;0;0;0;0;1;0;0;0
It's completely irresponsible and unsafe for children — no parent should let their kid anywhere near this app.;synthetic;0;0;0;0;0;1;0;0;0
It's basically spyware with a sun icon.;synthetic;0;0;0;0;0;1;0;0;0
It is completely unacceptable for a productivity tool to push political agendas on its users.;synthetic;0;0;0;0;0;1;0;0;0
I wouldn't trust this app with a grocery list, let alone sensitive communications.;synthetic;0;0;0;0;0;1;0;0;0
A simple flashlight app does not need access to my contacts, microphone, and location.;synthetic;0;0;0;0;0;1;0;0;0
This app is nothing more than a vehicle for shady advertising disguised as a finance tool.;synthetic;0;0;0;0;0;1;0;0;0
I will never trust this company with my data again.;synthetic;0;0;0;0;0;1;0;0;0
Might as well call it a shopping catalog instead of a cooking app.;synthetic;0;0;0;0;0;1;0;0;0
I refuse to pay $15 a month for something that deliberately gives you an incomplete experience to pressure you into subscribing.;synthetic;0;0;0;0;0;1;0;0;0
Until they completely overhaul their privacy policy, I'm done with this app and I urge others to delete it too.;synthetic;0;0;0;0;0;1;0;0;0
The only thing you get out of this app now is constant notifications begging you to connect with strangers and share your notes publicly.;synthetic;0;0;0;0;0;1;0;0;0
It's essentially a scam preying on lonely people and it should be removed from the store.;synthetic;0;0;0;0;0;1;0;0;0
No responsible parent should let their child anywhere near this app.;synthetic;0;0;0;0;0;1;0;0;0
There is absolutely no reason a budgeting tool needs write access to my bank account.;synthetic;0;0;0;0;0;1;0;0;0
I refuse to use an app that prioritizes ad revenue over basic usability.;synthetic;0;0;0;0;0;1;0;0;0
I won't be trusting this app with my personal information ever again.;synthetic;0;0;0;0;0;1;0;0;0
Might as well rename it 'Pay Us Monthly' because planning has nothing to do with it.;synthetic;0;0;0;0;0;1;0;0;0
Until these shady permissions are removed, I'm done with this app.;synthetic;0;0;0;0;0;1;0;0;0
The only thing you'll find here are bots and scam links disguised as wellness coaches.;synthetic;0;0;0;0;0;1;0;0;0
I wouldn't trust this app to send a grocery list, let alone anything private.;synthetic;0;0;0;0;0;1;0;0;0
It is completely unacceptable for a cooking app to push political agendas on its users.;synthetic;0;0;0;0;0;1;0;0;0
This app is designed purely to trick people into subscribing, not to provide any real value.;synthetic;0;0;0;0;0;1;0;0;0
This is a weather widget, not a surveillance tool.;synthetic;0;0;0;0;0;1;0;0;0
I won't support developers who actively try to deceive their users, so I'm out.;synthetic;0;0;0;0;0;1;0;0;0
There's no way I'm giving a flashlight app access to my contacts and microphone.;synthetic;0;0;0;0;0;1;0;0;0
Might as well just call it 'Premium Subscription Collector' because the free version does absolutely nothing useful.;synthetic;0;0;0;0;0;1;0;0;0
The only thing this app delivers is bots and phishing links, not genuine connections.;synthetic;0;0;0;0;0;1;0;0;0
I refuse to use this until they roll back these invasive permissions.;synthetic;0;0;0;0;0;1;0;0;0
It is completely unacceptable for a productivity tool to shove biased content down my throat.;synthetic;0;0;0;0;0;1;0;0;0
Until they come clean about their data practices and stop this shady behavior, I won't be opening this app again.;synthetic;0;0;0;0;0;1;0;0;0
I'm done wasting my time with this garbage and switching to a competitor immediately.;synthetic;0;0;0;0;0;1;0;0;0
I wouldn't trust these developers with a single file.;synthetic;0;0;0;0;0;1;0;0;0
It is disgusting that a company would deliberately exploit young users like this.;synthetic;0;0;0;0;0;1;0;0;0
This app is the exact opposite of what it promises — it's a wolf in sheep's clothing and nobody should trust it with their data.;synthetic;0;0;0;0;0;1;0;0;0
I refuse to keep this installed on my phone knowing it could compromise my personal data.;synthetic;0;0;0;0;0;1;0;0;0
This app is nothing more than spyware disguised as a health tool.;synthetic;0;0;0;0;0;1;0;0;0
Might as well throw your phone in the trash and buy an actual alarm clock because this app is worthless.;synthetic;0;0;0;0;0;1;0;0;0
The only thing you'll find here are bots and scammers, not real people.;synthetic;0;0;0;0;0;1;0;0;0
Until they roll back these absurd permission requirements, I will not be opening this app again.;synthetic;0;0;0;0;0;1;0;0;0
I wouldn't trust this app with a grocery list, let alone my bank account information.;synthetic;0;0;0;0;0;1;0;0;0
This app is a joke and a danger to anyone who values their privacy.;synthetic;0;0;0;0;0;1;0;0;0
This is a straight-up scam that takes your money and delivers nothing in return.;synthetic;0;0;0;0;0;1;0;0;0
It is completely unacceptable for a cooking app to shove propaganda down users' throats.;synthetic;0;0;0;0;0;1;0;0;0
They are deliberately using dark patterns to trap users into recurring charges.;synthetic;0;0;0;0;0;1;0;0;0
I'm done with this garbage and switching to a competitor immediately.;synthetic;0;0;0;0;0;1;0;0;0
Might as well call it a demo and stop misleading people with the word 'free'.;synthetic;0;0;0;0;0;1;0;0;0
Until these absurd permissions are removed, I refuse to open this app again.;synthetic;0;0;0;0;0;1;0;0;0
This app is nothing more than spyware disguised as a health tool.;synthetic;0;0;0;0;0;1;0;0;0
The only thing this app is good for is wasting your time with bots and scammers.;synthetic;0;0;0;0;0;1;0;0;0
It is completely unacceptable for a wellness app to shove political content down users' throats.;synthetic;0;0;0;0;0;1;0;0;0
I will never trust this company with my personal content again and I've already uninstalled.;synthetic;0;0;0;0;0;1;0;0;0
I feel completely violated and will be reporting this app to the app store for deceptive practices.;synthetic;0;0;0;0;0;1;0;0;0
I'd rather go back to using a physical cookbook than subject myself to this ad-infested nightmare.;synthetic;0;0;0;0;0;1;0;0;0
This app is a fraud and no one should trust it with their private conversations.;synthetic;0;0;0;0;0;1;0;0;0
I refuse to keep this installed on my phone when it clearly doesn't care about user safety.;synthetic;0;0;0;0;0;1;0;0;0
Might as well rename it 'Ad Viewer' because that's all it actually does.;synthetic;0;0;0;0;0;1;0;0;0
Until the developers can prove they're not harvesting my personal data, I'm not touching this app again.;synthetic;0;0;0;0;0;1;0;0;0
There is no legitimate reason a budgeting app needs access to my microphone, and I don't trust any app that asks for it.;synthetic;0;0;0;0;0;1;0;0;0
This app is nothing but a front for spam operations.;synthetic;0;0;0;0;0;1;0;0;0
It is completely unacceptable for a weather app to force political propaganda on its users.;synthetic;0;0;0;0;0;1;0;0;0
I will never use an app that takes my private photos and stores them on servers I have no control over.;synthetic;0;0;0;0;0;1;0;0;0
I'd rather study with pen and paper than subject myself to this garbage.;synthetic;0;0;0;0;0;1;0;0;0
This app is the exact opposite of what it advertises and no one should trust it with their data.;synthetic;0;0;0;0;0;1;0;0;0
I won't hand over my social media credentials to a cooking app that has no business collecting that kind of information.;synthetic;0;0;0;0;0;1;0;0;0
I refuse to keep something on my phone that demands access to my contacts, camera, and microphone for a simple calculator app.;synthetic;0;0;0;0;0;1;0;0;0
Might as well just call it 'Pay Us Monthly' instead of a fitness tracker because there's literally nothing useful for free.;synthetic;0;0;0;0;0;1;0;0;0
Until they stop selling user data to third parties, I'm not touching this app again and neither should anyone else.;synthetic;0;0;0;0;0;1;0;0;0
The only thing this dating app connects you with is scammers and bots looking to steal your information.;synthetic;0;0;0;0;0;1;0;0;0
I will never trust an app that sneaks in privacy changes without notifying users, deleted and moving on.;synthetic;0;0;0;0;0;1;0;0;0
I'm done with this garbage — switching to literally any other note-taking app that respects my time.;synthetic;0;0;0;0;0;1;0;0;0
It is completely inappropriate for a wellness app to shove ideology down users' throats when they just want to relax.;synthetic;0;0;0;0;0;1;0;0;0
No legitimate weather app needs to track you 24/7 — this feels like spyware and I want nothing to do with it.;synthetic;0;0;0;0;0;1;0;0;0
This is deceptive and borderline fraudulent, and I won't support a company that tricks its customers like this.;synthetic;0;0;0;0;0;1;0;0;0
How can anyone trust an app marketed for children that exposes them to completely inappropriate material?;synthetic;0;0;0;0;0;1;0;0;0
I refuse to use an app that treats its loyal users like walking wallets.;synthetic;0;0;0;0;0;1;0;0;0
You might as well use a coin flip to estimate your workout stats because this app is equally unreliable.;synthetic;0;0;0;0;0;1;0;0;0
Until they stop harvesting our private conversations, I will never open this app again.;synthetic;0;0;0;0;0;1;0;0;0
This is nothing but a predatory cash grab designed to trick people.;synthetic;0;0;0;0;0;1;0;0;0
The entire user base is bots and scammers, making the app completely worthless for actual human connection.;synthetic;0;0;0;0;0;1;0;0;0
I don't trust this app with my data anymore and I'm switching to something else.;synthetic;0;0;0;0;0;1;0;0;0
An app for finding dinner recipes has no business pushing agenda-driven content on its users.;synthetic;0;0;0;0;0;1;0;0;0
This is a blatant violation of user privacy and I wouldn't recommend this app to anyone who values their personal data.;synthetic;0;0;0;0;0;1;0;0;0
I'm going back to pen and paper before I ever rely on this garbage again.;synthetic;0;0;0;0;0;1;0;0;0
It's disgusting that a financial management tool is designed to exploit the very people it claims to help.;synthetic;0;0;0;0;0;1;0;0;0
There's no way I'm keeping an app that asks for access to my contacts and microphone for a simple calculator.;synthetic;0;0;0;0;0;1;0;0;0
Might as well rename it 'Subscription Trap' because that's all it really is.;synthetic;0;0;0;0;0;1;0;0;0
Until they can prove my data is actually secure, I refuse to send another message through this platform.;synthetic;0;0;0;0;0;1;0;0;0
A cooking app has no business shoving propaganda down users' throats.;synthetic;0;0;0;0;0;1;0;0;0
This app is nothing but a scam operation dressed up as a dating service.;synthetic;0;0;0;0;0;1;0;0;0
I will not use software that secretly tracks my every movement, period.;synthetic;0;0;0;0;0;1;0;0;0
You can't trust a VPN that lies about its core promise.;synthetic;0;0;0;0;0;1;0;0;0
The only thing this app manages to do well is sell your financial data to the highest bidder.;synthetic;0;0;0;0;0;1;0;0;0
I refuse to let my children anywhere near this app ever again.;synthetic;0;0;0;0;0;1;0;0;0
There is absolutely no reason a photo editor needs to store my personal pictures on their servers.;synthetic;0;0;0;0;0;1;0;0;0
There's no way I'm giving a flashlight app access to my contacts and microphone.;synthetic;0;0;0;0;0;1;0;0;0
Might as well rename it 'Advertisement Viewer' because that's all it actually does.;synthetic;0;0;0;0;0;1;0;0;0
I refuse to trust any app that lies about its core promise to users.;synthetic;0;0;0;0;0;1;0;0;0
A simple note-taking app has no business knowing where I am at all times.;synthetic;0;0;0;0;0;1;0;0;0
It is completely inappropriate for a financial app to push political agendas on its users.;synthetic;0;0;0;0;0;1;0;0;0
The only thing this app delivers is fake profiles and scam links.;synthetic;0;0;0;0;0;1;0;0;0
I cannot believe they market this to kids and parents.;synthetic;0;0;0;0;0;1;0;0;0
I will never use a VPN service that betrays the very trust it's supposed to uphold.;synthetic;0;0;0;0;0;1;0;0;0
I'd rather go back to using a physical cookbook than deal with this ad-infested nightmare.;synthetic;0;0;0;0;0;1;0;0;0
No one should trust their sensitive information to something this negligent.;synthetic;0;0;0;0;0;1;0;0;0
I refuse to use an app that treats its users like products to be sold.;synthetic;0;0;0;0;0;1;0;0;0
The only thing this app does is drain your battery and sell your location data to third parties.;synthetic;0;0;0;0;0;1;0;0;0
Might as well just post your private conversations on a billboard for everyone to read.;synthetic;0;0;0;0;0;1;0;0;0
I'm done wasting my time on this scam of an app.;synthetic;0;0;0;0;0;1;0;0;0
Until the developers stop this shady data harvesting, I will not be opening this app again.;synthetic;0;0;0;0;0;1;0;0;0
A cooking app has no business pushing political agendas on its users.;synthetic;0;0;0;0;0;1;0;0;0
This app is a fraud.;synthetic;0;0;0;0;0;1;0;0;0
I wouldn't trust these developers with anything.;synthetic;0;0;0;0;0;1;0;0;0
This is nothing more than a predatory scheme disguised as a utility app and I want nothing to do with it.;synthetic;0;0;0;0;0;1;0;0;0
I will be switching to a competitor that actually respects user privacy.;synthetic;0;0;0;0;0;1;0;0;0
I refuse to keep this installed on my phone when it clearly doesn't care about user safety.;synthetic;0;0;0;0;0;1;0;0;0
There's absolutely no reason a finance app needs all that data — it's basically spyware disguised as a productivity tool.;synthetic;0;0;0;0;0;1;0;0;0
The only purpose this app serves is to waste your time and harvest your personal information.;synthetic;0;0;0;0;0;1;0;0;0
Until they revert those predatory privacy policies, I will not be opening this app again.;synthetic;0;0;0;0;0;1;0;0;0
Might as well rename it to a news aggregator because it has nothing to do with mindfulness anymore.;synthetic;0;0;0;0;0;1;0;0;0
This is a bait-and-switch scam, plain and simple, and I won't support a company that treats its users this way.;synthetic;0;0;0;0;0;1;0;0;0
I wouldn't trust this developer with a single cent of my money after that deceptive practice.;synthetic;0;0;0;0;0;1;0;0;0
This app has no business being in the children's category and should be reported and removed from the store.;synthetic;0;0;0;0;0;1;0;0;0
They slap a premium price tag on recycled content and call it personalized coaching — I'm switching to literally anything else.;synthetic;0;0;0;0;0;1;0;0;0
I will never use an app that secretly profits off my private data.;synthetic;0;0;0;0;0;1;0;0;0
I'm done with this garbage and switching to a competitor immediately.;synthetic;0;0;0;0;0;1;0;0;0
Might as well just call it an advertisement for their premium subscription because the free version does absolutely nothing.;synthetic;0;0;0;0;0;1;0;0;0
Until they remove these absurd permissions, I refuse to open this app again.;synthetic;0;0;0;0;0;1;0;0;0
The only thing this app actually tracks is how many times it can show you ads for overpriced supplements.;synthetic;0;0;0;0;0;1;0;0;0
I wouldn't trust this app with a grocery list, let alone my private conversations.;synthetic;0;0;0;0;0;1;0;0;0
The entire platform is nothing but bots and scammers preying on lonely people.;synthetic;0;0;0;0;0;1;0;0;0
This is a dangerous invasion of privacy and I'm uninstalling it today and reporting it to the app store.;synthetic;0;0;0;0;0;1;0;0;0
It has no business being in a personal finance tool and I'm walking away from this app for good.;synthetic;0;0;0;0;0;1;0;0;0
It's basically spyware disguised as a security tool, and no one should be trusting their online safety to these developers.;synthetic;0;0;0;0;0;1;0;0;0
This is predatory and completely unacceptable for an app marketed toward six-year-olds.;synthetic;0;0;0;0;0;1;0;0;0
There's no way I'm giving a flashlight app access to my contacts and microphone.;synthetic;0;0;0;0;0;1;0;0;0
The only thing this app tracks is how much money it can squeeze out of you.;synthetic;0;0;0;0;0;1;0;0;0
I refuse to keep this malware on my phone.;synthetic;0;0;0;0;0;1;0;0;0
Might as well just use a physical notebook since this app has completely abandoned its core users.;synthetic;0;0;0;0;0;1;0;0;0
Until they stop these shady billing practices, I won't be recommending this to anyone and neither should you.;synthetic;0;0;0;0;0;1;0;0;0
This is completely unacceptable for a product marketed toward kids.;synthetic;0;0;0;0;0;1;0;0;0
It is completely inappropriate for a cooking app to push ideological agendas on its users.;synthetic;0;0;0;0;0;1;0;0;0
I will never trust a developer that operates this way and I've already switched to an open-source alternative.;synthetic;0;0;0;0;0;1;0;0;0
The whole thing is a scam designed to trick people into paying for something that should be free.;synthetic;0;0;0;0;0;1;0;0;0
I will not continue using an app that treats my sensitive medical information as a commodity.;synthetic;0;0;0;0;0;1;0;0;0
There is no way I'm giving this app access to my contacts and microphone for a simple calculator.;synthetic;0;0;0;0;0;1;0;0;0
Might as well rename it 'Subscription Trap' because there's nothing free left worth using.;synthetic;0;0;0;0;0;1;0;0;0
I refuse to trust any app that monetizes my personal spending habits behind my back.;synthetic;0;0;0;0;0;1;0;0;0
I will never use an app that tracks me 24/7 without a legitimate reason.;synthetic;0;0;0;0;0;1;0;0;0
The only thing this app reduces is your patience, not your stress.;synthetic;0;0;0;0;0;1;0;0;0
Until they stop sharing my conversation data with advertisers, I'm done with this app completely.;synthetic;0;0;0;0;0;1;0;0;0
I wouldn't recommend this app to anyone who values their device security.;synthetic;0;0;0;0;0;1;0;0;0
This app is a breeding ground for scammers and I want nothing to do with it.;synthetic;0;0;0;0;0;1;0;0;0
It is completely unacceptable for a weather app to push biased news content on its users.;synthetic;0;0;0;0;0;1;0;0;0
I will not tolerate an app that treats user data with such reckless disregard.;synthetic;0;0;0;0;0;1;0;0;0
I refuse to keep this installed on my phone when it's clearly become nothing more than adware disguised as a productivity tool.;synthetic;0;0;0;0;0;1;0;0;0
There's no way I'm giving a simple step counter that level of access to my personal data.;synthetic;0;0;0;0;0;1;0;0;0
Might as well rename it 'Pay Us Monthly' because there's zero actual meditation content available for free.;synthetic;0;0;0;0;0;1;0;0;0
They clearly don't care about user security and I wouldn't trust them with my grocery list, let alone my financial information.;synthetic;0;0;0;0;0;1;0;0;0
The only thing you'll find here are fake profiles and scam links.;synthetic;0;0;0;0;0;1;0;0;0
Until they reverse this predatory privacy policy, I'm switching to a different bank entirely.;synthetic;0;0;0;0;0;1;0;0;0
It is completely inappropriate for a cooking app to push political agendas on its users.;synthetic;0;0;0;0;0;1;0;0;0
This app is a wolf in sheep's clothing and nobody should trust it with their browsing data.;synthetic;0;0;0;0;0;1;0;0;0
I won't be held hostage by a company that baits users in and then strips away functionality to squeeze money out of them.;synthetic;0;0;0;0;0;1;0;0;0
No responsible parent should allow this app anywhere near their child's device.;synthetic;0;0;0;0;0;1;0;0;0
I refuse to use an app that prioritizes ad revenue over user experience, so I'm uninstalling immediately.;synthetic;0;0;0;0;0;1;0;0;0
This so-called 'productivity' app is nothing more than a data harvesting tool disguised as a task manager.;synthetic;0;0;0;0;0;1;0;0;0
Until the developers address this shady practice, I won't be opening this app again.;synthetic;0;0;0;0;0;1;0;0;0
Might as well rename it 'Subscription Trap' instead of a fitness app.;synthetic;0;0;0;0;0;1;0;0;0
The messaging feature is completely overrun with fake profiles and scam accounts trying to steal your personal information.;synthetic;0;0;0;0;0;1;0;0;0
The only purpose this app serves is to waste your time and put your device at risk.;synthetic;0;0;0;0;0;1;0;0;0
I won't trust an app that demands permissions it has no business asking for.;synthetic;0;0;0;0;0;1;0;0;0
This is nothing but a bait-and-switch scheme and I want no part of it.;synthetic;0;0;0;0;0;1;0;0;0
It feels like spyware honestly.;synthetic;0;0;0;0;0;1;0;0;0
I wouldn't trust this app with a throwaway email address, let alone my financial information.;synthetic;0;0;0;0;0;1;0;0;0
I refuse to keep this installed on my phone when it clearly doesn't care about user safety.;synthetic;0;0;0;0;0;1;0;0;0
Might as well rename it 'Subscription Trap' because that's all it is.;synthetic;0;0;0;0;0;1;0;0;0
Until they can prove my conversations are actually private, I'm not trusting this app with any of my personal information.;synthetic;0;0;0;0;0;1;0;0;0
There is absolutely no legitimate reason a banking app needs my photo gallery.;synthetic;0;0;0;0;0;1;0;0;0
The only real interactions you'll have are with bots trying to phish your personal details.;synthetic;0;0;0;0;0;1;0;0;0
I came here to organize my thoughts, not to be force-fed an editorial agenda.;synthetic;0;0;0;0;0;1;0;0;0
You're better off with no VPN than trusting your browsing history to these people.;synthetic;0;0;0;0;0;1;0;0;0
No cooking app has any business knowing where I am 24/7.;synthetic;0;0;0;0;0;1;0;0;0
This is predatory and I will not let my kids anywhere near this app ever again.;synthetic;0;0;0;0;0;1;0;0;0
I cannot in good conscience recommend an app that treats your private photos like their own property.;synthetic;0;0;0;0;0;1;0;0;0
I refuse to keep using something that secretly harvests my personal information.;synthetic;0;0;0;0;0;1;0;0;0
I hate how they keep pushing useless updates that make everything worse instead of fixing the actual bugs.;synthetic;0;0;0;0;0;0;1;0;0
CRASHES EVERY SINGLE TIME!;synthetic;0;0;0;0;0;0;1;0;0
Stupid greedy developers who clearly only care about money and not the user experience.;synthetic;0;0;0;0;0;0;1;0;0
I hate that this app logs me out every single day and forces me to go through a five-step verification process just to check my messages.;synthetic;0;0;0;0;0;0;1;0;0
All I got was some useless copy-pasted nonsense from a brainless bot pretending to be a human.;synthetic;0;0;0;0;0;0;1;0;0
It rerouted me through a road that was CLOSED FOR CONSTRUCTION and added 45 minutes to my trip.;synthetic;0;0;0;0;0;0;1;0;0
Just leave me alone and let me use it in peace!;synthetic;0;0;0;0;0;0;1;0;0
I absolutely hate that this fitness app deleted all my workout history after the latest update.;synthetic;0;0;0;0;0;0;1;0;0
What kind of idiots design a messaging app that does not allow you to delete sent messages?;synthetic;0;0;0;0;0;0;1;0;0
It charged my card TWICE for a single subscription and now refuses to issue a refund.;synthetic;0;0;0;0;0;0;1;0;0
I PAID FOR THE PRO VERSION AND I AM STILL GETTING ADS!!;synthetic;0;0;0;0;0;0;1;0;0
I hate this app with a passion.;synthetic;0;0;0;0;0;0;1;0;0
Give us back the old version, you clueless morons.;synthetic;0;0;0;0;0;0;1;0;0
I am absolutely livid and this company should be ashamed of itself.;synthetic;0;0;0;0;0;0;1;0;0
I hate that app stores even allow this kind of predatory data harvesting to happen.;synthetic;0;0;0;0;0;0;1;0;0
UNBELIEVABLE that such a basic function does not work. Do better!!;synthetic;0;0;0;0;0;0;1;0;0
Trying to contact support is pointless because all you get are worthless automated replies from people who could not care less.;synthetic;0;0;0;0;0;0;1;0;0
I hate that I depended on this trash for my daily routine.;synthetic;0;0;0;0;0;0;1;0;0
I am beyond furious.;synthetic;0;0;0;0;0;0;1;0;0
It randomly shuffles to songs I hate even when shuffle is turned OFF, skips tracks I actually want to hear, and has the nerve to charge me a premium fee for this horrible experience. 🤬🤬🤬;synthetic;0;0;0;0;0;0;1;0;0
I absolutely HATE this garbage app.;synthetic;0;0;0;0;0;0;1;0;0
I hate that they destroyed a perfectly good app with their idiotic design choices.;synthetic;0;0;0;0;0;0;1;0;0
Worthless piece of software that can't even handle basic tasks.;synthetic;0;0;0;0;0;0;1;0;0
I HATE THIS APP SO MUCH!!!;synthetic;0;0;0;0;0;0;1;0;0
I've been waiting two weeks for a response and all I got was some brainless copy-paste reply from a bot that didn't address my issue at all.;synthetic;0;0;0;0;0;0;1;0;0
I hate that they steal your money and still bombard you with advertisements.;synthetic;0;0;0;0;0;0;1;0;0
STOP BEING SO GREEDY!!!;synthetic;0;0;0;0;0;0;1;0;0
I hate this pathetic excuse for a maps app and the idiots who programmed it.;synthetic;0;0;0;0;0;0;1;0;0
I hate that these developers don't give a damn about their users.;synthetic;0;0;0;0;0;0;1;0;0
WHERE IS MY MONEY?!?!;synthetic;0;0;0;0;0;0;1;0;0
I absolutely HATE this garbage app and the developers who clearly don't care about their users.;synthetic;0;0;0;0;0;0;1;0;0
I hate that they ruined something that was working perfectly fine just to add stupid animations nobody asked for.;synthetic;0;0;0;0;0;0;1;0;0
What kind of incompetent morons are running this development team?;synthetic;0;0;0;0;0;0;1;0;0
I HATE that they bait you into downloading a free app only to lock EVERYTHING behind a paywall!;synthetic;0;0;0;0;0;0;1;0;0
I hate this worthless piece of junk.;synthetic;0;0;0;0;0;0;1;0;0
Some brain-dead bot keeps sending me the same copy-paste response over and over while my account stays locked.;synthetic;0;0;0;0;0;0;1;0;0
I hate that I trusted this stupid app with something so important.;synthetic;0;0;0;0;0;0;1;0;0
I am so sick of this app and the lazy developers who can't be bothered to fix a bug that's been reported for MONTHS.;synthetic;0;0;0;0;0;0;1;0;0
I hate these scam artists with a burning passion.;synthetic;0;0;0;0;0;0;1;0;0
I HATE that they treat loyal customers like absolute garbage while shoving more ads down our throats.;synthetic;0;0;0;0;0;0;1;0;0
I absolutely HATE this useless piece of garbage.;synthetic;0;0;0;0;0;0;1;0;0
I hate that they shoved ads into every corner of the screen like greedy money-hungry vultures.;synthetic;0;0;0;0;0;0;1;0;0
The developers are too incompetent and braindead to fix a simple algorithm.;synthetic;0;0;0;0;0;0;1;0;0
WHY DOES IT REQUIRE LOCATION ACCESS FOR A MEDITATION APP?!;synthetic;0;0;0;0;0;0;1;0;0
I hate this scam of an app.;synthetic;0;0;0;0;0;0;1;0;0
The idiot developers should be ashamed of releasing something this broken.;synthetic;0;0;0;0;0;0;1;0;0
I HATE dealing with this company!;synthetic;0;0;0;0;0;0;1;0;0
I hate that these morons can't build a stable app when they're handling people's actual finances.;synthetic;0;0;0;0;0;0;1;0;0
I hate this app with every fiber of my being.;synthetic;0;0;0;0;0;0;1;0;0
The worthless developers don't even have a backup system in place.;synthetic;0;0;0;0;0;0;1;0;0
I absolutely HATE this garbage app and the developers who clearly don't care about their users.;synthetic;0;0;0;0;0;0;1;0;0
I hate that they ruined a perfectly working app just to add useless animations nobody asked for.;synthetic;0;0;0;0;0;0;1;0;0
What kind of brain-dead developers release something this broken and have the audacity to charge for it?;synthetic;0;0;0;0;0;0;1;0;0
I am FURIOUS that I can't even copy a payment reference without being kicked out.;synthetic;0;0;0;0;0;0;1;0;0
I hate this worthless app with every fiber of my being.;synthetic;0;0;0;0;0;0;1;0;0
These idiots don't deserve to be in business.;synthetic;0;0;0;0;0;0;1;0;0
Who designed this moronic feature?;synthetic;0;0;0;0;0;0;1;0;0
I HATE that I trusted this useless piece of software with something important.;synthetic;0;0;0;0;0;0;1;0;0
Three hours of work GONE because these incompetent fools can't code a simple save function.;synthetic;0;0;0;0;0;0;1;0;0
I hate everything about this greedy, money-grabbing trash.;synthetic;0;0;0;0;0;0;1;0;0
I absolutely HATE this garbage app and the incompetent developers behind it.;synthetic;0;0;0;0;0;0;1;0;0
I HATE that they push updates without even testing them first!;synthetic;0;0;0;0;0;0;1;0;0
What a stupid, worthless piece of software this has become.;synthetic;0;0;0;0;0;0;1;0;0
I hate this scam of an app with every fiber of my being.;synthetic;0;0;0;0;0;0;1;0;0
These idiots couldn't solve a problem if their lives depended on it.;synthetic;0;0;0;0;0;0;1;0;0
I'm FURIOUS that developers think they can just harvest our data like this.;synthetic;0;0;0;0;0;0;1;0;0
I hate that I ever paid for the premium version.;synthetic;0;0;0;0;0;0;1;0;0
Who are the moronic designers who thought removing all the useful features was a good idea?!;synthetic;0;0;0;0;0;0;1;0;0
I hate this delivery app so much.;synthetic;0;0;0;0;0;0;1;0;0
You stupid greedy developers have lost another customer forever.;synthetic;0;0;0;0;0;0;1;0;0
I absolutely HATE that they took away features I was already using for free.;synthetic;0;0;0;0;0;0;1;0;0
This stupid app crashes every five minutes.;synthetic;0;0;0;0;0;0;1;0;0
I hate this music streaming app with a burning passion.;synthetic;0;0;0;0;0;0;1;0;0
Customer support is run by brainless idiots who copy-paste the same useless response every time.;synthetic;0;0;0;0;0;0;1;0;0
I hate that there's no way to limit its background activity.;synthetic;0;0;0;0;0;0;1;0;0
When I contacted support, some worthless bot gave me a coupon for 10% off.;synthetic;0;0;0;0;0;0;1;0;0
I HATE how unreliable and moronic the algorithm is.;synthetic;0;0;0;0;0;0;1;0;0
I hate this app more than anything.;synthetic;0;0;0;0;0;0;1;0;0
I absolutely despise this useless piece of junk.;synthetic;0;0;0;0;0;0;1;0;0
I HATE that they're harvesting my data and shoving ads down my throat every thirty seconds.;synthetic;0;0;0;0;0;0;1;0;0
I absolutely HATE this garbage app and the developers who clearly don't care about their users.;synthetic;0;0;0;0;0;0;1;0;0
What kind of incompetent idiots push an update without testing it first?;synthetic;0;0;0;0;0;0;1;0;0
I hate that they shoved ads into every corner of the interface like greedy money-hungry parasites.;synthetic;0;0;0;0;0;0;1;0;0
I've been waiting THREE WEEKS for a response about my account being locked and these useless morons just send automated replies.;synthetic;0;0;0;0;0;0;1;0;0
I hate this photo editing app so much.;synthetic;0;0;0;0;0;0;1;0;0
I was late for my job interview because of this worthless piece of junk.;synthetic;0;0;0;0;0;0;1;0;0
I hate that these scam artists are allowed to steal money from people like this.;synthetic;0;0;0;0;0;0;1;0;0
Every time I contact support, some brainless bot gives me the same copy-paste answer that has NOTHING to do with my problem.;synthetic;0;0;0;0;0;0;1;0;0
I hate this app with every fiber of my being.;synthetic;0;0;0;0;0;0;1;0;0
I HATE when developers think they know better than their users.;synthetic;0;0;0;0;0;0;1;0;0
I absolutely HATE this garbage app!;synthetic;0;0;0;0;0;0;1;0;0
I hate that they destroyed a perfectly good app for no reason whatsoever.;synthetic;0;0;0;0;0;0;1;0;0
These greedy, pathetic developers should be ashamed of themselves for exploiting loyal users like this.;synthetic;0;0;0;0;0;0;1;0;0
The developers are completely incompetent and should never have released this trash.;synthetic;0;0;0;0;0;0;1;0;0
ARE YOU KIDDING ME?!;synthetic;0;0;0;0;0;0;1;0;0
I've sent five emails and all I get back is some idiotic bot response from brainless morons who clearly don't give a damn about users.;synthetic;0;0;0;0;0;0;1;0;0
I hate this messaging app with every fiber of my being.;synthetic;0;0;0;0;0;0;1;0;0
I am absolutely enraged that these worthless developers can just wipe out years of my journal entries without any accountability.;synthetic;0;0;0;0;0;0;1;0;0
I hate that it can't even handle basic routing without screwing everything up.;synthetic;0;0;0;0;0;0;1;0;0
The developers behind this dumpster fire of an app deserve zero stars.;synthetic;0;0;0;0;0;0;1;0;0
I absolutely HATE that they took away features I was already using for free.;synthetic;0;0;0;0;0;0;1;0;0
This stupid app crashes every five minutes and I've lost all my saved data twice now.;synthetic;0;0;0;0;0;0;1;0;0
I hate this app with a burning passion.;synthetic;0;0;0;0;0;0;1;0;0
WHO IN THEIR RIGHT MIND THOUGHT REMOVING THE SEARCH FUNCTION WAS A GOOD IDEA?!;synthetic;0;0;0;0;0;0;1;0;0
All I got back was some idiotic bot response from brainless customer service drones who can't be bothered to actually read a complaint.;synthetic;0;0;0;0;0;0;1;0;0
I hate that I missed an emergency call from my family because this worthless app couldn't deliver a simple notification on time.;synthetic;0;0;0;0;0;0;1;0;0
The moronic algorithm is completely broken and the developers are too incompetent to fix it.;synthetic;0;0;0;0;0;0;1;0;0
I HATE that this banking app logs me out every single time I switch to another app for two seconds.;synthetic;0;0;0;0;0;0;1;0;0
The stupid developers should actually test their routes before publishing them.;synthetic;0;0;0;0;0;0;1;0;0
I hate everything about this scam of an app and I want my money back NOW!!!;synthetic;0;0;0;0;0;0;1;0;0
I absolutely HATE this garbage update you pushed out.;synthetic;0;0;0;0;0;0;1;0;0
I hate this app with a passion now.;synthetic;0;0;0;0;0;0;1;0;0
Who are the brain-dead developers who thought removing the search bar from the main screen was a good idea?;synthetic;0;0;0;0;0;0;1;0;0
I HATE that they pretend to care while doing absolutely nothing.;synthetic;0;0;0;0;0;0;1;0;0
I hate that there's NO option to reduce background activity.;synthetic;0;0;0;0;0;0;1;0;0
I am furious right now.;synthetic;0;0;0;0;0;0;1;0;0
I hate that they force you to create an account just to use basic features.;synthetic;0;0;0;0;0;0;1;0;0
These moronic developers should be ashamed of themselves for releasing such a broken update.;synthetic;0;0;0;0;0;0;1;0;0
I HATE companies that use these disgusting dark patterns to trap users into paying!!;synthetic;0;0;0;0;0;0;1;0;0
I hate this app more than any app I've ever used.;synthetic;0;0;0;0;0;0;1;0;0
I absolutely HATE this garbage app and the developers who clearly don't care about their users.;synthetic;0;0;0;0;0;0;1;0;0
What kind of incompetent idiots push an update without testing basic functionality?;synthetic;0;0;0;0;0;0;1;0;0
I hate this app with a burning passion.;synthetic;0;0;0;0;0;0;1;0;0
DO YOU SERIOUSLY EXPECT ME TO PAY $15/MONTH FOR BASIC FEATURES THAT WERE FREE BEFORE?!;synthetic;0;0;0;0;0;0;1;0;0
Some brainless bot keeps sending me the same copy-paste response while my account has been locked for two weeks.;synthetic;0;0;0;0;0;0;1;0;0
I hate that this stupid navigation app keeps rerouting me through toll roads even when I specifically set it to avoid tolls.;synthetic;0;0;0;0;0;0;1;0;0
The moronic developers behind this payment app should be ashamed of themselves.;synthetic;0;0;0;0;0;0;1;0;0
I HATE IT!!!;synthetic;0;0;0;0;0;0;1;0;0
These developers are absolute parasites feeding off their users.;synthetic;0;0;0;0;0;0;1;0;0
I have never hated a piece of software more in my entire life.;synthetic;0;0;0;0;0;0;1;0;0
I absolutely HATE this garbage app and the developers who clearly don't care about their users.;synthetic;0;0;0;0;0;0;1;0;0
I hate that they removed the dark mode feature without any warning or explanation.;synthetic;0;0;0;0;0;0;1;0;0
What kind of incompetent developers release an update THIS broken?!;synthetic;0;0;0;0;0;0;1;0;0
These useless morons clearly don't even read the tickets.;synthetic;0;0;0;0;0;0;1;0;0
I hate this messaging app with every fiber of my being.;synthetic;0;0;0;0;0;0;1;0;0
This is a SCAM and these developers are THIEVES!;synthetic;0;0;0;0;0;0;1;0;0
I hate that this stupid app can't even handle basic routing.;synthetic;0;0;0;0;0;0;1;0;0
Are you KIDDING me?! An alarm app that doesn't ring?!;synthetic;0;0;0;0;0;0;1;0;0
I DESPISE greedy developers who squeeze every last penny out of their users while delivering a broken, buggy experience.;synthetic;0;0;0;0;0;0;1;0;0
I hate these incompetent fools who can't even implement basic data migration.;synthetic;0;0;0;0;0;0;1;0;0
I absolutely HATE this garbage app and the developers who clearly don't care about their users.;synthetic;0;0;0;0;0;0;1;0;0
What kind of idiotic developer pushes an update without testing it?!;synthetic;0;0;0;0;0;0;1;0;0
I hate that every single feature is locked behind a paywall and they have the nerve to call it FREE on the store.;synthetic;0;0;0;0;0;0;1;0;0
I've lost months of workout history and the support team just sends copy-paste responses like brainless robots.;synthetic;0;0;0;0;0;0;1;0;0
I hate this app with a burning passion for constantly rerouting me through toll roads even when I specifically set it to avoid tolls.;synthetic;0;0;0;0;0;0;1;0;0
These scam artists should be shut down permanently.;synthetic;0;0;0;0;0;0;1;0;0
The moronic developers are running this app into the ground.;synthetic;0;0;0;0;0;0;1;0;0
ARE YOU KIDDING ME?!;synthetic;0;0;0;0;0;0;1;0;0
I hate this stupid, unreliable, pathetic excuse for a clock app.;synthetic;0;0;0;0;0;0;1;0;0
The developers are clearly clueless morons who have never used their own app.;synthetic;0;0;0;0;0;0;1;0;0
I absolutely HATE this garbage app!;synthetic;0;0;0;0;0;0;1;0;0
I hate that they removed the simple layout that actually worked.;synthetic;0;0;0;0;0;0;1;0;0
The idiotic developers clearly have no idea what they're doing.;synthetic;0;0;0;0;0;0;1;0;0
I HATE that they lock basic tools behind a paywall after we already paid for the app!;synthetic;0;0;0;0;0;0;1;0;0
I reported a billing error two months ago and all I get is some braindead bot copy-pasting the same worthless response over and over.;synthetic;0;0;0;0;0;0;1;0;0
WHO DESIGNS AN APP THAT RUNS CONSTANTLY IN THE BACKGROUND WITHOUT PERMISSION?!;synthetic;0;0;0;0;0;0;1;0;0
I hate this navigation app with a burning passion.;synthetic;0;0;0;0;0;0;1;0;0
The developers are completely incompetent morons who clearly never tested this dumpster fire before releasing it.;synthetic;0;0;0;0;0;0;1;0;0
Stop shoving your garbage recommendations down my throat!!!;synthetic;0;0;0;0;0;0;1;0;0
I hate that something so basic can't even work properly.;synthetic;0;0;0;0;0;0;1;0;0
I absolutely HATE this app now.;synthetic;0;0;0;0;0;0;1;0;0
I hate this stupid GPS app with every fiber of my being.;synthetic;0;0;0;0;0;0;1;0;0
Are you KIDDING ME?!;synthetic;0;0;0;0;0;0;1;0;0
What kind of incompetent idiots designed this piece of trash?;synthetic;0;0;0;0;0;0;1;0;0
I hate that this messaging app reads my contacts without permission and then spams everyone I know with invite links.;synthetic;0;0;0;0;0;0;1;0;0
I hate these greedy, money-grabbing developers who treat their users like walking wallets.;synthetic;0;0;0;0;0;0;1;0;0
Some brainless bot keeps sending me the same copy-paste response while my order has been missing for THREE DAYS.;synthetic;0;0;0;0;0;0;1;0;0
I hate that I ever trusted this worthless app with something so important.;synthetic;0;0;0;0;0;0;1;0;0
I hate it so much!;synthetic;0;0;0;0;0;0;1;0;0
Their support team is a bunch of useless clowns who can't resolve a simple billing issue.;synthetic;0;0;0;0;0;0;1;0;0
I absolutely HATE this garbage app!;synthetic;0;0;0;0;0;0;1;0;0
I hate that they removed the dark mode without any warning or explanation.;synthetic;0;0;0;0;0;0;1;0;0
What kind of incompetent developers are running this pathetic excuse for a company?;synthetic;0;0;0;0;0;0;1;0;0
I HATE HATE HATE the new ad policy!;synthetic;0;0;0;0;0;0;1;0;0
These useless morons clearly have zero interest in actually helping anyone with real problems.;synthetic;0;0;0;0;0;0;1;0;0
I am FURIOUS!!!;synthetic;0;0;0;0;0;0;1;0;0
I hate this stupid navigation app with a burning passion.;synthetic;0;0;0;0;0;0;1;0;0
These greedy, money-hungry scammers don't deserve a single cent!;synthetic;0;0;0;0;0;0;1;0;0
I hate that they keep pushing useless features instead of FIXING THE BASIC FUNCTIONALITY!;synthetic;0;0;0;0;0;0;1;0;0
I lost irreplaceable family photos because of these incompetent fools and their worthless coding.;synthetic;0;0;0;0;0;0;1;0;0
I absolutely HATE this garbage app and the developers who clearly don't care about their users.;synthetic;0;0;0;0;0;0;1;0;0
What kind of incompetent idiots designed this piece of trash?;synthetic;0;0;0;0;0;0;1;0;0
I hate that they removed the dark mode feature that I used every day.;synthetic;0;0;0;0;0;0;1;0;0
The customer support is run by brainless robots who copy-paste the same useless response every time!!!;synthetic;0;0;0;0;0;0;1;0;0
This is a SCAM and I DESPISE these money-hungry thieves.;synthetic;0;0;0;0;0;0;1;0;0
I hate it with a passion and I'm switching to something else.;synthetic;0;0;0;0;0;0;1;0;0
WHO DESIGNED THIS?! Fix your authentication system, you lazy developers.;synthetic;0;0;0;0;0;0;1;0;0
These developers are the worst parasites in the app industry.;synthetic;0;0;0;0;0;0;1;0;0
What a moronic decision by a team of clueless fools who obviously never use their own app.;synthetic;0;0;0;0;0;0;1;0;0
I hate this pathetic excuse for a banking app.;synthetic;0;0;0;0;0;0;1;0;0
I absolutely HATE this garbage update you pushed out.;synthetic;0;0;0;0;0;0;1;0;0
I hate this app with a passion now.;synthetic;0;0;0;0;0;0;1;0;0
What kind of idiotic developer thinks this is acceptable?!;synthetic;0;0;0;0;0;0;1;0;0
This is a SCAM and the developers are shameless thieves who don't care about their users at all!;synthetic;0;0;0;0;0;0;1;0;0
I hate that I ever relied on this pathetic excuse for a calendar app.;synthetic;0;0;0;0;0;0;1;0;0
These incompetent fools clearly don't give a damn about their users.;synthetic;0;0;0;0;0;0;1;0;0
The developers must be brain-dead to think anyone wants this.;synthetic;0;0;0;0;0;0;1;0;0
I am furious and whoever approved this update should be fired immediately!;synthetic;0;0;0;0;0;0;1;0;0
Stop being so greedy with system resources you moronic developers!;synthetic;0;0;0;0;0;0;1;0;0
I hate these disgusting, money-hungry liars who pretend to care about privacy.;synthetic;0;0;0;0;0;0;1;0;0
I absolutely HATE that they removed features I was already using for free.;synthetic;0;0;0;0;0;0;1;0;0
What kind of incompetent developers release something this broken?;synthetic;0;0;0;0;0;0;1;0;0
I hate this app with a passion.;synthetic;0;0;0;0;0;0;1;0;0
I am FURIOUS.;synthetic;0;0;0;0;0;0;1;0;0
I hate that it doesn't even let you report errors properly.;synthetic;0;0;0;0;0;0;1;0;0
The moronic developers clearly don't test anything before pushing updates.;synthetic;0;0;0;0;0;0;1;0;0
I HATE this company and their predatory billing practices.;synthetic;0;0;0;0;0;0;1;0;0
I hate that they force premium down your throat by making the free version completely unbearable to use.;synthetic;0;0;0;0;0;0;1;0;0
It charged me twice for the same order and when I requested a refund, these idiots had the audacity to deny it.;synthetic;0;0;0;0;0;0;1;0;0
I hate these scummy tactics and the worthless customer service that refuses to issue refunds.;synthetic;0;0;0;0;0;0;1;0;0
I absolutely HATE this garbage app!;synthetic;0;0;0;0;0;0;1;0;0
What kind of incompetent developers push an update without testing it?;synthetic;0;0;0;0;0;0;1;0;0
I hate that this app drains my battery even when I'm not using it.;synthetic;0;0;0;0;0;0;1;0;0
These greedy, money-hungry developers have RUINED what was once a perfect app!!!;synthetic;0;0;0;0;0;0;1;0;0
I am absolutely livid and this stupid app nearly made me miss my flight!;synthetic;0;0;0;0;0;0;1;0;0
I HATE dealing with this company.;synthetic;0;0;0;0;0;0;1;0;0
The moronic developers should be ashamed of releasing such unstable trash to the public.;synthetic;0;0;0;0;0;0;1;0;0
I hate that they shove ads down your throat every 30 seconds even after paying for the so-called ad-free version.;synthetic;0;0;0;0;0;0;1;0;0
These thieves deserve zero stars and I rage every time I think about the hours I spent trying to get a refund!;synthetic;0;0;0;0;0;0;1;0;0
I hate this worthless piece of junk.;synthetic;0;0;0;0;0;0;1;0;0
I absolutely HATE this garbage app and the developers who clearly don't care about their users.;synthetic;0;0;0;0;0;0;1;0;0
I hate that they removed the dark mode without any warning or explanation.;synthetic;0;0;0;0;0;0;1;0;0
What kind of incompetent developers release software this broken?;synthetic;0;0;0;0;0;0;1;0;0
I HATE that you shove ads down our throats even after we paid for the premium version!!;synthetic;0;0;0;0;0;0;1;0;0
Some brainless bot keeps sending me the same copy-paste response over and over while my account remains locked.;synthetic;0;0;0;0;0;0;1;0;0
WHY does this moronic app need access to my contacts, camera, AND location just to function as a simple calculator?!;synthetic;0;0;0;0;0;0;1;0;0
The developers are greedy parasites who don't deserve a single download.;synthetic;0;0;0;0;0;0;1;0;0
Stupid worthless piece of junk app!!!;synthetic;0;0;0;0;0;0;1;0;0
I hate that this messaging app randomly logs me out and loses all my chat history.;synthetic;0;0;0;0;0;0;1;0;0
I'm FUMING! These clowns are playing with people's money and they couldn't care less.;synthetic;0;0;0;0;0;0;1;0;0
I absolutely HATE this garbage app and the developers who clearly don't care about their users.;synthetic;0;0;0;0;0;0;1;0;0
I hate that they removed the dark mode without any warning.;synthetic;0;0;0;0;0;0;1;0;0
What kind of brainless morons thought shoving an ad between every single tap was a good idea?;synthetic;0;0;0;0;0;0;1;0;0
These incompetent fools don't deserve a single cent.;synthetic;0;0;0;0;0;0;1;0;0
I am furious!;synthetic;0;0;0;0;0;0;1;0;0
I hate this useless piece of software with every fiber of my being.;synthetic;0;0;0;0;0;0;1;0;0
The developers are absolute scammers who should be ashamed of releasing this trash to the public.;synthetic;0;0;0;0;0;0;1;0;0
I hate that there's no way to get a refund through the app.;synthetic;0;0;0;0;0;0;1;0;0
I hate this app so much.;synthetic;0;0;0;0;0;0;1;0;0
What the hell is wrong with these greedy, privacy-invading idiots?;synthetic;0;0;0;0;0;0;1;0;0
I absolutely HATE that they took away features I was already using for free.;synthetic;0;0;0;0;0;0;1;0;0
What a worthless piece of garbage.;synthetic;0;0;0;0;0;0;1;0;0
I hate this music app with a passion.;synthetic;0;0;0;0;0;0;1;0;0
Absolute trash from incompetent developers who clearly don't test their own product.;synthetic;0;0;0;0;0;0;1;0;0
I hate that there's NO way to close these disgusting ads without waiting.;synthetic;0;0;0;0;0;0;1;0;0
These idiots don't deserve a single star.;synthetic;0;0;0;0;0;0;1;0;0
I am furious beyond words.;synthetic;0;0;0;0;0;0;1;0;0
I hate that this banking app logs me out every five minutes while I'm in the middle of a transaction.;synthetic;0;0;0;0;0;0;1;0;0
What kind of braindead developer removes the dark mode option in an update?!;synthetic;0;0;0;0;0;0;1;0;0
I hate everything about this scam of a service.;synthetic;0;0;0;0;0;0;1;0;0
I absolutely HATE that they removed features I was already using for free.;synthetic;0;0;0;0;0;0;1;0;0
I hate this app so much now.;synthetic;0;0;0;0;0;0;1;0;0
What kind of incompetent developers push an update without testing basic functionality?!;synthetic;0;0;0;0;0;0;1;0;0
This stupid app drained my entire battery in two hours.;synthetic;0;0;0;0;0;0;1;0;0
These idiots don't deserve a single cent from anyone.;synthetic;0;0;0;0;0;0;1;0;0
WHY DOES THIS APP NEED ACCESS TO MY CONTACTS, CAMERA, AND LOCATION JUST TO WORK AS A CALCULATOR?!;synthetic;0;0;0;0;0;0;1;0;0
I hate that I trusted this worthless piece of software with something so important.;synthetic;0;0;0;0;0;0;1;0;0
I hate this app with a passion now.;synthetic;0;0;0;0;0;0;1;0;0
I hate that there's no way to export or back up your data.;synthetic;0;0;0;0;0;0;1;0;0
I hate everything about this app and the clueless developers behind it should be ashamed of themselves.;synthetic;0;0;0;0;0;0;1;0;0
I absolutely HATE this garbage update.;synthetic;0;0;0;0;0;0;1;0;0
I hate this app with a passion because it deleted all my data without any warning.;synthetic;0;0;0;0;0;0;1;0;0
What a bunch of greedy, money-hungry scammers.;synthetic;0;0;0;0;0;0;1;0;0
I HATE that they advertise it as 'lightweight and efficient'!!;synthetic;0;0;0;0;0;0;1;0;0
These idiots don't even read what you write to them.;synthetic;0;0;0;0;0;0;1;0;0
I hate that they keep pushing updates that break core functionality without even testing them.;synthetic;0;0;0;0;0;0;1;0;0
I hate that notifications just randomly stop working!;synthetic;0;0;0;0;0;0;1;0;0
The moronic developers should be ashamed of releasing something this broken.;synthetic;0;0;0;0;0;0;1;0;0
I hate this calendar app.;synthetic;0;0;0;0;0;0;1;0;0
I hate that these scummy developers prey on people who forget to cancel.;synthetic;0;0;0;0;0;0;1;0;0
I absolutely HATE this garbage app and the developers who clearly don't care about their users.;synthetic;0;0;0;0;0;0;1;0;0
I hate that they keep pushing updates that ruin everything without even testing them first.;synthetic;0;0;0;0;0;0;1;0;0
These greedy, brainless developers have turned a good app into absolute TRASH!;synthetic;0;0;0;0;0;0;1;0;0
The incompetent idiots who built this should be ashamed of themselves.;synthetic;0;0;0;0;0;0;1;0;0
I HATE THIS APP SO MUCH!!!;synthetic;0;0;0;0;0;0;1;0;0
I contacted them five times and got the same pathetic copy-paste response from some clueless robot every single time.;synthetic;0;0;0;0;0;0;1;0;0
What kind of scam are these moronic developers running?!;synthetic;0;0;0;0;0;0;1;0;0
I hate that there's NO way to reach a real human for support.;synthetic;0;0;0;0;0;0;1;0;0
This worthless piece of junk app had ONE job and it couldn't even do that.;synthetic;0;0;0;0;0;0;1;0;0
I hate this app with every fiber of my being and the developers are a bunch of careless fools who don't deserve a single download.;synthetic;0;0;0;0;0;0;1;0;0
I absolutely HATE this garbage app now.;synthetic;0;0;0;0;0;0;1;0;0
I hate that they force you to watch unskippable 30-second ads every two minutes just to use basic features.;synthetic;0;0;0;0;0;0;1;0;0
The developers are completely incompetent fools who clearly don't care about their users.;synthetic;0;0;0;0;0;0;1;0;0
Contacted support and got some braindead copy-paste response that had nothing to do with my issue.;synthetic;0;0;0;0;0;0;1;0;0
WHY DOES THIS APP NEED ACCESS TO MY CONTACTS, CAMERA, AND LOCATION JUST TO PLAY A SIMPLE PUZZLE GAME?!;synthetic;0;0;0;0;0;0;1;0;0
I hate this app with a burning passion.;synthetic;0;0;0;0;0;0;1;0;0
What kind of idiots design a banking app that can't even maintain a session for five minutes?;synthetic;0;0;0;0;0;0;1;0;0
I hate that these scam artists can get away with this on the app store.;synthetic;0;0;0;0;0;0;1;0;0
I HATE that an app I depend on for work can't do the ONE thing it's supposed to do!;synthetic;0;0;0;0;0;0;1;0;0
I had over 200 playlists you incompetent clowns!;synthetic;0;0;0;0;0;0;1;0;0
I absolutely HATE this garbage app!;synthetic;0;0;0;0;0;0;1;0;0
I HATE that they push updates without testing anything first.;synthetic;0;0;0;0;0;0;1;0;0
What kind of brainless idiots decided to shove an ad after every single edit?;synthetic;0;0;0;0;0;0;1;0;0
I hate this worthless excuse for a maps app.;synthetic;0;0;0;0;0;0;1;0;0
ARE YOU KIDDING ME?!;synthetic;0;0;0;0;0;0;1;0;0
I hate this company with a passion.;synthetic;0;0;0;0;0;0;1;0;0
These moronic developers should be FIRED for releasing such dangerous software that plays with people's finances!;synthetic;0;0;0;0;0;0;1;0;0
I hate that they scam people into paying for features that don't even work.;synthetic;0;0;0;0;0;0;1;0;0
I HATE THIS STUPID APP SO MUCH!!!;synthetic;0;0;0;0;0;0;1;0;0
I hate everything about what this app has become.;synthetic;0;0;0;0;0;0;1;0;0
I absolutely HATE this garbage app!;synthetic;0;0;0;0;0;0;1;0;0
I hate that they removed the dark mode without any warning.;synthetic;0;0;0;0;0;0;1;0;0
I CANNOT even crop a photo without being forced to watch a 30-second ad.;synthetic;0;0;0;0;0;0;1;0;0
I've sent five emails and all I get back is some braindead bot copy-pasting the same idiotic template response.;synthetic;0;0;0;0;0;0;1;0;0
I hate this app with a burning passion and I'm telling everyone I know to stay away from it.;synthetic;0;0;0;0;0;0;1;0;0
Fix your broken app you incompetent developers!;synthetic;0;0;0;0;0;0;1;0;0
I hate that they force you to create an account just to use basic features.;synthetic;0;0;0;0;0;0;1;0;0
The developers are absolute clowns who clearly never tested this dumpster fire before releasing it.;synthetic;0;0;0;0;0;0;1;0;0
I hate how aggressively they shove these rating popups in your face!;synthetic;0;0;0;0;0;0;1;0;0
What kind of brainless developer designed this nightmare?;synthetic;0;0;0;0;0;0;1;0;0
I absolutely HATE this garbage app and the developers who clearly don't care about their users.;synthetic;0;0;0;0;0;0;1;0;0
What kind of incompetent idiots push an update without testing it first?;synthetic;0;0;0;0;0;0;1;0;0
I HATE that they removed all the free filters and now want $9.99 a month for basic editing tools.;synthetic;0;0;0;0;0;0;1;0;0
I've sent five emails about my account being locked and all I get back is some brainless bot copy-pasting the same useless FAQ response.;synthetic;0;0;0;0;0;0;1;0;0
Every time I try to save my work, this stupid app crashes and I lose EVERYTHING!!!;synthetic;0;0;0;0;0;0;1;0;0
I hate this messaging app with a burning passion.;synthetic;0;0;0;0;0;0;1;0;0
Moronic developers with zero common sense.;synthetic;0;0;0;0;0;0;1;0;0
I hate that these pathetic money-grabbing developers can get away with selling broken software.;synthetic;0;0;0;0;0;0;1;0;0
I am absolutely LIVID!!!;synthetic;0;0;0;0;0;0;1;0;0
I hate relying on such an unreliable, worthless application.;synthetic;0;0;0;0;0;0;1;0;0
I absolutely HATE when apps pull this greedy bait-and-switch nonsense.;synthetic;0;0;0;0;0;0;1;0;0
I hate this worthless piece of garbage.;synthetic;0;0;0;0;0;0;1;0;0
What kind of incompetent idiots are running this development team?!;synthetic;0;0;0;0;0;0;1;0;0
I HATE that they removed the simple layout that actually worked.;synthetic;0;0;0;0;0;0;1;0;0
I hate this app and the pathetic excuse for customer service they offer.;synthetic;0;0;0;0;0;0;1;0;0
I want my money back from these scamming thieves.;synthetic;0;0;0;0;0;0;1;0;0
FIX YOUR BROKEN NOTIFICATION SYSTEM!;synthetic;0;0;0;0;0;0;1;0;0
I hate these disgusting data-harvesting apps that treat users like products.;synthetic;0;0;0;0;0;0;1;0;0
I am absolutely furious and will never use this garbage again.;synthetic;0;0;0;0;0;0;1;0;0
I hate this app with a burning passion now.;synthetic;0;0;0;0;0;0;1;0;0
I absolutely HATE this garbage update you pushed out.;synthetic;0;0;0;0;0;0;1;0;0
What kind of idiotic developers destroy their own app like this?;synthetic;0;0;0;0;0;0;1;0;0
I hate this app with a passion.;synthetic;0;0;0;0;0;0;1;0;0
The developers should be ashamed of themselves for releasing such a broken, worthless update.;synthetic;0;0;0;0;0;0;1;0;0
I HATE that I paid $9.99 for this useless piece of junk.;synthetic;0;0;0;0;0;0;1;0;0
Stupid, incompetent design team.;synthetic;0;0;0;0;0;0;1;0;0
I hate that they force you to watch a 30-second ad after EVERY SINGLE ACTION in the app.;synthetic;0;0;0;0;0;0;1;0;0
I've sent SEVEN emails about my account being locked and these morons can't even read what I'm writing.;synthetic;0;0;0;0;0;0;1;0;0
I HATE that I wasted my money on this pathetic excuse for an app when free alternatives work ten times better.;synthetic;0;0;0;0;0;0;1;0;0
I am furious that a so-called professional company can release such broken software.;synthetic;0;0;0;0;0;0;1;0;0
I absolutely HATE that they removed the dark mode without any warning.;synthetic;0;0;0;0;0;0;1;0;0
I HATE this useless piece of garbage app!;synthetic;0;0;0;0;0;0;1;0;0
I hate this app with a burning passion and the developers clearly don't give a damn about fixing anything.;synthetic;0;0;0;0;0;0;1;0;0
These greedy, dishonest thieves should be ashamed of themselves!;synthetic;0;0;0;0;0;0;1;0;0
What kind of braindead idiots are running this company?;synthetic;0;0;0;0;0;0;1;0;0
I hate these incompetent developers who can't even handle a simple update without destroying everything.;synthetic;0;0;0;0;0;0;1;0;0
I HATE that they shove this garbage down our throats!!!;synthetic;0;0;0;0;0;0;1;0;0
Stupid worthless app made by people who clearly never tested it in the real world!;synthetic;0;0;0;0;0;0;1;0;0
I hate how these pathetic developers spy on users and sell our data to the highest bidder.;synthetic;0;0;0;0;0;0;1;0;0
I HATE that they pretend to care while doing absolutely nothing to fix the constant login failures!;synthetic;0;0;0;0;0;0;1;0;0
I'm curious though, will there be an option to set custom reminders for each individual habit in a future update?;synthetic;0;0;0;0;0;0;0;1;0
I would love to see a Pomodoro timer built directly into the app so I don't have to switch between multiple tools while working.;synthetic;0;0;0;0;0;0;0;1;0
I'm trying to figure out whether notes saved offline automatically sync once I'm back online, or if I need to manually trigger a sync each time.;synthetic;0;0;0;0;0;0;0;1;0
One thing I keep wondering is whether there will ever be support for multiple currencies in a single account.;synthetic;0;0;0;0;0;0;0;1;0
It would be amazing if you could add the ability to create and share custom workout plans with friends.;synthetic;0;0;0;0;0;0;0;1;0
I'm still trying to understand what happens to my archived notes after 30 days — are they permanently deleted or just stored somewhere else?;synthetic;0;0;0;0;0;0;0;1;0
I hope the developers plan to add sleep tracking integration in a future release.;synthetic;0;0;0;0;0;0;0;1;0
I'm wondering if there's a way to generate a grocery list automatically from selected recipes.;synthetic;0;0;0;0;0;0;0;1;0
Can we get an option to export our reading history as a PDF or CSV file?;synthetic;0;0;0;0;0;0;0;1;0
Something I'd really like to see added is a Gantt chart view so that timelines across tasks and milestones can be visualized more clearly.;synthetic;0;0;0;0;0;0;0;1;0
I'm curious about whether the app will expand its language catalog to include less commonly studied languages like Swahili or Icelandic.;synthetic;0;0;0;0;0;0;0;1;0
I would love a feature that allows mood tracking over time and then generates visual graphs showing mood trends across weeks or months.;synthetic;0;0;0;0;0;0;0;1;0
I keep thinking about whether it would be possible to color-code events by category automatically based on keywords in the title.;synthetic;0;0;0;0;0;0;0;1;0
I'm not sure if collaborative budgets are planned for the future, but it would be incredibly helpful for couples or roommates who share financial responsibilities.;synthetic;0;0;0;0;0;0;0;1;0
One feature I'd propose is the ability to set relationship reminders, like a nudge to reach out to someone you haven't contacted in a while.;synthetic;0;0;0;0;0;0;0;1;0
I'm trying to work out whether the AI enhancement tool works on RAW image files or only on JPEGs.;synthetic;0;0;0;0;0;0;0;1;0
I'm eagerly waiting to see if dark mode will ever come to the tablet version, as it's already available on mobile.;synthetic;0;0;0;0;0;0;0;1;0
I would really appreciate if we could get a feature to import decks directly from a CSV or Excel file rather than having to enter each card manually.;synthetic;0;0;0;0;0;0;0;1;0
I'm wondering whether subtasks can be nested more than one level deep, because for complex projects I sometimes need a hierarchy of three or four levels to properly organize everything.;synthetic;0;0;0;0;0;0;0;1;0
I hope offline maps will be included in a future update for areas with poor connectivity.;synthetic;0;0;0;0;0;0;0;1;0
I'm curious about whether they plan to add integration with Google Fit in future updates.;synthetic;0;0;0;0;0;0;0;1;0
It would be amazing if they could add a feature to export notes directly as PDF files with custom formatting options.;synthetic;0;0;0;0;0;0;0;1;0
One thing I'd love to see is the ability to set recurring reminders based on location rather than just time.;synthetic;0;0;0;0;0;0;0;1;0
I'm wondering though, does the premium version allow you to sync data across multiple devices, or is it still limited to one account per device?;synthetic;0;0;0;0;0;0;0;1;0
I'm trying to understand how the streak system works — does it reset if you skip a day or does it count weekly sessions?;synthetic;0;0;0;0;0;0;0;1;0
A heart rate zone training mode would be an incredible addition for those of us who do interval workouts.;synthetic;0;0;0;0;0;0;0;1;0
I wonder if the developers are considering adding a grocery list feature that auto-generates based on the weekly meal plan you create.;synthetic;0;0;0;0;0;0;0;1;0
Can someone explain how the spaced repetition algorithm decides which words to review and when?;synthetic;0;0;0;0;0;0;0;1;0
Some things I'd like to see in future versions — dark mode support, Gantt chart views, and the ability to assign tasks to team members with deadlines.;synthetic;0;0;0;0;0;0;0;1;0
I would love it if they added the option to create custom filter presets that you could save and reuse across different photos.;synthetic;0;0;0;0;0;0;0;1;0
It would be amazing if they added a widget for the home screen so I can check progress without opening the app.;synthetic;0;0;0;0;0;0;0;1;0
I'm curious whether they plan to integrate with Apple Health in future updates.;synthetic;0;0;0;0;0;0;0;1;0
One thing I'd love to see is the ability to create custom meditation playlists from the existing library.;synthetic;0;0;0;0;0;0;0;1;0
I'm wondering how the shared accounts feature works — can both users edit transactions simultaneously or does one person have to sync first?;synthetic;0;0;0;0;0;0;0;1;0
It would be great if there was an option to generate a weekly meal plan automatically based on dietary preferences.;synthetic;0;0;0;0;0;0;0;1;0
I'm trying to understand though — when you archive a note, does it still count toward the storage limit or is it stored separately?;synthetic;0;0;0;0;0;0;0;1;0
Would love to see a conversation practice mode where you can speak with an AI tutor in real time.;synthetic;0;0;0;0;0;0;0;1;0
I wonder if they're considering adding natural language input so you could type something like 'lunch with Sarah next Tuesday at noon' and it creates the event automatically.;synthetic;0;0;0;0;0;0;0;1;0
Some things I'd like to see in future releases — time tracking per task, recurring task templates, and the ability to export reports as PDF.;synthetic;0;0;0;0;0;0;0;1;0
Does anyone know if the premium version lets you batch edit multiple photos at once or do you still have to process them one by one?;synthetic;0;0;0;0;0;0;0;1;0
It would be great if they could add integration with Google Calendar so I can sync my schedules seamlessly.;synthetic;0;0;0;0;0;0;0;1;0
I'm wondering if they plan to add AI-powered background removal in a future update?;synthetic;0;0;0;0;0;0;0;1;0
One thing I'd love to see is a feature that lets you create custom exercise routines and share them with friends.;synthetic;0;0;0;0;0;0;0;1;0
I'm curious about what the premium tier actually unlocks compared to the free version since the description isn't very clear about that.;synthetic;0;0;0;0;0;0;0;1;0
Can anyone explain what the reconcile button does exactly? I'm not sure if pressing it will change my existing transaction history.;synthetic;0;0;0;0;0;0;0;1;0
A dark mode option would be a perfect addition for nighttime use before bed.;synthetic;0;0;0;0;0;0;0;1;0
I'd like to know if there are plans to support markdown formatting or export to PDF in upcoming releases.;synthetic;0;0;0;0;0;0;0;1;0
I'm trying to figure out how the meal planning feature works with the grocery list — are they supposed to sync automatically or do I need to add items manually?;synthetic;0;0;0;0;0;0;0;1;0
Some features I'd love to see added: offline lesson downloads, a pronunciation checker using the microphone, and progress comparison with friends.;synthetic;0;0;0;0;0;0;0;1;0
I wonder if the developers are considering adding a Kanban board view because that would make project management so much more visual and effective.;synthetic;0;0;0;0;0;0;0;1;0
It would be really cool if they added a widget for the home screen so I can see my progress at a glance.;synthetic;0;0;0;0;0;0;0;1;0
I'm curious whether the developers are planning to add handwriting recognition in a future update, that would make this a must-have for me.;synthetic;0;0;0;0;0;0;0;1;0
One thing I'd love to see is the ability to set custom budget categories and export monthly reports as PDF files.;synthetic;0;0;0;0;0;0;0;1;0
I'm trying to understand how the calorie estimation works when I log a custom meal.;synthetic;0;0;0;0;0;0;0;1;0
I wonder if they'll eventually add sleep story narrations with different voice options.;synthetic;0;0;0;0;0;0;0;1;0
Would love it if there was a feature that could send me alerts when pollen counts are high in my area, since I have allergies.;synthetic;0;0;0;0;0;0;0;1;0
I'm wondering though, is there a way to link shared calendars across different family members' accounts without needing a premium subscription?;synthetic;0;0;0;0;0;0;0;1;0
It would be amazing if they introduced conversation practice with AI so users could simulate real-life dialogues in the target language.;synthetic;0;0;0;0;0;0;0;1;0
Some features I'd like to see in future updates: recurring task templates, team collaboration boards, and the option to attach files directly to tasks.;synthetic;0;0;0;0;0;0;0;1;0
I keep wondering if there's a way to batch edit multiple photos at once because I can't seem to find that option anywhere in the settings.;synthetic;0;0;0;0;0;0;0;1;0
It would be awesome if they added a widget for the home screen so I can see my progress at a glance.;synthetic;0;0;0;0;0;0;0;1;0
I wonder if they're planning to add integration with smartwatches in a future update?;synthetic;0;0;0;0;0;0;0;1;0
I'd love to see a feature where you can collaborate on notes in real-time with other users.;synthetic;0;0;0;0;0;0;0;1;0
Does it auto-deduct on the set date or do I need to confirm each time?;synthetic;0;0;0;0;0;0;0;1;0
Some things I'd like to see in future versions - ability to create custom meditation playlists, offline mode for downloaded sessions, and maybe a sleep tracking feature.;synthetic;0;0;0;0;0;0;0;1;0
I'm curious whether the developers are considering adding AI-powered background removal in an upcoming release.;synthetic;0;0;0;0;0;0;0;1;0
I'm still trying to figure out how shared calendars sync when two people edit the same event simultaneously.;synthetic;0;0;0;0;0;0;0;1;0
It would be great if we could set location-based reminders that trigger when you arrive at a specific place.;synthetic;0;0;0;0;0;0;0;1;0
Can anyone tell me what happens to your streak if you complete a lesson but your phone was offline at the time?;synthetic;0;0;0;0;0;0;0;1;0
I would really appreciate a meal planning feature where you can drag recipes into a weekly schedule and auto-generate a shopping list from that.;synthetic;0;0;0;0;0;0;0;1;0
It would be amazing if they could add a calendar integration so I can see my tasks alongside my schedule.;synthetic;0;0;0;0;0;0;0;1;0
I'm curious whether they plan to add support for swimming workouts in a future update.;synthetic;0;0;0;0;0;0;0;1;0
One thing I'd love to see is the ability to set custom spending categories instead of being limited to the default ones.;synthetic;0;0;0;0;0;0;0;1;0
I'm wondering how the streak system actually works - does it reset if I skip one day or is there a grace period?;synthetic;0;0;0;0;0;0;0;1;0
I'd really appreciate it if they added handwriting recognition for stylus input.;synthetic;0;0;0;0;0;0;0;1;0
Can anyone tell me if the nutrition information accounts for substitutions, or does it only calculate based on the original ingredients listed?;synthetic;0;0;0;0;0;0;0;1;0
I wonder if they're considering adding a conversation practice mode where you can speak with an AI tutor.;synthetic;0;0;0;0;0;0;0;1;0
Some features I'd like to see in future updates - batch editing for multiple photos, custom filter creation, and maybe an option to export in RAW format.;synthetic;0;0;0;0;0;0;0;1;0
I'm trying to understand how the permissions work when you share a board with external collaborators.;synthetic;0;0;0;0;0;0;0;1;0
I'd love for them to incorporate smart alarm functionality that wakes you up during your lightest sleep phase.;synthetic;0;0;0;0;0;0;0;1;0
It would be awesome if they added a dark mode option for nighttime use.;synthetic;0;0;0;0;0;0;0;1;0
I wonder if they're planning to add support for RAW files in a future update?;synthetic;0;0;0;0;0;0;0;1;0
One thing I'd love to see is the ability to set recurring transactions and maybe link multiple bank accounts.;synthetic;0;0;0;0;0;0;0;1;0
I'm curious about how the calorie estimation algorithm works — does it factor in heart rate variability or just step count?;synthetic;0;0;0;0;0;0;0;1;0
A feature that would take it to the next level is integration with Apple Health so I can track my mindfulness minutes alongside other health data.;synthetic;0;0;0;0;0;0;0;1;0
I'm trying to understand though, when you complete a skill tree does it ever reset or do you need to manually practice old lessons to keep them fresh?;synthetic;0;0;0;0;0;0;0;1;0
Would it be possible to add handwriting recognition in a future version?;synthetic;0;0;0;0;0;0;0;1;0
I'd really like to see a meal planning feature where the app automatically generates a shopping list based on selected recipes.;synthetic;0;0;0;0;0;0;0;1;0
I'm wondering how the recommendation engine decides what to suggest next — is it based on listening history or do subscriptions weigh more heavily?;synthetic;0;0;0;0;0;0;0;1;0
It would be really useful if they could add severe weather push notifications for specific saved locations, not just the current one.;synthetic;0;0;0;0;0;0;0;1;0
It would be amazing if they could add a calendar integration so I can see my tasks alongside my schedule.;synthetic;0;0;0;0;0;0;0;1;0
I'm wondering if there are plans to support heart rate variability tracking in a future update?;synthetic;0;0;0;0;0;0;0;1;0
One thing I'd love to see is the ability to set custom savings goals with visual progress indicators.;synthetic;0;0;0;0;0;0;0;1;0
I'm curious whether the developers are considering adding guided sleep stories, because that would really complete the relaxation experience for nighttime use.;synthetic;0;0;0;0;0;0;0;1;0
I'm trying to understand how the meal planning feature is supposed to work with the grocery list — do items automatically get added when I select a recipe for the week, or do I need to do it manually?;synthetic;0;0;0;0;0;0;0;1;0
A few features I'd like to see in upcoming versions: batch editing support, custom filter creation, and the option to export in RAW format.;synthetic;0;0;0;0;0;0;0;1;0
I wonder if they will eventually add support for less common languages like Welsh or Basque — that would really set it apart from competitors.;synthetic;0;0;0;0;0;0;0;1;0
Can anyone tell me if the shared notebooks are supposed to sync in real-time or only when you manually refresh?;synthetic;0;0;0;0;0;0;0;1;0
It would be really cool if they introduced route planning with elevation profiles so runners could prepare for hilly terrain ahead of time.;synthetic;0;0;0;0;0;0;0;1;0
I'd love to see Gantt chart views and dependency tracking between tasks added in a future release — that would make it viable for larger projects too.;synthetic;0;0;0;0;0;0;0;1;0
I wonder if there are plans to add integration with Google Fit in future updates.;synthetic;0;0;0;0;0;0;0;1;0
It would be amazing if they could add a handwriting recognition feature so I could sketch and convert to text.;synthetic;0;0;0;0;0;0;0;1;0
One thing I'm curious about is whether the offline mode saves data locally or if everything is lost when you close the app without internet?;synthetic;0;0;0;0;0;0;0;1;0
I'd love to see a feature where you can set shared budgets with family members and track expenses collaboratively.;synthetic;0;0;0;0;0;0;0;1;0
I'm trying to understand how the streak system works exactly.;synthetic;0;0;0;0;0;0;0;1;0
Some things I'd like to see in future versions: meal planning calendar, automatic grocery list generation, and nutritional breakdowns per serving.;synthetic;0;0;0;0;0;0;0;1;0
I'm wondering if they plan to add support for Apple Watch so I can track my heart rate during sessions without carrying my phone around the gym.;synthetic;0;0;0;0;0;0;0;1;0
Could you guys consider adding a conversation practice mode where users can role-play real-life scenarios with the AI?;synthetic;0;0;0;0;0;0;0;1;0
I can't figure out what the colored dots beneath certain dates represent.;synthetic;0;0;0;0;0;0;0;1;0
It would be great if a batch editing option were added so I could apply the same filter and adjustments to multiple photos at once instead of doing them one by one.;synthetic;0;0;0;0;0;0;0;1;0
It would be awesome if they could add a dark mode option for nighttime use.;synthetic;0;0;0;0;0;0;0;1;0
I wonder if they're planning to integrate with smartwatch data in future updates?;synthetic;0;0;0;0;0;0;0;1;0
I'd love to see a feature where you can set savings goals and track progress toward them visually with charts.;synthetic;0;0;0;0;0;0;0;1;0
Does it automatically back up my data or do I need to manually trigger it each time?;synthetic;0;0;0;0;0;0;0;1;0
Would be great if they added a community feature where users can share their meditation routines and tips with each other.;synthetic;0;0;0;0;0;0;0;1;0
When it says 'serving size adjustable,' does that recalculate all the ingredient amounts automatically or just the nutritional info?;synthetic;0;0;0;0;0;0;0;1;0
A couple of things I'd like to see added: real-time crowding indicators for buses and the ability to save multiple home addresses for different days of the week.;synthetic;0;0;0;0;0;0;0;1;0
I'm trying to understand though, if I share a notebook with someone, can they edit it in real time or do they only get a read-only copy?;synthetic;0;0;0;0;0;0;0;1;0
It would be incredible if they could add a speech recognition feature so the app can evaluate your pronunciation and give feedback in real time.;synthetic;0;0;0;0;0;0;0;1;0
I'm wondering whether future versions will support recurring tasks with custom intervals, like every 3 days or twice a month.;synthetic;0;0;0;0;0;0;0;1;0
It would be amazing if they could add a dark mode option for nighttime use.;synthetic;0;0;0;0;0;0;0;1;0
I'm curious whether they plan to integrate sleep quality analysis in a future update.;synthetic;0;0;0;0;0;0;0;1;0
One thing I'd love to see is the ability to export monthly reports as PDF files.;synthetic;0;0;0;0;0;0;0;1;0
I wonder if there's a way to scale ingredient quantities based on the number of servings, or if that's something they're working on adding?;synthetic;0;0;0;0;0;0;0;1;0
Would it be possible to add a feature where you can set recurring reminders for specific meditation routines throughout the week?;synthetic;0;0;0;0;0;0;0;1;0
I'm trying to understand how the spaced repetition algorithm decides which words to review and when.;synthetic;0;0;0;0;0;0;0;1;0
Some features I'd like to see in future versions: handwriting recognition support, collaborative editing, and the option to embed audio recordings directly into notes.;synthetic;0;0;0;0;0;0;0;1;0
I keep wondering if there are plans to support integration with third-party project management tools like Trello or Asana.;synthetic;0;0;0;0;0;0;0;1;0
Could they consider adding a batch editing mode so I can apply the same adjustments to multiple photos at once?;synthetic;0;0;0;0;0;0;0;1;0
I'm not sure how the shared folder permissions work though — does giving someone edit access also let them delete files, or is that a separate permission level?;synthetic;0;0;0;0;0;0;0;1;0
It would be awesome if they could add integration with Google Calendar so I can see everything in one place.;synthetic;0;0;0;0;0;0;0;1;0
I wonder if they're planning to add a dark mode in future updates?;synthetic;0;0;0;0;0;0;0;1;0
I'd love to see guided sessions for specific situations like pre-interview anxiety or public speaking preparation.;synthetic;0;0;0;0;0;0;0;1;0
Can anyone tell me what happens to my data if I switch from the free plan to premium and then back again?;synthetic;0;0;0;0;0;0;0;1;0
Some things I'd like to see in future versions - meal planning for the whole week, automatic grocery list generation, and nutritional breakdown per serving.;synthetic;0;0;0;0;0;0;0;1;0
I'm curious whether the offline mode actually syncs properly when you reconnect to wifi.;synthetic;0;0;0;0;0;0;0;1;0
I'm wondering if they'll eventually support heart rate monitor pairing from third-party devices.;synthetic;0;0;0;0;0;0;0;1;0
How does the sharing feature work exactly — does the other person need to have the app installed, or can they view shared content through a browser link?;synthetic;0;0;0;0;0;0;0;1;0
It would be great if they added a feature where you could practice conversations with an AI tutor in real time.;synthetic;0;0;0;0;0;0;0;1;0
I'm trying to figure out if there's a way to export my journal entries as a PDF or if that's something they might add later.;synthetic;0;0;0;0;0;0;0;1;0
I'm curious whether they plan to add integration with Google Calendar in future updates.;synthetic;0;0;0;0;0;0;0;1;0
It would be great if they could add a feature to export notes as PDF directly from the app.;synthetic;0;0;0;0;0;0;0;1;0
One thing I'm wondering about is whether the offline mode will sync properly once I reconnect to Wi-Fi, or if I need to do something manually?;synthetic;0;0;0;0;0;0;0;1;0
I'd love to see heart rate zone training added in a future release.;synthetic;0;0;0;0;0;0;0;1;0
I'm trying to understand though, does the premium tier unlock collaborative boards or is that something planned for later?;synthetic;0;0;0;0;0;0;0;1;0
A meal planning feature where you can drag recipes into a weekly calendar would make this absolutely perfect.;synthetic;0;0;0;0;0;0;0;1;0
I wonder if they are considering adding sleep stories or ambient soundscapes for nighttime use.;synthetic;0;0;0;0;0;0;0;1;0
Some things I'd like to see in future updates - ability to set recurring transactions, shared accounts for couples, and maybe a widget for the home screen.;synthetic;0;0;0;0;0;0;0;1;0
Can anyone tell me what happens when you finish all the levels in a course?;synthetic;0;0;0;0;0;0;0;1;0
It would be awesome if they added batch editing so I could apply the same filter and adjustments across multiple photos at once.;synthetic;0;0;0;0;0;0;0;1;0
I'm curious whether they plan to add integration with Google Fit in the future.;synthetic;0;0;0;0;0;0;0;1;0
It would be great if they could add a feature to split expenses with friends directly within the app.;synthetic;0;0;0;0;0;0;0;1;0
I wonder if there's a way to export my data to a CSV file, or if that's something they might add later on?;synthetic;0;0;0;0;0;0;0;1;0
I'd love to see a sleep stories section added at some point, maybe with different narrator voices to choose from.;synthetic;0;0;0;0;0;0;0;1;0
If I delete one instance, does it affect the whole series or just that single occurrence?;synthetic;0;0;0;0;0;0;0;1;0
Some things I'd like to see in future updates - dark mode for AMOLED screens, widget support, and the ability to attach files to individual tasks.;synthetic;0;0;0;0;0;0;0;1;0
I'm wondering if the developers are considering adding AI-powered background removal, because that would really set this apart from competitors.;synthetic;0;0;0;0;0;0;0;1;0
Can someone explain what happens to my saved routes if I switch to the premium plan and then cancel later?;synthetic;0;0;0;0;0;0;0;1;0
It would be awesome if they added a grocery list generator that automatically pulls ingredients from the recipes I've selected for the week.;synthetic;0;0;0;0;0;0;0;1;0
I'm trying to figure out whether practicing with the speech recognition feature actually counts toward the daily streak or if only the written exercises do?;synthetic;0;0;0;0;0;0;0;1;0
It would be amazing if they added handwriting recognition support in a future update.;synthetic;0;0;0;0;0;0;0;1;0
I'm curious whether they plan to integrate with Apple Health and Google Fit in upcoming versions.;synthetic;0;0;0;0;0;0;0;1;0
One thing I'd love to see is the ability to set recurring custom budget categories that reset monthly.;synthetic;0;0;0;0;0;0;0;1;0
I wonder if there's a way to export my session history to a spreadsheet or something?;synthetic;0;0;0;0;0;0;0;1;0
Would it be possible to add a meal planning feature where you can drag and drop recipes into a weekly calendar?;synthetic;0;0;0;0;0;0;0;1;0
I'm wondering what happens to my data if I switch from the free tier to premium and then cancel later — does everything stay or get deleted?;synthetic;0;0;0;0;0;0;0;1;0
A feature I'd really like to see added is batch editing so I can apply the same filter to multiple photos at once.;synthetic;0;0;0;0;0;0;0;1;0
I'm trying to figure out how the spaced repetition algorithm decides which words to review and when, because sometimes it feels random.;synthetic;0;0;0;0;0;0;0;1;0
Are there any plans for something like that in future releases?;synthetic;0;0;0;0;0;0;0;1;0
Also wondering if offline mode will support higher quality downloads in the future.;synthetic;0;0;0;0;0;0;0;1;0
It would be amazing if they could add a collaborative workspace where multiple users can edit the same document in real time.;synthetic;0;0;0;0;0;0;0;1;0
I'm wondering if there are plans to include guided sleep meditations in a future update?;synthetic;0;0;0;0;0;0;0;1;0
One thing I'd really like to see is the ability to set custom budget categories and export monthly summaries as PDF files.;synthetic;0;0;0;0;0;0;0;1;0
I'm curious about how the calorie calculation algorithm works though — does it factor in heart rate variability or just basic step count?;synthetic;0;0;0;0;0;0;0;1;0
A meal planning feature with automatic grocery list generation would make this absolutely perfect.;synthetic;0;0;0;0;0;0;0;1;0
I'm trying to figure out if it covers missed days retroactively or only going forward.;synthetic;0;0;0;0;0;0;0;1;0
I'd love to see an option to batch edit multiple photos at once with the same preset applied.;synthetic;0;0;0;0;0;0;0;1;0
I'm wondering what happens to recurring tasks if you archive a project — do they continue to generate or do they stop completely?;synthetic;0;0;0;0;0;0;0;1;0
It would be great if the developers could integrate a built-in voice-to-text transcription feature so I can capture ideas while driving.;synthetic;0;0;0;0;0;0;0;1;0
I'd like to know if there are any plans to add severe weather push notifications for specific saved locations.;synthetic;0;0;0;0;0;0;0;1;0
I'm curious whether they plan to add integration with Google Fit in future updates.;synthetic;0;0;0;0;0;0;0;1;0
It would be amazing if they could add a Kanban board view for organizing projects visually.;synthetic;0;0;0;0;0;0;0;1;0
One thing I'm wondering is whether the sync feature works across multiple devices or just between phone and tablet?;synthetic;0;0;0;0;0;0;0;1;0
I'd love to see a feature where you can create custom meditation sequences by combining different ambient sounds and guided sessions together.;synthetic;0;0;0;0;0;0;0;1;0
I'm trying to understand how the recurring transactions work though — do they automatically adjust if a payment date falls on a weekend or holiday?;synthetic;0;0;0;0;0;0;0;1;0
It would be great if the app could eventually support heart rate zone training with alerts when you go above or below your target zone.;synthetic;0;0;0;0;0;0;0;1;0
I wonder if there are plans to add a meal prep mode where you can scale recipes for the whole week and generate a consolidated shopping list automatically.;synthetic;0;0;0;0;0;0;0;1;0
Some features I'd like to see in upcoming versions: handwriting-to-text conversion, the ability to embed audio recordings within notes, and better PDF annotation tools.;synthetic;0;0;0;0;0;0;0;1;0
I'm not sure how the privacy settings actually work — does blocking someone also prevent them from seeing my past comments, or just future interactions?;synthetic;0;0;0;0;0;0;0;1;0
I'm looking forward to seeing if they'll add conversation practice with AI chatbots in future updates, as that could really help bridge the gap between vocabulary drills and real-world speaking.;synthetic;0;0;0;0;0;0;0;1;0
I wonder if there are plans to add integration with Google Calendar in future updates.;synthetic;0;0;0;0;0;0;0;1;0
It would be amazing if you could add a batch editing feature where I can apply the same filter to multiple photos at once.;synthetic;0;0;0;0;0;0;0;1;0
I'm curious whether the developers are considering adding guided sleep stories as part of the free tier.;synthetic;0;0;0;0;0;0;0;1;0
I'm trying to understand how the calorie estimation algorithm works — does it factor in heart rate variability or just basic step count?;synthetic;0;0;0;0;0;0;0;1;0
Some things I'd love to see in future versions: a shared household budget mode, recurring transaction templates, and maybe a widget for the home screen.;synthetic;0;0;0;0;0;0;0;1;0
I would really appreciate it if they added handwriting recognition support for stylus users on tablets.;synthetic;0;0;0;0;0;0;0;1;0
One thing I keep wondering about is whether streaks reset at midnight local time or based on a 24-hour rolling window?;synthetic;0;0;0;0;0;0;0;1;0
It would be great if there was an option to automatically generate a grocery list from selected recipes for the week.;synthetic;0;0;0;0;0;0;0;1;0
I'm wondering if they plan to add a conversation practice mode with AI so we can simulate real dialogues in the target language.;synthetic;0;0;0;0;0;0;0;1;0
Can anyone clarify what happens to archived tasks — are they permanently stored or do they get deleted after a certain period?;synthetic;0;0;0;0;0;0;0;1;0
It would be great if they could add a calendar integration so I can see my tasks alongside my schedule.;synthetic;0;0;0;0;0;0;0;1;0
I'm wondering if there are plans to support heart rate variability tracking in future updates?;synthetic;0;0;0;0;0;0;0;1;0
One thing I'd love to see is the ability to set custom categories for recurring expenses rather than relying on the preset ones.;synthetic;0;0;0;0;0;0;0;1;0
I'm curious whether the developers are considering adding guided sleep stories, because that would really complete the experience for nighttime use.;synthetic;0;0;0;0;0;0;0;1;0
I'm trying to figure out how the meal planning feature is supposed to work with the grocery list.;synthetic;0;0;0;0;0;0;0;1;0
Would love to see a dark mode option and maybe support for markdown formatting in a future release.;synthetic;0;0;0;0;0;0;0;1;0
I wonder if they plan to add a conversation practice mode where you can speak with an AI tutor?;synthetic;0;0;0;0;0;0;0;1;0
One feature I'd really like to see added is batch editing, so I could apply the same filters and adjustments across multiple photos at once.;synthetic;0;0;0;0;0;0;0;1;0
I'm not sure how the permission levels work when sharing boards with external collaborators.;synthetic;0;0;0;0;0;0;0;1;0
It would be awesome if there was an option to create collaborative playlists with friends so we could share and queue episodes together.;synthetic;0;0;0;0;0;0;0;1;0
The main menu has five tabs at the bottom.;synthetic;0;0;0;0;0;0;0;0;1
It requires iOS 15 or later.;synthetic;0;0;0;0;0;0;0;0;1
The latest version is 3.2.1 and was released on June 10th.;synthetic;0;0;0;0;0;0;0;0;1
The app tracks steps, calories, and sleep duration.;synthetic;0;0;0;0;0;0;0;0;1
It also includes a cropping tool.;synthetic;0;0;0;0;0;0;0;0;1
You can filter results by cuisine type.;synthetic;0;0;0;0;0;0;0;0;1
The file size is about 120 MB.;synthetic;0;0;0;0;0;0;0;0;1
There is an option to customize notification times in the settings.;synthetic;0;0;0;0;0;0;0;0;1
The temperature is shown in both Celsius and Fahrenheit.;synthetic;0;0;0;0;0;0;0;0;1
The app supports multiple languages including English, Spanish, and French.;synthetic;0;0;0;0;0;0;0;0;1
It now has a new layout for the settings page.;synthetic;0;0;0;0;0;0;0;0;1
It is available on both iOS and Android.;synthetic;0;0;0;0;0;0;0;0;1
The app requires version 12 or higher to run.;synthetic;0;0;0;0;0;0;0;0;1
The app size is about 150 MB.;synthetic;0;0;0;0;0;0;0;0;1
The latest version was released on March 5th.;synthetic;0;0;0;0;0;0;0;0;1
It includes filters, cropping tools, and text overlays.;synthetic;0;0;0;0;0;0;0;0;1
The app has a dark mode option.;synthetic;0;0;0;0;0;0;0;0;1
The registration process asks for your name, email, and date of birth.;synthetic;0;0;0;0;0;0;0;0;1
There are three subscription tiers available.;synthetic;0;0;0;0;0;0;0;0;1
The app was developed by a company based in Berlin.;synthetic;0;0;0;0;0;0;0;0;1
The main screen has a new layout with three tabs at the bottom.;synthetic;0;0;0;0;0;0;0;0;1
It supports multiple currencies.;synthetic;0;0;0;0;0;0;0;0;1
The file size is about 120 MB.;synthetic;0;0;0;0;0;0;0;0;1
The latest version was released on March 15th.;synthetic;0;0;0;0;0;0;0;0;1
This is a photo editing app with several built-in filters.;synthetic;0;0;0;0;0;0;0;0;1
The app requires an internet connection to function.;synthetic;0;0;0;0;0;0;0;0;1
The app sends notifications twice a day.;synthetic;0;0;0;0;0;0;0;0;1
The app is available on both iOS and Android.;synthetic;0;0;0;0;0;0;0;0;1
There's a free version and a premium version priced at $4.99 per month.;synthetic;0;0;0;0;0;0;0;0;1
The settings menu has options for language, theme, and notification preferences.;synthetic;0;0;0;0;0;0;0;0;1
The main screen has a new layout with three tabs at the bottom.;synthetic;0;0;0;0;0;0;0;0;1
It requires iOS 15 or later to run.;synthetic;0;0;0;0;0;0;0;0;1
The forecast updates every six hours.;synthetic;0;0;0;0;0;0;0;0;1
The app is 124 MB in size.;synthetic;0;0;0;0;0;0;0;0;1
There are currently 30 guided sessions available in the library.;synthetic;0;0;0;0;0;0;0;0;1
The latest version was released on March 12, 2024.;synthetic;0;0;0;0;0;0;0;0;1
It supports both dark mode and light mode.;synthetic;0;0;0;0;0;0;0;0;1
You can export your data as a CSV file.;synthetic;0;0;0;0;0;0;0;0;1
Episodes can be downloaded for offline listening.;synthetic;0;0;0;0;0;0;0;0;1
It lists the restaurant name, distance, and average rating.;synthetic;0;0;0;0;0;0;0;0;1
The main menu has five tabs at the bottom.;synthetic;0;0;0;0;0;0;0;0;1
It requires Android 12 or higher.;synthetic;0;0;0;0;0;0;0;0;1
The latest version is 3.2.1 and was released on June 5th.;synthetic;0;0;0;0;0;0;0;0;1
The interface uses a blue and white color palette.;synthetic;0;0;0;0;0;0;0;0;1
The app syncs data with the watch via Bluetooth.;synthetic;0;0;0;0;0;0;0;0;1
The premium version costs $4.99 per month.;synthetic;0;0;0;0;0;0;0;0;1
The app sends reminders at scheduled intervals.;synthetic;0;0;0;0;0;0;0;0;1
Items can be organized into different categories.;synthetic;0;0;0;0;0;0;0;0;1
The app was founded in 2019 and is based in San Francisco.;synthetic;0;0;0;0;0;0;0;0;1
After the update, the file size increased to 85 MB.;synthetic;0;0;0;0;0;0;0;0;1
The main menu has five tabs at the bottom.;synthetic;0;0;0;0;0;0;0;0;1
It requires iOS 15 or later.;synthetic;0;0;0;0;0;0;0;0;1
The latest version is 3.2.1 and was released on June 10th.;synthetic;0;0;0;0;0;0;0;0;1
The app tracks steps, calories, and sleep duration.;synthetic;0;0;0;0;0;0;0;0;1
There are about 30 filters available in the free version.;synthetic;0;0;0;0;0;0;0;0;1
The app uses cloud storage to sync data across devices.;synthetic;0;0;0;0;0;0;0;0;1
I checked the app size and it takes up 245 MB on my phone.;synthetic;0;0;0;0;0;0;0;0;1
The subscription costs $9.99 per month or $79.99 per year.;synthetic;0;0;0;0;0;0;0;0;1
The app supports English, Spanish, and French languages.;synthetic;0;0;0;0;0;0;0;0;1
You can choose between sound, vibration, or silent alerts.;synthetic;0;0;0;0;0;0;0;0;1
The main menu has five tabs at the bottom.;synthetic;0;0;0;0;0;0;0;0;1
It requires iOS 15 or later.;synthetic;0;0;0;0;0;0;0;0;1
The app size is about 120 MB after installation.;synthetic;0;0;0;0;0;0;0;0;1
The app syncs data via Bluetooth.;synthetic;0;0;0;0;0;0;0;0;1
The latest version was released on March 12th.;synthetic;0;0;0;0;0;0;0;0;1
This is a food delivery app available in 30 cities.;synthetic;0;0;0;0;0;0;0;0;1
The app offers both free and premium subscription plans.;synthetic;0;0;0;0;0;0;0;0;1
It supports calendar integration with Google and Outlook.;synthetic;0;0;0;0;0;0;0;0;1
The app has a dark mode and a light mode.;synthetic;0;0;0;0;0;0;0;0;1
This weather app provides hourly and weekly forecasts.;synthetic;0;0;0;0;0;0;0;0;1
It requires iOS 16 or later to run.;synthetic;0;0;0;0;0;0;0;0;1
The app size is approximately 120 MB.;synthetic;0;0;0;0;0;0;0;0;1
The latest version was released on June 5th.;synthetic;0;0;0;0;0;0;0;0;1
It syncs with Apple Health and Google Fit.;synthetic;0;0;0;0;0;0;0;0;1
The app offers both a free and a premium subscription plan.;synthetic;0;0;0;0;0;0;0;0;1
The app displays temperature in both Celsius and Fahrenheit.;synthetic;0;0;0;0;0;0;0;0;1
The navigation app uses GPS to track your location.;synthetic;0;0;0;0;0;0;0;0;1
The app supports text, voice, and video messaging.;synthetic;0;0;0;0;0;0;0;0;1
The game has 50 levels across 5 different worlds.;synthetic;0;0;0;0;0;0;0;0;1
The app was developed by a company based in Berlin.;synthetic;0;0;0;0;0;0;0;0;1
The main screen has a new layout with three tabs at the bottom.;synthetic;0;0;0;0;0;0;0;0;1
It requires an internet connection to function.;synthetic;0;0;0;0;0;0;0;0;1
The file size is approximately 85 megabytes.;synthetic;0;0;0;0;0;0;0;0;1
The latest version is 4.2.1 and was released on March 10th.;synthetic;0;0;0;0;0;0;0;0;1
The interface is available in twelve languages.;synthetic;0;0;0;0;0;0;0;0;1
The app tracks steps, calories, and sleep patterns.;synthetic;0;0;0;0;0;0;0;0;1
It supports PNG and JPEG formats.;synthetic;0;0;0;0;0;0;0;0;1
You can log in using your email or a Google account.;synthetic;0;0;0;0;0;0;0;0;1
The app was developed by a company based in Berlin.;synthetic;0;0;0;0;0;0;0;0;1
The payment options include credit card and PayPal.;synthetic;0;0;0;0;0;0;0;0;1
It requires iOS 16 or later.;synthetic;0;0;0;0;0;0;0;0;1
The app was released in 2021.;synthetic;0;0;0;0;0;0;0;0;1
The file size is about 120 MB.;synthetic;0;0;0;0;0;0;0;0;1
The app has a dark mode and a light mode.;synthetic;0;0;0;0;0;0;0;0;1
The latest version is 4.2.1.;synthetic;0;0;0;0;0;0;0;0;1
The temperature is displayed in both Celsius and Fahrenheit.;synthetic;0;0;0;0;0;0;0;0;1
The basic plan costs $2.99 per month.;synthetic;0;0;0;0;0;0;0;0;1
It contains over 200 guided sessions.;synthetic;0;0;0;0;0;0;0;0;1
Maps can be downloaded for individual regions.;synthetic;0;0;0;0;0;0;0;0;1
The app syncs with Apple Watch and Fitbit devices.;synthetic;0;0;0;0;0;0;0;0;1
The main menu has five tabs at the bottom.;synthetic;0;0;0;0;0;0;0;0;1
It requires iOS 15 or later.;synthetic;0;0;0;0;0;0;0;0;1
The app shows bus arrival times and route maps.;synthetic;0;0;0;0;0;0;0;0;1
The latest version is 4.2.1 and was released on March 10th.;synthetic;0;0;0;0;0;0;0;0;1
It supports both JPEG and PNG formats.;synthetic;0;0;0;0;0;0;0;0;1
The app displays temperature in both Celsius and Fahrenheit.;synthetic;0;0;0;0;0;0;0;0;1
There is a section for scanning receipts.;synthetic;0;0;0;0;0;0;0;0;1
Each session ranges from 5 to 30 minutes.;synthetic;0;0;0;0;0;0;0;0;1
The app size is approximately 85 MB.;synthetic;0;0;0;0;0;0;0;0;1
The dashboard shows steps, heart rate, and calories burned.;synthetic;0;0;0;0;0;0;0;0;1
It requires iOS 15 or later to run.;synthetic;0;0;0;0;0;0;0;0;1
The app uses cloud storage to sync data across devices.;synthetic;0;0;0;0;0;0;0;0;1
The file size is approximately 120 MB.;synthetic;0;0;0;0;0;0;0;0;1
There are five tabs on the main screen.;synthetic;0;0;0;0;0;0;0;0;1
The app supports both JPEG and PNG formats.;synthetic;0;0;0;0;0;0;0;0;1
The subscription plans include monthly and annual options.;synthetic;0;0;0;0;0;0;0;0;1
It was developed by a company based in Berlin.;synthetic;0;0;0;0;0;0;0;0;1
The temperature can be displayed in Celsius or Fahrenheit.;synthetic;0;0;0;0;0;0;0;0;1
The settings menu contains about twelve different options.;synthetic;0;0;0;0;0;0;0;0;1
The data is stored locally on the device.;synthetic;0;0;0;0;0;0;0;0;1
The main menu is located at the bottom of the screen.;synthetic;0;0;0;0;0;0;0;0;1
It requires iOS 15 or later.;synthetic;0;0;0;0;0;0;0;0;1
The app size is about 120 MB after installation.;synthetic;0;0;0;0;0;0;0;0;1
The app sends notifications twice a day.;synthetic;0;0;0;0;0;0;0;0;1
The filters are applied in real time.;synthetic;0;0;0;0;0;0;0;0;1
It tracks steps, calories, and sleep patterns.;synthetic;0;0;0;0;0;0;0;0;1
The latest version was released on March 10th.;synthetic;0;0;0;0;0;0;0;0;1
The free version allows up to 50 notes.;synthetic;0;0;0;0;0;0;0;0;1
The app supports both English and Spanish languages.;synthetic;0;0;0;0;0;0;0;0;1
There are five tabs at the top of the screen.;synthetic;0;0;0;0;0;0;0;0;1
The main menu has five tabs at the bottom.;synthetic;0;0;0;0;0;0;0;0;1
It requires iOS 15 or later to run.;synthetic;0;0;0;0;0;0;0;0;1
The app size is approximately 120 MB.;synthetic;0;0;0;0;0;0;0;0;1
The latest version was released on March 10th.;synthetic;0;0;0;0;0;0;0;0;1
The free version includes 12 filters.;synthetic;0;0;0;0;0;0;0;0;1
The subscription costs $4.99 per month.;synthetic;0;0;0;0;0;0;0;0;1
You can set reminders at custom intervals throughout the day.;synthetic;0;0;0;0;0;0;0;0;1
The settings page has options for notifications, language, and account management.;synthetic;0;0;0;0;0;0;0;0;1
The app was developed by a company based in Berlin.;synthetic;0;0;0;0;0;0;0;0;1
It displays temperature in both Celsius and Fahrenheit.;synthetic;0;0;0;0;0;0;0;0;1
The main menu has five tabs at the bottom.;synthetic;0;0;0;0;0;0;0;0;1
It requires Android 12 or higher.;synthetic;0;0;0;0;0;0;0;0;1
The latest version is 4.2.1 and was released on June 3rd.;synthetic;0;0;0;0;0;0;0;0;1
The default goal is set to 8 glasses.;synthetic;0;0;0;0;0;0;0;0;1
It supports both metric and imperial units.;synthetic;0;0;0;0;0;0;0;0;1
The file size is approximately 85 MB.;synthetic;0;0;0;0;0;0;0;0;1
Transactions can be exported as CSV files.;synthetic;0;0;0;0;0;0;0;0;1
The premium version costs $4.99 per month.;synthetic;0;0;0;0;0;0;0;0;1
Notes are organized into folders and subfolders.;synthetic;0;0;0;0;0;0;0;0;1
You can adjust the notification schedule in settings.;synthetic;0;0;0;0;0;0;0;0;1
The main screen has a blue background with white icons.;synthetic;0;0;0;0;0;0;0;0;1
It requires iOS 15 or later to run.;synthetic;0;0;0;0;0;0;0;0;1
The app size is approximately 120 MB.;synthetic;0;0;0;0;0;0;0;0;1
It was released in 2022.;synthetic;0;0;0;0;0;0;0;0;1
The latest version is 4.2.1.;synthetic;0;0;0;0;0;0;0;0;1
You can log in using your email or social media accounts.;synthetic;0;0;0;0;0;0;0;0;1
The premium version costs $9.99 per month.;synthetic;0;0;0;0;0;0;0;0;1
Notifications can be customized in the settings panel.;synthetic;0;0;0;0;0;0;0;0;1
The app supports English, Spanish, and French.;synthetic;0;0;0;0;0;0;0;0;1
The home screen displays five main categories.;synthetic;0;0;0;0;0;0;0;0;1
It requires iOS 15 or later to run.;synthetic;0;0;0;0;0;0;0;0;1
The app offers both free and premium subscription tiers.;synthetic;0;0;0;0;0;0;0;0;1
The file size is approximately 120 MB.;synthetic;0;0;0;0;0;0;0;0;1
It syncs with Apple Health and Google Fit.;synthetic;0;0;0;0;0;0;0;0;1
The latest version is 4.2.1 released on March 10th.;synthetic;0;0;0;0;0;0;0;0;1
The app uses end-to-end encryption for stored data.;synthetic;0;0;0;0;0;0;0;0;1
The app has a built-in calculator and unit converter.;synthetic;0;0;0;0;0;0;0;0;1
It provides hourly and 10-day forecasts.;synthetic;0;0;0;0;0;0;0;0;1
The game includes 50 levels across 5 different worlds.;synthetic;0;0;0;0;0;0;0;0;1
The app is available in 12 languages.;synthetic;0;0;0;0;0;0;0;0;1
The main menu has five tabs at the bottom.;synthetic;0;0;0;0;0;0;0;0;1
It requires an email address to sign up.;synthetic;0;0;0;0;0;0;0;0;1
The app is about 120 MB in size.;synthetic;0;0;0;0;0;0;0;0;1
The update included a dark mode option.;synthetic;0;0;0;0;0;0;0;0;1
There are approximately 30 filters available in the free version.;synthetic;0;0;0;0;0;0;0;0;1
Notifications can be customized in the settings menu.;synthetic;0;0;0;0;0;0;0;0;1
The store locator feature uses GPS to find nearby locations.;synthetic;0;0;0;0;0;0;0;0;1
The app supports multiple languages including English, Spanish, and French.;synthetic;0;0;0;0;0;0;0;0;1
The voice guidance is provided by different instructors.;synthetic;0;0;0;0;0;0;0;0;1
Transaction history is stored for up to 12 months.;synthetic;0;0;0;0;0;0;0;0;1
It requires iOS 16 or later to run.;synthetic;0;0;0;0;0;0;0;0;1
The app size is approximately 120 MB.;synthetic;0;0;0;0;0;0;0;0;1
It shows temperature in both Celsius and Fahrenheit.;synthetic;0;0;0;0;0;0;0;0;1
It has filters, cropping tools, and text overlay options.;synthetic;0;0;0;0;0;0;0;0;1
The latest version was released on May 10th.;synthetic;0;0;0;0;0;0;0;0;1
The notes sync across devices.;synthetic;0;0;0;0;0;0;0;0;1
Transactions can be exported as CSV files.;synthetic;0;0;0;0;0;0;0;0;1
The premium version costs $4.99 per month.;synthetic;0;0;0;0;0;0;0;0;1
The dashboard displays steps, heart rate, and calories burned.;synthetic;0;0;0;0;0;0;0;0;1
The app supports English, Spanish, and French languages.;synthetic;0;0;0;0;0;0;0;0;1
The main screen has a new layout with three tabs at the bottom.;synthetic;0;0;0;0;0;0;0;0;1
It requires iOS 15 or higher to run.;synthetic;0;0;0;0;0;0;0;0;1
The forecast updates every six hours.;synthetic;0;0;0;0;0;0;0;0;1
The app is 45 MB in size.;synthetic;0;0;0;0;0;0;0;0;1
The latest version is 3.2.1 and was released on Monday.;synthetic;0;0;0;0;0;0;0;0;1
It includes about 30 different filter options.;synthetic;0;0;0;0;0;0;0;0;1
You can sign in with Google or Apple ID.;synthetic;0;0;0;0;0;0;0;0;1
The premium version costs $4.99 per month.;synthetic;0;0;0;0;0;0;0;0;1
The app supports both English and Spanish languages.;synthetic;0;0;0;0;0;0;0;0;1
The app is available on both Android and iOS platforms.;synthetic;0;0;0;0;0;0;0;0;1
It now has a new layout with different icons on the home screen.;synthetic;0;0;0;0;0;0;0;0;1
It requires iOS 15 or later to run.;synthetic;0;0;0;0;0;0;0;0;1
The app is about 120 MB in size.;synthetic;0;0;0;0;0;0;0;0;1
Version 3.2 was released on March 10th.;synthetic;0;0;0;0;0;0;0;0;1
The interface uses a dark theme by default.;synthetic;0;0;0;0;0;0;0;0;1
The app sends notifications twice a day.;synthetic;0;0;0;0;0;0;0;0;1
The app connects to Google Calendar for scheduling.;synthetic;0;0;0;0;0;0;0;0;1
The premium costs $4.99 per month.;synthetic;0;0;0;0;0;0;0;0;1
The app supports both English and Spanish languages.;synthetic;0;0;0;0;0;0;0;0;1
The main screen shows your recent activity.;synthetic;0;0;0;0;0;0;0;0;1
It requires iOS 15 or later to run.;synthetic;0;0;0;0;0;0;0;0;1
The app size is approximately 120 MB.;synthetic;0;0;0;0;0;0;0;0;1
The latest version was released on June 3rd.;synthetic;0;0;0;0;0;0;0;0;1
It supports both Android and iOS platforms.;synthetic;0;0;0;0;0;0;0;0;1
The app has a dark mode and a light mode.;synthetic;0;0;0;0;0;0;0;0;1
It tracks steps, calories, and sleep patterns.;synthetic;0;0;0;0;0;0;0;0;1
The application allows users to create up to five profiles.;synthetic;0;0;0;0;0;0;0;0;1
The app uses two-factor authentication for login.;synthetic;0;0;0;0;0;0;0;0;1
The data is sourced from the National Weather Service.;synthetic;0;0;0;0;0;0;0;0;1
You can upgrade to premium for $4.99 per month.;synthetic;0;0;0;0;0;0;0;0;1
The main menu has five tabs at the bottom.;synthetic;0;0;0;0;0;0;0;0;1
It requires iOS 15 or later.;synthetic;0;0;0;0;0;0;0;0;1
The app size is approximately 120 MB.;synthetic;0;0;0;0;0;0;0;0;1
The latest version was released on March 10th.;synthetic;0;0;0;0;0;0;0;0;1
It sends notifications every two hours.;synthetic;0;0;0;0;0;0;0;0;1
The subscription costs $4.99 per month.;synthetic;0;0;0;0;0;0;0;0;1
The app supports both English and Spanish languages.;synthetic;0;0;0;0;0;0;0;0;1
The app stores data locally on the device.;synthetic;0;0;0;0;0;0;0;0;1
The app is developed by GreenTech Solutions.;synthetic;0;0;0;0;0;0;0;0;1
The dashboard displays steps, calories, and heart rate.;synthetic;0;0;0;0;0;0;0;0;1
It now has a new icon on the home screen.;synthetic;0;0;0;0;0;0;0;0;1
It requires an internet connection to function.;synthetic;0;0;0;0;0;0;0;0;1
The latest version is 4.2.1.;synthetic;0;0;0;0;0;0;0;0;1
This app allows users to track their daily water intake.;synthetic;0;0;0;0;0;0;0;0;1
The app size is around 85 MB.;synthetic;0;0;0;0;0;0;0;0;1
The registration process asks for your name, email, and date of birth.;synthetic;0;0;0;0;0;0;0;0;1
The app has a dark mode and a light mode.;synthetic;0;0;0;0;0;0;0;0;1
There are three subscription tiers available.;synthetic;0;0;0;0;0;0;0;0;1
The app was developed by a company based in Berlin.;synthetic;0;0;0;0;0;0;0;0;1
You can swipe left to access settings.;synthetic;0;0;0;0;0;0;0;0;1
The main menu is on the left side.;synthetic;0;0;0;0;0;0;0;0;1
It is available on both iOS and Android.;synthetic;0;0;0;0;0;0;0;0;1
The app requires an internet connection to function.;synthetic;0;0;0;0;0;0;0;0;1
Version 3.2 was released on March 15th.;synthetic;0;0;0;0;0;0;0;0;1
The app size is about 120 MB after installation.;synthetic;0;0;0;0;0;0;0;0;1
The settings page has five different tabs.;synthetic;0;0;0;0;0;0;0;0;1
The app supports multiple languages including English, Spanish, and French.;synthetic;0;0;0;0;0;0;0;0;1
The premium version costs $4.99 per month.;synthetic;0;0;0;0;0;0;0;0;1
The notification system sends alerts every few hours.;synthetic;0;0;0;0;0;0;0;0;1
This app was developed by a company based in Berlin.;synthetic;0;0;0;0;0;0;0;0;1
The main menu is on the left side.;synthetic;0;0;0;0;0;0;0;0;1
It is available on both iOS and Android.;synthetic;0;0;0;0;0;0;0;0;1
The latest version is 4.2.1.;synthetic;0;0;0;0;0;0;0;0;1
This app requires an internet connection to function.;synthetic;0;0;0;0;0;0;0;0;1
The app records steps, calories, and sleep data.;synthetic;0;0;0;0;0;0;0;0;1
The app size is about 120 MB.;synthetic;0;0;0;0;0;0;0;0;1
The subscription costs $9.99 per month.;synthetic;0;0;0;0;0;0;0;0;1
The app was developed by a company based in Berlin.;synthetic;0;0;0;0;0;0;0;0;1
There are three different themes to choose from in settings.;synthetic;0;0;0;0;0;0;0;0;1
The app supports English, Spanish, and French.;synthetic;0;0;0;0;0;0;0;0;1
The main menu has five tabs at the bottom.;synthetic;0;0;0;0;0;0;0;0;1
It is approximately 45 megabytes in size.;synthetic;0;0;0;0;0;0;0;0;1
The latest version is 3.2.1 and was released on March 10th.;synthetic;0;0;0;0;0;0;0;0;1
This app requires an internet connection to function.;synthetic;0;0;0;0;0;0;0;0;1
The premium version costs $4.99 per month.;synthetic;0;0;0;0;0;0;0;0;1
The app supports both Android and iOS platforms.;synthetic;0;0;0;0;0;0;0;0;1
The color scheme changed from blue to green.;synthetic;0;0;0;0;0;0;0;0;1
The app sends notifications twice a day, once in the morning and once in the evening.;synthetic;0;0;0;0;0;0;0;0;1
The file export options include PNG and JPEG.;synthetic;0;0;0;0;0;0;0;0;1
It has been downloaded over one million times.;synthetic;0;0;0;0;0;0;0;0;1
The main menu has five tabs at the bottom.;synthetic;0;0;0;0;0;0;0;0;1
It is a photo editing application.;synthetic;0;0;0;0;0;0;0;0;1
The latest version is 3.2.1 and was released on March 15th.;synthetic;0;0;0;0;0;0;0;0;1
The app records steps, calories, and sleep data.;synthetic;0;0;0;0;0;0;0;0;1
It also shows humidity and wind speed.;synthetic;0;0;0;0;0;0;0;0;1
The app requires an internet connection to function.;synthetic;0;0;0;0;0;0;0;0;1
The app offers both free and paid tiers.;synthetic;0;0;0;0;0;0;0;0;1
I checked and it takes up about 200 MB of storage.;synthetic;0;0;0;0;0;0;0;0;1
Notes can be organized into folders and tagged with labels.;synthetic;0;0;0;0;0;0;0;0;1
The app supports multiple languages including English, Spanish, and French.;synthetic;0;0;0;0;0;0;0;0;1
The main menu has five tabs at the bottom.;synthetic;0;0;0;0;0;0;0;0;1
It requires an email address to create an account.;synthetic;0;0;0;0;0;0;0;0;1
The latest version is 4.2.1 and was released on March 10th.;synthetic;0;0;0;0;0;0;0;0;1
