iteration;app_name;categoryId;reviewId;sentenceId;at;score;feature;review;sentence;generated_at;Joy;Trust;Fear;Surprise;Sadness;Disgust;Anger;Anticipation;Neutral;Reject
;;;;;;;;I've been using this fitness app for a week now, and it's generally great. However, I was surprised when it suggested a 2-hour workout at 11 PM last night. Who does that?;I was surprised when it suggested a 2-hour workout at 11 PM last night.;2026-08-02T14:34:44.056979+00:00;0;0;0;1;0;0;0;0;0;0
;;;;;;;;The app works smoothly most of the time, but I wasn’t expecting it to log me out randomly in the middle of a transaction. Surprised and a bit frustrated!;I wasn’t expecting it to log me out randomly in the middle of a transaction.;2026-08-02T14:34:44.056984+00:00;0;0;0;1;0;0;0;0;0;0
;;;;;;;;This language learning app is fantastic, but I was taken aback when it suddenly switched my progress from intermediate to beginner without any warning. What happened?;I was taken aback when it suddenly switched my progress from intermediate to beginner without any warning.;2026-08-02T14:34:44.056987+00:00;0;0;0;1;0;0;0;0;0;0
;;;;;;;;I love the design of this meditation app, but I didn’t see that coming—it asked me to pay for a breathing exercise I thought was free. Surprise, surprise!;It asked me to pay for a breathing exercise I thought was free.;2026-08-02T14:34:44.056989+00:00;0;0;0;1;0;0;0;0;0;0
;;;;;;;;The app is great for tracking my expenses, but I was shocked when it categorized my grocery shopping as 'entertainment.' How does that even make sense?;I was shocked when it categorized my grocery shopping as 'entertainment.';2026-08-02T14:34:44.056991+00:00;0;0;0;1;0;0;0;0;0;0
;;;;;;;;Overall, this weather app is accurate, but I was surprised when it sent me a notification about a 'snowstorm' in my area—it was just light flurries. A bit dramatic!;I was surprised when it sent me a notification about a 'snowstorm' in my area—it was just light flurries.;2026-08-02T14:34:44.056993+00:00;0;0;0;1;0;0;0;0;0;0
;;;;;;;;I’ve been using this recipe app for months, but today it recommended a dessert recipe that included an ingredient I’m allergic to. That was unexpected and not cool.;Today it recommended a dessert recipe that included an ingredient I’m allergic to.;2026-08-02T14:34:44.056995+00:00;0;0;0;1;0;0;0;0;0;0
;;;;;;;;The app is user-friendly, but I was caught off guard when it started playing an ad loudly in the middle of a silent meditation session. Really?;I was caught off guard when it started playing an ad loudly in the middle of a silent meditation session.;2026-08-02T14:34:44.056996+00:00;0;0;0;1;0;0;0;0;0;0
;;;;;;;;This budgeting app is usually reliable, but I was surprised when it showed my account balance as negative even though I had just deposited money. Double-checked with my bank—it was wrong.;I was surprised when it showed my account balance as negative even though I had just deposited money.;2026-08-02T14:34:44.056998+00:00;0;0;0;1;0;0;0;0;0;0
;;;;;;;;I like this habit-tracking app, but I wasn’t expecting it to congratulate me for 'completing a 30-day streak' when I had only used it for 5 days. Talk about jumping the gun!;I wasn’t expecting it to congratulate me for 'completing a 30-day streak' when I had only used it for 5 days.;2026-08-02T14:34:44.057000+00:00;0;0;0;1;0;0;0;0;0;0
;;;;;;;;I've been using this fitness app for a week now, and it's generally great. However, I was surprised when it suggested a 5-mile run after I entered that I had a sprained ankle. That’s not just unhelpful—it’s dangerous!;I was surprised when it suggested a 5-mile run after I entered that I had a sprained ankle.;2026-08-02T14:34:55.495836+00:00;0;0;0;1;0;0;0;0;0;0
;;;;;;;;The app works fine for the most part, but I didn’t expect it to send a notification congratulating me on completing a workout when I had only opened the app and closed it immediately. Weird flex, but okay.;I didn’t expect it to send a notification congratulating me on completing a workout when I had only opened the app and closed it immediately.;2026-08-02T14:34:55.495841+00:00;0;0;0;1;0;0;0;0;0;0
;;;;;;;;This meditation app is usually calming, but today it randomly played a loud alarm sound during a session. I nearly jumped out of my skin! What was that about?;Today it randomly played a loud alarm sound during a session.;2026-08-02T14:34:55.495844+00:00;0;0;0;1;0;0;0;0;0;0
;;;;;;;;I love the design of this recipe app, but I was shocked when it suggested substituting sugar with salt in my cake recipe. That’s a recipe for disaster, not dessert!;I was shocked when it suggested substituting sugar with salt in my cake recipe.;2026-08-02T14:34:55.495846+00:00;0;0;0;1;0;0;0;0;0;0
;;;;;;;;The app is decent, but I didn’t expect it to log me out every time I switch to another app for a few seconds. Is this a security feature or just a glitch?;I didn’t expect it to log me out every time I switch to another app for a few seconds.;2026-08-02T14:34:55.495848+00:00;0;0;0;1;0;0;0;0;0;0
;;;;;;;;I use this language-learning app daily, and it’s been great. However, I was surprised when it marked a correct answer as wrong and then showed the exact same phrase as the 'correct' answer. Did I miss something?;I was surprised when it marked a correct answer as wrong and then showed the exact same phrase as the 'correct' answer.;2026-08-02T14:34:55.495850+00:00;0;0;0;1;0;0;0;0;0;0
;;;;;;;;This budgeting app is usually reliable, but today it categorized my grocery shopping as 'entertainment.' I wish it would stop judging my snack choices!;Today it categorized my grocery shopping as 'entertainment.';2026-08-02T14:34:55.495851+00:00;0;0;0;1;0;0;0;0;0;0
;;;;;;;;The app is smooth and easy to use, but I was taken aback when it asked for permission to access my contacts just to set a reminder. Why does it need that?;I was taken aback when it asked for permission to access my contacts just to set a reminder.;2026-08-02T14:34:55.495853+00:00;0;0;0;1;0;0;0;0;0;0
;;;;;;;;I’ve enjoyed using this weather app, but I was surprised when it predicted sunny skies for today, and I ended up in a downpour. Maybe double-check with an actual meteorologist next time?;I was surprised when it predicted sunny skies for today, and I ended up in a downpour.;2026-08-02T14:34:55.495855+00:00;0;0;0;1;0;0;0;0;0;0
;;;;;;;;This habit-tracking app is great for motivation, but I didn’t expect it to celebrate my '1-day streak' of not biting my nails with fireworks and confetti. Overkill much?;I didn’t expect it to celebrate my '1-day streak' of not biting my nails with fireworks and confetti.;2026-08-02T14:34:55.495856+00:00;0;0;0;1;0;0;0;0;0;0
;;;;;;;;I've been using this fitness app for a week now, and it's generally helpful. However, I was surprised when it suddenly logged a 10-mile run for me yesterday—I hadn’t even left the house!;I was surprised when it suddenly logged a 10-mile run for me yesterday—I hadn’t even left the house!;2026-08-02T14:35:09.465463+00:00;0;0;0;1;0;0;0;0;0;0
;;;;;;;;The app works fine for the most part, but I opened it today and found that all my saved recipes had been replaced with random ones. Surprised is an understatement—I didn’t even get a notification about this change!;Surprised is an understatement—I didn’t even get a notification about this change!;2026-08-02T14:35:09.465469+00:00;0;0;0;1;0;0;0;0;0;0
;;;;;;;;This meditation app has great features, but I was taken aback when it sent me a push notification saying, 'You haven’t meditated in 3 days—are you okay?' Like, wow, that’s a little too personal for an app!;I was taken aback when it sent me a push notification saying, 'You haven’t meditated in 3 days—are you okay?';2026-08-02T14:35:09.465471+00:00;0;0;0;1;0;0;0;0;0;0
;;;;;;;;I love the design of this weather app, but I was shocked when it predicted a snowstorm for tomorrow in my tropical city. I double-checked, and nope—just a glitch, I guess.;I was shocked when it predicted a snowstorm for tomorrow in my tropical city.;2026-08-02T14:35:09.465473+00:00;0;0;0;1;0;0;0;0;0;0
;;;;;;;;The budgeting app is usually reliable, but today it flagged a $5 coffee purchase as 'suspicious activity.' I’ve bought coffee from that shop every week for months—why now?;I’ve bought coffee from that shop every week for months—why now?;2026-08-02T14:35:09.465475+00:00;0;0;0;1;0;0;0;0;0;0
;;;;;;;;This language-learning app is fun, but I was surprised when it suddenly switched my learning language from Spanish to Swahili without any warning. Not sure how that happened!;I was surprised when it suddenly switched my learning language from Spanish to Swahili without any warning.;2026-08-02T14:35:09.465477+00:00;0;0;0;1;0;0;0;0;0;0
;;;;;;;;The app is great for tracking my sleep, but I was caught off guard when it sent me a notification saying, 'Your sleep score is lower than 90% of users your age.' Thanks, I guess?;I was caught off guard when it sent me a notification saying, 'Your sleep score is lower than 90% of users your age.';2026-08-02T14:35:09.465479+00:00;0;0;0;1;0;0;0;0;0;0
;;;;;;;;I use this grocery delivery app all the time, but today it suggested I buy 50 pounds of potatoes. I don’t even have that much storage space—what was it thinking?;Today it suggested I buy 50 pounds of potatoes—I don’t even have that much storage space!;2026-08-02T14:35:09.465480+00:00;0;0;0;1;0;0;0;0;0;0
;;;;;;;;The app is smooth and easy to use, but I was surprised when it started playing an ad for a completely unrelated product right in the middle of my workout. No warning, no nothing.;I was surprised when it started playing an ad for a completely unrelated product right in the middle of my workout.;2026-08-02T14:35:09.465482+00:00;0;0;0;1;0;0;0;0;0;0
;;;;;;;;This habit-tracking app is usually spot-on, but today it congratulated me for 'completing my 30-day water-drinking streak'—except I’ve only had the app for 5 days. How does that even work?;Today it congratulated me for 'completing my 30-day water-drinking streak'—except I’ve only had the app for 5 days.;2026-08-02T14:35:09.465484+00:00;0;0;0;1;0;0;0;0;0;0
;;;;;;;;I've been using this fitness app for a week now, and it's generally good. However, I was surprised when it suggested a 5-mile run as my first workout—considering I set my fitness level to beginner!;I was surprised when it suggested a 5-mile run as my first workout—considering I set my fitness level to beginner!;2026-08-02T14:35:19.963873+00:00;0;0;0;1;0;0;0;0;0;0
;;;;;;;;The app works fine for ordering food, but I was shocked when it charged me a 'priority delivery fee' without any prior notice or option to opt out.;I was shocked when it charged me a 'priority delivery fee' without any prior notice or option to opt out.;2026-08-02T14:35:19.963881+00:00;0;0;0;1;0;0;0;0;0;0
;;;;;;;;This meditation app has great features, but I didn’t expect it to ask for microphone permissions. Why would a meditation app need that?;I didn’t expect it to ask for microphone permissions.;2026-08-02T14:35:19.963885+00:00;0;0;0;1;0;0;0;0;0;0
;;;;;;;;I love the design of this weather app, but I was taken aback when it predicted snow in July for my location. That’s never happened here!;I was taken aback when it predicted snow in July for my location.;2026-08-02T14:35:19.963888+00:00;0;0;0;1;0;0;0;0;0;0
;;;;;;;;The app is smooth and easy to use, but I was surprised when it logged me out automatically after just 5 minutes of inactivity. Is that really necessary?;I was surprised when it logged me out automatically after just 5 minutes of inactivity.;2026-08-02T14:35:19.963891+00:00;0;0;0;1;0;0;0;0;0;0
;;;;;;;;This language-learning app is fantastic, but I was caught off guard when it started playing loud ads mid-lesson. I nearly dropped my phone!;I was caught off guard when it started playing loud ads mid-lesson.;2026-08-02T14:35:19.963894+00:00;0;0;0;1;0;0;0;0;0;0
;;;;;;;;The app helps me track my expenses well, but I was stunned when it categorized my grocery trip as 'entertainment.' How does that make sense?;I was stunned when it categorized my grocery trip as 'entertainment.';2026-08-02T14:35:19.963897+00:00;0;0;0;1;0;0;0;0;0;0
;;;;;;;;I enjoy using this recipe app, but I was surprised when it recommended a 24-hour marinade for a dish I wanted to cook immediately. Not very practical!;I was surprised when it recommended a 24-hour marinade for a dish I wanted to cook immediately.;2026-08-02T14:35:19.963899+00:00;0;0;0;1;0;0;0;0;0;0
;;;;;;;;The app is great for productivity, but I was shocked when it sent me a notification saying, 'You’ve been unproductive for 3 hours!'—talk about harsh!;I was shocked when it sent me a notification saying, 'You’ve been unproductive for 3 hours!';2026-08-02T14:35:19.963902+00:00;0;0;0;1;0;0;0;0;0;0
;;;;;;;;This gaming app is fun, but I was surprised when it asked for my location even though the game doesn’t seem to need it. Feels unnecessary.;I was surprised when it asked for my location even though the game doesn’t seem to need it.;2026-08-02T14:35:19.963904+00:00;0;0;0;1;0;0;0;0;0;0
;;;;;;;;I've been using this fitness app for a week now, and it's generally great. However, I was surprised when it suggested a 5-mile run right after I input that I was a beginner. That's not very encouraging for new users!;I was surprised when it suggested a 5-mile run right after I input that I was a beginner.;2026-08-02T14:35:31.545418+00:00;0;0;0;1;0;0;0;0;0;0
;;;;;;;;The app works smoothly most of the time, but I didn't expect it to log me out automatically after just 5 minutes of inactivity. Surprised and a bit frustrated, to be honest.;I didn't expect it to log me out automatically after just 5 minutes of inactivity.;2026-08-02T14:35:31.545425+00:00;0;0;0;1;0;0;0;0;0;0
;;;;;;;;This language learning app is fantastic! I was taken aback when it suddenly switched to teaching me phrases in a dialect I didn't select. Why would it do that?;I was taken aback when it suddenly switched to teaching me phrases in a dialect I didn't select.;2026-08-02T14:35:31.545430+00:00;0;0;0;1;0;0;0;0;0;0
;;;;;;;;Overall, the app is user-friendly. I just didn't anticipate it asking for my location every single time I open it, even for features that don't require it. Quite unexpected!;I just didn't anticipate it asking for my location every single time I open it, even for features that don't require it.;2026-08-02T14:35:31.545432+00:00;0;0;0;1;0;0;0;0;0;0
;;;;;;;;I love the design of this meditation app, but I was shocked to find out that the 'free' 7-day trial actually requires a credit card upfront. That's not mentioned anywhere in the description!;I was shocked to find out that the 'free' 7-day trial actually requires a credit card upfront.;2026-08-02T14:35:31.545434+00:00;0;0;0;1;0;0;0;0;0;0
;;;;;;;;The app does what it promises, but I was surprised when it started showing ads in the middle of a workout session. I thought the premium version was ad-free!;I was surprised when it started showing ads in the middle of a workout session.;2026-08-02T14:35:31.545436+00:00;0;0;0;1;0;0;0;0;0;0
;;;;;;;;This budgeting app has been a lifesaver, but I was caught off guard when it categorized my grocery shopping as 'entertainment.' How does that even make sense?;I was caught off guard when it categorized my grocery shopping as 'entertainment.';2026-08-02T14:35:31.545437+00:00;0;0;0;1;0;0;0;0;0;0
;;;;;;;;I enjoy using this photo editing app, but I didn't expect it to save edited photos in a separate album without asking. Now I have duplicates of everything!;I didn't expect it to save edited photos in a separate album without asking.;2026-08-02T14:35:31.545439+00:00;0;0;0;1;0;0;0;0;0;0
;;;;;;;;The app interface is clean and intuitive. However, I was baffled when it asked me to set up a PIN for security, only to never ask for it again after the initial setup.;I was baffled when it asked me to set up a PIN for security, only to never ask for it again after the initial setup.;2026-08-02T14:35:31.545441+00:00;0;0;0;1;0;0;0;0;0;0
;;;;;;;;This recipe app is usually spot-on, but I was surprised when it suggested using 3 cups of salt in a dessert recipe. That can't be right, can it?;I was surprised when it suggested using 3 cups of salt in a dessert recipe.;2026-08-02T14:35:31.545442+00:00;0;0;0;1;0;0;0;0;0;0
;;;;;;;;I've been using this fitness app for a week now, and it's generally great. However, I was surprised when it suggested a 5-mile run after I input that I was a beginner. That's way too intense for someone just starting out!;I was surprised when it suggested a 5-mile run after I input that I was a beginner.;2026-08-02T14:35:43.178551+00:00;0;0;0;1;0;0;0;0;0;0
;;;;;;;;The app is user-friendly and has a clean interface. But I was taken aback when it asked for my social security number to 'enhance my experience.' That seems unnecessary and invasive.;But I was taken aback when it asked for my social security number to 'enhance my experience.';2026-08-02T14:35:43.178557+00:00;0;0;0;1;0;0;0;0;0;0
;;;;;;;;This meditation app has helped me a lot with my anxiety. I didn't expect it to send me a notification at 3 AM saying, 'Time to meditate!' though. That was quite a surprise!;I didn't expect it to send me a notification at 3 AM saying, 'Time to meditate!' though.;2026-08-02T14:35:43.178559+00:00;0;0;0;1;0;0;0;0;0;0
;;;;;;;;I love the features of this recipe app, but I was shocked when it recommended substituting sugar with salt in my cake recipe. That would have been a disaster!;I was shocked when it recommended substituting sugar with salt in my cake recipe.;2026-08-02T14:35:43.178561+00:00;0;0;0;1;0;0;0;0;0;0
;;;;;;;;The navigation app is usually reliable, but today it directed me to a road that was clearly under construction and inaccessible. I was surprised it didn't have that information updated.;I was surprised it didn't have that information updated.;2026-08-02T14:35:43.178563+00:00;0;0;0;1;0;0;0;0;0;0
;;;;;;;;This language learning app is fantastic! However, I was startled when it started speaking to me in a language I hadn't selected yet. It was a bit confusing.;However, I was startled when it started speaking to me in a language I hadn't selected yet.;2026-08-02T14:35:43.178565+00:00;0;0;0;1;0;0;0;0;0;0
;;;;;;;;I use this budgeting app daily. It's very helpful, but I was caught off guard when it flagged my morning coffee purchase as 'suspicious activity.' I buy coffee every morning!;I was caught off guard when it flagged my morning coffee purchase as 'suspicious activity.';2026-08-02T14:35:43.178567+00:00;0;0;0;1;0;0;0;0;0;0
;;;;;;;;The photo editing app has some amazing filters. But I was surprised when it automatically shared one of my edited photos to a public feed without my permission. That's a big no-no.;But I was surprised when it automatically shared one of my edited photos to a public feed without my permission.;2026-08-02T14:35:43.178568+00:00;0;0;0;1;0;0;0;0;0;0
;;;;;;;;This ride-sharing app is convenient, but I was astonished when the fare estimate was $15 and the actual fare charged was $45. That's a huge discrepancy!;I was astonished when the fare estimate was $15 and the actual fare charged was $45.;2026-08-02T14:35:43.178570+00:00;0;0;0;1;0;0;0;0;0;0
;;;;;;;;I enjoy using this music streaming app, but I was taken by surprise when it created a playlist for me titled 'Songs for a Funeral.' That was morbid and completely unexpected!;I was taken by surprise when it created a playlist for me titled 'Songs for a Funeral.';2026-08-02T14:35:43.178572+00:00;0;0;0;1;0;0;0;0;0;0
;;;;;;;;I've been using this fitness app for a week now, and it's generally great. However, I was surprised when it suggested a 5-mile run as my first workout without any warm-up exercises. That's a bit intense for a beginner like me!;I was surprised when it suggested a 5-mile run as my first workout without any warm-up exercises.;2026-08-02T14:35:56.090745+00:00;0;0;0;1;0;0;0;0;0;0
;;;;;;;;The app works smoothly for the most part, but I was taken aback when it suddenly logged me out in the middle of a transaction and asked for a password reset. Is this a security feature or a glitch?;I was taken aback when it suddenly logged me out in the middle of a transaction and asked for a password reset.;2026-08-02T14:35:56.090751+00:00;0;0;0;1;0;0;0;0;0;0
;;;;;;;;I love the design and functionality of this meditation app, but I didn’t expect it to send me a notification saying, 'You’ve meditated for 0 minutes today' right after I finished a session. That was odd!;I didn’t expect it to send me a notification saying, 'You’ve meditated for 0 minutes today' right after I finished a session.;2026-08-02T14:35:56.090754+00:00;0;0;0;1;0;0;0;0;0;0
;;;;;;;;This recipe app is fantastic, but I was shocked when it recommended a dessert recipe that included an ingredient I had just searched for in the grocery app. How did it know? Is it tracking my searches?;I was shocked when it recommended a dessert recipe that included an ingredient I had just searched for in the grocery app.;2026-08-02T14:35:56.090756+00:00;0;0;0;1;0;0;0;0;0;0
;;;;;;;;The app is user-friendly, but I was surprised when it asked me to rate it immediately after opening it for the first time. I haven’t even used it yet! How am I supposed to give an accurate review?;I was surprised when it asked me to rate it immediately after opening it for the first time.;2026-08-02T14:35:56.090757+00:00;0;0;0;1;0;0;0;0;0;0
;;;;;;;;I rely on this weather app for daily updates, but I was caught off guard when it predicted a snowstorm in my area—only for the day to be sunny and clear. That’s quite the miscalculation!;I was caught off guard when it predicted a snowstorm in my area—only for the day to be sunny and clear.;2026-08-02T14:35:56.090759+00:00;0;0;0;1;0;0;0;0;0;0
;;;;;;;;This budgeting app has been a lifesaver, but I was surprised when it flagged a small coffee purchase as 'unusual spending.' I buy coffee every morning—how is that unusual?;I was surprised when it flagged a small coffee purchase as 'unusual spending.';2026-08-02T14:35:56.090761+00:00;0;0;0;1;0;0;0;0;0;0
;;;;;;;;The app is great for tracking my sleep, but I was startled when it sent me an alert saying, 'You had a restless night'—even though I felt perfectly fine and slept through the night. Maybe the sensor is too sensitive?;I was startled when it sent me an alert saying, 'You had a restless night'—even though I felt perfectly fine and slept through the night.;2026-08-02T14:35:56.090763+00:00;0;0;0;1;0;0;0;0;0;0
;;;;;;;;I enjoy using this language-learning app, but I was surprised when it marked a correct answer as wrong because I used a slightly different phrasing. Isn’t language flexible?;I was surprised when it marked a correct answer as wrong because I used a slightly different phrasing.;2026-08-02T14:35:56.090764+00:00;0;0;0;1;0;0;0;0;0;0
;;;;;;;;This ride-sharing app is usually reliable, but I was taken by surprise when the driver’s profile picture changed mid-ride to something completely different. That was unsettling—is this a security issue?;I was taken by surprise when the driver’s profile picture changed mid-ride to something completely different.;2026-08-02T14:35:56.090766+00:00;0;0;0;1;0;0;0;0;0;0
;;;;;;;;I've been using this fitness app for a week now, and it's been great so far. However, I was surprised when it suggested a 2-hour workout at 11 PM last night. Who does that late at night?;However, I was surprised when it suggested a 2-hour workout at 11 PM last night.;2026-08-02T14:36:06.993309+00:00;0;0;0;1;0;0;0;0;0;0
;;;;;;;;The app works smoothly most of the time, but I was taken aback when it suddenly logged me out and asked for a password I never set. Had to reset it twice!;but I was taken aback when it suddenly logged me out and asked for a password I never set.;2026-08-02T14:36:06.993313+00:00;0;0;0;1;0;0;0;0;0;0
;;;;;;;;This meditation app is usually calming, but today it played a loud alarm sound instead of my usual background noise. I nearly jumped out of my skin!;but today it played a loud alarm sound instead of my usual background noise.;2026-08-02T14:36:06.993316+00:00;0;0;0;1;0;0;0;0;0;0
;;;;;;;;I love the design of this recipe app, but I was shocked when it recommended adding a cup of salt to my cake batter. That can’t be right!;but I was shocked when it recommended adding a cup of salt to my cake batter.;2026-08-02T14:36:06.993318+00:00;0;0;0;1;0;0;0;0;0;0
;;;;;;;;The app is generally reliable, but I was surprised when it showed my location as being in another country for no reason. GPS must’ve glitched out.;but I was surprised when it showed my location as being in another country for no reason.;2026-08-02T14:36:06.993319+00:00;0;0;0;1;0;0;0;0;0;0
;;;;;;;;I’ve used this budgeting app for months, but today it flagged a $5 coffee as a 'suspicious transaction.' Since when is coffee suspicious?;but today it flagged a $5 coffee as a 'suspicious transaction.';2026-08-02T14:36:06.993321+00:00;0;0;0;1;0;0;0;0;0;0
;;;;;;;;The app is great for tracking my sleep, but I was startled when it sent me a notification saying, 'You slept like a log—literally!' at 3 AM.;but I was startled when it sent me a notification saying, 'You slept like a log—literally!' at 3 AM.;2026-08-02T14:36:06.993323+00:00;0;0;0;1;0;0;0;0;0;0
;;;;;;;;I enjoy this language-learning app, but I was surprised when it suddenly switched my course from Spanish to Swahili without any warning. Not cool!;but I was surprised when it suddenly switched my course from Spanish to Swahili without any warning.;2026-08-02T14:36:06.993325+00:00;0;0;0;1;0;0;0;0;0;0
;;;;;;;;The app is usually intuitive, but I was caught off guard when it asked me to rate it after just 5 minutes of use. I haven’t even tried the main features yet!;but I was caught off guard when it asked me to rate it after just 5 minutes of use.;2026-08-02T14:36:06.993326+00:00;0;0;0;1;0;0;0;0;0;0
;;;;;;;;This weather app is usually accurate, but today it predicted a snowstorm in July. I live in Florida—where did that come from?;but today it predicted a snowstorm in July.;2026-08-02T14:36:06.993328+00:00;0;0;0;1;0;0;0;0;0;0
;;;;;;;;I've been using this fitness app for a week now, and overall, it's been great. However, I was surprised when it suggested a 2-hour workout at 11 PM! Who does that?;I was surprised when it suggested a 2-hour workout at 11 PM!;2026-08-02T14:36:18.190676+00:00;0;0;0;1;0;0;0;0;0;0
;;;;;;;;The app is decent for tracking expenses, but I didn’t expect it to send me a notification saying, 'You spent $500 on coffee this month!' I mean, I knew I liked coffee, but wow.;I didn’t expect it to send me a notification saying, 'You spent $500 on coffee this month!';2026-08-02T14:36:18.190681+00:00;0;0;0;1;0;0;0;0;0;0
;;;;;;;;I love how this meditation app guides me through sessions, but I was taken aback when it suddenly played a loud gong sound during a silent meditation. Not cool.;I was taken aback when it suddenly played a loud gong sound during a silent meditation.;2026-08-02T14:36:18.190683+00:00;0;0;0;1;0;0;0;0;0;0
;;;;;;;;This language learning app is fantastic, but I was shocked when it marked my correct answer as wrong just because I used a synonym. That’s not how language works!;I was shocked when it marked my correct answer as wrong just because I used a synonym.;2026-08-02T14:36:18.190685+00:00;0;0;0;1;0;0;0;0;0;0
;;;;;;;;The app helps me track my sleep patterns, but I was surprised to see it labeled my nap as 'REM sleep.' I was awake the whole time!;I was surprised to see it labeled my nap as 'REM sleep.';2026-08-02T14:36:18.190687+00:00;0;0;0;1;0;0;0;0;0;0
;;;;;;;;I use this app to order groceries, and it’s usually smooth, but today it suggested I buy 20 loaves of bread. Did it think I was opening a bakery?;Today it suggested I buy 20 loaves of bread.;2026-08-02T14:36:18.190689+00:00;0;0;0;1;0;0;0;0;0;0
;;;;;;;;This habit-tracking app is great, but I was caught off guard when it sent me a notification saying, 'You’ve failed your goal for 3 days in a row.' Way to rub it in!;I was caught off guard when it sent me a notification saying, 'You’ve failed your goal for 3 days in a row.';2026-08-02T14:36:18.190690+00:00;0;0;0;1;0;0;0;0;0;0
;;;;;;;;The app is good for finding nearby restaurants, but I was surprised when it recommended a place that closed down last year. How is that even possible?;I was surprised when it recommended a place that closed down last year.;2026-08-02T14:36:18.190692+00:00;0;0;0;1;0;0;0;0;0;0
;;;;;;;;I like this weather app, but I was startled when it predicted a snowstorm in the middle of July. Maybe double-check your algorithms?;I was startled when it predicted a snowstorm in the middle of July.;2026-08-02T14:36:18.190693+00:00;0;0;0;1;0;0;0;0;0;0
;;;;;;;;This app helps me manage my calendar, but I was shocked when it scheduled a meeting for 3 AM without asking. Who meets at that hour?;I was shocked when it scheduled a meeting for 3 AM without asking.;2026-08-02T14:36:18.190695+00:00;0;0;0;1;0;0;0;0;0;0
;;;;;;;;I've been using this fitness app for a week now, and it's been great so far. However, I was surprised when it suddenly logged me out in the middle of a workout and wouldn't let me back in without a restart. The sentence that captures the surprise is: 'I was surprised when it suddenly logged me out in the middle of a workout and wouldn't let me back in without a restart.';I was surprised when it suddenly logged me out in the middle of a workout and wouldn't let me back in without a restart.;2026-08-02T14:36:30.792963+00:00;0;0;0;1;0;0;0;0;0;0
;;;;;;;;The app's design is sleek, and I love the customization options. But I didn't expect it to reset all my settings after the latest update. The surprising part was: 'I didn't expect it to reset all my settings after the latest update.';I didn't expect it to reset all my settings after the latest update.;2026-08-02T14:36:30.792969+00:00;0;0;0;1;0;0;0;0;0;0
;;;;;;;;This recipe app usually works flawlessly, but today it suggested I add 'a cup of salt' to a cake recipe. I was taken aback by: 'Today it suggested I add 'a cup of salt' to a cake recipe.';Today it suggested I add 'a cup of salt' to a cake recipe.;2026-08-02T14:36:30.792972+00:00;0;0;0;1;0;0;0;0;0;0
;;;;;;;;I rely on this meditation app for daily sessions, and it’s been wonderful. However, I was shocked when it started playing ads mid-session without warning. The surprising moment was: 'I was shocked when it started playing ads mid-session without warning.';I was shocked when it started playing ads mid-session without warning.;2026-08-02T14:36:30.792974+00:00;0;0;0;1;0;0;0;0;0;0
;;;;;;;;The app is great for tracking my expenses, but I was caught off guard when it categorized my 'coffee' purchase as 'alcohol.' The surprising detail was: 'I was caught off guard when it categorized my 'coffee' purchase as 'alcohol.'';I was caught off guard when it categorized my 'coffee' purchase as 'alcohol.';2026-08-02T14:36:30.792975+00:00;0;0;0;1;0;0;0;0;0;0
;;;;;;;;I use this language learning app every day, and it’s been very helpful. But I was surprised when it marked a correct answer as wrong and wouldn’t let me proceed. The unexpected part was: 'I was surprised when it marked a correct answer as wrong and wouldn’t let me proceed.';I was surprised when it marked a correct answer as wrong and wouldn’t let me proceed.;2026-08-02T14:36:30.792977+00:00;0;0;0;1;0;0;0;0;0;0
;;;;;;;;The app’s interface is user-friendly, and I enjoy using it. However, I was taken aback when it asked for permission to access my contacts for no apparent reason. The surprising request was: 'I was taken aback when it asked for permission to access my contacts for no apparent reason.';I was taken aback when it asked for permission to access my contacts for no apparent reason.;2026-08-02T14:36:30.792979+00:00;0;0;0;1;0;0;0;0;0;0
;;;;;;;;This weather app is usually accurate, but today it predicted 'snow' in the middle of summer. I was stunned by: 'Today it predicted 'snow' in the middle of summer.';Today it predicted 'snow' in the middle of summer.;2026-08-02T14:36:30.792980+00:00;0;0;0;1;0;0;0;0;0;0
;;;;;;;;I love this music streaming app, but I was surprised when it started playing a completely different genre than what I had selected. The unexpected change was: 'I was surprised when it started playing a completely different genre than what I had selected.';I was surprised when it started playing a completely different genre than what I had selected.;2026-08-02T14:36:30.792982+00:00;0;0;0;1;0;0;0;0;0;0
;;;;;;;;The app is fantastic for organizing my schedule, but I was shocked when it sent a reminder for an event that I had already canceled. The surprising reminder was: 'I was shocked when it sent a reminder for an event that I had already canceled.';I was shocked when it sent a reminder for an event that I had already canceled.;2026-08-02T14:36:30.792984+00:00;0;0;0;1;0;0;0;0;0;0
;;;;;;;;I've been using this fitness app for a week now, and it's generally great. However, I was surprised when it suddenly logged me out in the middle of a workout and wouldn't let me back in without restarting my phone.;I was surprised when it suddenly logged me out in the middle of a workout and wouldn't let me back in without restarting my phone.;2026-08-02T14:36:40.709183+00:00;0;0;0;1;0;0;0;0;0;0
;;;;;;;;The app is decent for tracking expenses, but I was shocked to see it categorize my grocery purchase as 'entertainment.' How does that even make sense?;I was shocked to see it categorize my grocery purchase as 'entertainment.';2026-08-02T14:36:40.709189+00:00;0;0;0;1;0;0;0;0;0;0
;;;;;;;;I love the design of this meditation app, but I didn’t expect it to send me a notification at 3 AM reminding me to breathe. That was unexpected!;I didn’t expect it to send me a notification at 3 AM reminding me to breathe.;2026-08-02T14:36:40.709192+00:00;0;0;0;1;0;0;0;0;0;0
;;;;;;;;This language learning app is fun, but I was taken aback when it started playing loud ads mid-lesson. I thought it was a premium feature!;I was taken aback when it started playing loud ads mid-lesson.;2026-08-02T14:36:40.709193+00:00;0;0;0;1;0;0;0;0;0;0
;;;;;;;;The app works well for booking appointments, but I was surprised when it asked for my social security number to confirm my identity. That seems excessive.;I was surprised when it asked for my social security number to confirm my identity.;2026-08-02T14:36:40.709195+00:00;0;0;0;1;0;0;0;0;0;0
;;;;;;;;I enjoy using this photo editing app, but I was caught off guard when it automatically posted one of my edits to my social media without asking. That’s not cool.;I was caught off guard when it automatically posted one of my edits to my social media without asking.;2026-08-02T14:36:40.709197+00:00;0;0;0;1;0;0;0;0;0;0
;;;;;;;;This weather app is usually accurate, but I was stunned when it predicted sunny skies while it was pouring rain outside. How did that happen?;I was stunned when it predicted sunny skies while it was pouring rain outside.;2026-08-02T14:36:40.709198+00:00;0;0;0;1;0;0;0;0;0;0
;;;;;;;;The app is great for tracking my sleep, but I was surprised when it suggested I had insomnia after one restless night. Isn’t that a bit extreme?;I was surprised when it suggested I had insomnia after one restless night.;2026-08-02T14:36:40.709200+00:00;0;0;0;1;0;0;0;0;0;0
;;;;;;;;I like this recipe app, but I was shocked when it recommended a 5-hour cooking time for a simple pasta dish. Who has time for that?;I was shocked when it recommended a 5-hour cooking time for a simple pasta dish.;2026-08-02T14:36:40.709201+00:00;0;0;0;1;0;0;0;0;0;0
;;;;;;;;This gaming app is addictive, but I was surprised when it charged me $20 for a 'limited-time offer' that popped up out of nowhere. Not cool at all.;I was surprised when it charged me $20 for a 'limited-time offer' that popped up out of nowhere.;2026-08-02T14:36:40.709203+00:00;0;0;0;1;0;0;0;0;0;0
;;;;;;;;I've been using this fitness app for a week now, and it's generally great. However, I was surprised when it suggested a 2-hour workout at 11 PM last night—who does that?;However, I was surprised when it suggested a 2-hour workout at 11 PM last night—who does that?;2026-08-02T14:36:51.590627+00:00;0;0;0;1;0;0;0;0;0;0
;;;;;;;;The app works fine for the most part, but I was shocked when it logged me out mid-transaction and asked for a password reset without any warning.;but I was shocked when it logged me out mid-transaction and asked for a password reset without any warning.;2026-08-02T14:36:51.590634+00:00;0;0;0;1;0;0;0;0;0;0
;;;;;;;;This meditation app has been a lifesaver, but I didn’t expect it to send me a notification saying, 'You missed your session—are you avoiding peace?' That was unexpected!;but I didn’t expect it to send me a notification saying, 'You missed your session—are you avoiding peace?' That was unexpected!;2026-08-02T14:36:51.590637+00:00;0;0;0;1;0;0;0;0;0;0
;;;;;;;;I love the design of this weather app, but I was taken aback when it predicted snow in July for my location. That’s just bizarre.;but I was taken aback when it predicted snow in July for my location. That’s just bizarre.;2026-08-02T14:36:51.590640+00:00;0;0;0;1;0;0;0;0;0;0
;;;;;;;;The app is smooth and easy to use, but I was surprised when it suddenly switched to dark mode without me enabling it. Is this a glitch or a feature?;but I was surprised when it suddenly switched to dark mode without me enabling it.;2026-08-02T14:36:51.590642+00:00;0;0;0;1;0;0;0;0;0;0
;;;;;;;;I use this recipe app all the time, but I was shocked when it recommended adding a cup of salt to a dessert recipe. That can’t be right!;but I was shocked when it recommended adding a cup of salt to a dessert recipe.;2026-08-02T14:36:51.590645+00:00;0;0;0;1;0;0;0;0;0;0
;;;;;;;;This budgeting app has helped me a lot, but I was surprised when it flagged my coffee purchase as 'suspicious activity.' Do I really spend too much on coffee?;but I was surprised when it flagged my coffee purchase as 'suspicious activity.';2026-08-02T14:36:51.590648+00:00;0;0;0;1;0;0;0;0;0;0
;;;;;;;;The app is great for tracking my runs, but I was caught off guard when it congratulated me for 'breaking a world record' after a slow 5K. That’s not how records work!;but I was caught off guard when it congratulated me for 'breaking a world record' after a slow 5K.;2026-08-02T14:36:51.590650+00:00;0;0;0;1;0;0;0;0;0;0
;;;;;;;;I like this language-learning app, but I was surprised when it started teaching me phrases in Klingon out of nowhere. Is this a joke or a bug?;but I was surprised when it started teaching me phrases in Klingon out of nowhere.;2026-08-02T14:36:51.590653+00:00;0;0;0;1;0;0;0;0;0;0
;;;;;;;;The app is user-friendly, but I was shocked when it asked me to rate it after just 10 minutes of use. I haven’t even figured out how it works yet!;but I was shocked when it asked me to rate it after just 10 minutes of use.;2026-08-02T14:36:51.590655+00:00;0;0;0;1;0;0;0;0;0;0
;;;;;;;;I've been using this fitness app for a week now, and it's generally great. However, I was surprised when it suddenly logged me out in the middle of a workout and wouldn't let me back in without a restart. The sentence: 'I was surprised when it suddenly logged me out in the middle of a workout and wouldn't let me back in without a restart.';I was surprised when it suddenly logged me out in the middle of a workout and wouldn't let me back in without a restart.;2026-08-02T14:37:05.104620+00:00;0;0;0;1;0;0;0;0;0;0
;;;;;;;;The app is user-friendly and has a lot of useful features. I didn't expect to see a full-screen ad pop up right when I was about to complete an important task. The sentence: 'I didn't expect to see a full-screen ad pop up right when I was about to complete an important task.';I didn't expect to see a full-screen ad pop up right when I was about to complete an important task.;2026-08-02T14:37:05.104626+00:00;0;0;0;1;0;0;0;0;0;0
;;;;;;;;Overall, this meditation app is fantastic. It's just odd that after updating, my streak of 30 days disappeared without any warning. The sentence: 'It's just odd that after updating, my streak of 30 days disappeared without any warning.';It's just odd that after updating, my streak of 30 days disappeared without any warning.;2026-08-02T14:37:05.104629+00:00;0;0;0;1;0;0;0;0;0;0
;;;;;;;;I love the concept of this language learning app. But why does it keep suggesting lessons in languages I haven't selected? The sentence: 'But why does it keep suggesting lessons in languages I haven't selected?';But why does it keep suggesting lessons in languages I haven't selected?;2026-08-02T14:37:05.104632+00:00;0;0;0;1;0;0;0;0;0;0
;;;;;;;;This budgeting app has been a lifesaver. I was taken aback when it flagged a small coffee purchase as 'unusual spending' even though I set my own budget. The sentence: 'I was taken aback when it flagged a small coffee purchase as 'unusual spending' even though I set my own budget.';I was taken aback when it flagged a small coffee purchase as 'unusual spending' even though I set my own budget.;2026-08-02T14:37:05.104634+00:00;0;0;0;1;0;0;0;0;0;0
;;;;;;;;The app's UI is sleek and modern. However, I was shocked to find that my saved notes were not encrypted and were visible in plain text in the app's local storage. The sentence: 'I was shocked to find that my saved notes were not encrypted and were visible in plain text in the app's local storage.';I was shocked to find that my saved notes were not encrypted and were visible in plain text in the app's local storage.;2026-08-02T14:37:05.104637+00:00;0;0;0;1;0;0;0;0;0;0
;;;;;;;;Great app for tracking my daily water intake. I was surprised when it sent me a notification saying I hadn't drunk any water in 24 hours, even though I had logged several glasses. The sentence: 'I was surprised when it sent me a notification saying I hadn't drunk any water in 24 hours, even though I had logged several glasses.';I was surprised when it sent me a notification saying I hadn't drunk any water in 24 hours, even though I had logged several glasses.;2026-08-02T14:37:05.104640+00:00;0;0;0;1;0;0;0;0;0;0
;;;;;;;;This recipe app has a vast collection of dishes. I didn't anticipate that searching for 'pasta' would return results for unrelated desserts. The sentence: 'I didn't anticipate that searching for 'pasta' would return results for unrelated desserts.';I didn't anticipate that searching for 'pasta' would return results for unrelated desserts.;2026-08-02T14:37:05.104643+00:00;0;0;0;1;0;0;0;0;0;0
;;;;;;;;The app helps me stay organized with my tasks. I was caught off guard when it changed the priority of my tasks without any input from me. The sentence: 'I was caught off guard when it changed the priority of my tasks without any input from me.';I was caught off guard when it changed the priority of my tasks without any input from me.;2026-08-02T14:37:05.104645+00:00;0;0;0;1;0;0;0;0;0;0
;;;;;;;;I enjoy using this music streaming app. It was unexpected when it started playing a completely different genre of music after I had explicitly set my preferences. The sentence: 'It was unexpected when it started playing a completely different genre of music after I had explicitly set my preferences.';It was unexpected when it started playing a completely different genre of music after I had explicitly set my preferences.;2026-08-02T14:37:05.104648+00:00;0;0;0;1;0;0;0;0;0;0
;;;;;;;;I've been using this fitness app for a week now, and it's been great so far. However, I was surprised when it suggested a 2-hour workout at 11 PM last night. Who does that late at night?;However, I was surprised when it suggested a 2-hour workout at 11 PM last night.;2026-08-02T14:37:20.511042+00:00;0;0;0;1;0;0;0;0;0;0
;;;;;;;;The app is generally good, but I was taken aback when it asked for my social security number to verify my identity. That seems a bit excessive for a simple photo editing app.;but I was taken aback when it asked for my social security number to verify my identity.;2026-08-02T14:37:20.511055+00:00;0;0;0;1;0;0;0;0;0;0
;;;;;;;;I love the design and functionality of this app, but I didn't expect it to send me a notification congratulating me on my 10,000th step at 3 AM when I was fast asleep!;but I didn't expect it to send me a notification congratulating me on my 10,000th step at 3 AM when I was fast asleep!;2026-08-02T14:37:20.511058+00:00;0;0;0;1;0;0;0;0;0;0
;;;;;;;;This meditation app has been a lifesaver, but I was shocked when it played a loud gong sound during a silent meditation session. I nearly jumped out of my skin!;but I was shocked when it played a loud gong sound during a silent meditation session.;2026-08-02T14:37:20.511061+00:00;0;0;0;1;0;0;0;0;0;0
;;;;;;;;Overall, the language learning app is fantastic. I just didn't anticipate that it would suddenly switch the language I'm learning from Spanish to Swahili without any warning.;I just didn't anticipate that it would suddenly switch the language I'm learning from Spanish to Swahili without any warning.;2026-08-02T14:37:20.511063+00:00;0;0;0;1;0;0;0;0;0;0
;;;;;;;;The budgeting app works well, but I was genuinely surprised when it flagged my morning coffee purchase as an 'unusual spending pattern.' I have coffee every morning!;but I was genuinely surprised when it flagged my morning coffee purchase as an 'unusual spending pattern.';2026-08-02T14:37:20.511066+00:00;0;0;0;1;0;0;0;0;0;0
;;;;;;;;I enjoy using this recipe app, but I was caught off guard when it recommended a dessert recipe that included an ingredient I had just added to my shopping list for a main course.;but I was caught off guard when it recommended a dessert recipe that included an ingredient I had just added to my shopping list for a main course.;2026-08-02T14:37:20.511069+00:00;0;0;0;1;0;0;0;0;0;0
;;;;;;;;The app is smooth and user-friendly, but I was baffled when it logged me out and asked me to re-enter my credentials after I received a call. Why would that happen?;but I was baffled when it logged me out and asked me to re-enter my credentials after I received a call.;2026-08-02T14:37:20.511072+00:00;0;0;0;1;0;0;0;0;0;0
;;;;;;;;This gaming app is quite fun, but I was startled when a character in the game started speaking in a language I didn't select during setup. It was completely unexpected!;but I was startled when a character in the game started speaking in a language I didn't select during setup.;2026-08-02T14:37:20.511074+00:00;0;0;0;1;0;0;0;0;0;0
;;;;;;;;The travel app has been helpful, but I was genuinely surprised when it suggested a 24-hour layover in a city I had no interest in visiting. Why would it do that?;but I was genuinely surprised when it suggested a 24-hour layover in a city I had no interest in visiting.;2026-08-02T14:37:20.511077+00:00;0;0;0;1;0;0;0;0;0;0
;;;;;;;;I've been using this fitness app for a week now, and it's been great so far. However, I was surprised when it suggested a 2-hour workout at 11 PM last night. Who does that?;However, I was surprised when it suggested a 2-hour workout at 11 PM last night.;2026-08-02T14:37:30.674168+00:00;0;0;0;1;0;0;0;0;0;0
;;;;;;;;The app is generally good, but I was taken aback when it asked for my social security number to 'enhance security.' That’s not something I expected from a simple note-taking app!;but I was taken aback when it asked for my social security number to 'enhance security.';2026-08-02T14:37:30.674174+00:00;0;0;0;1;0;0;0;0;0;0
;;;;;;;;I love how this meditation app works, but I was shocked when it suddenly played a loud alarm sound during a deep breathing exercise. Not cool!;but I was shocked when it suddenly played a loud alarm sound during a deep breathing exercise.;2026-08-02T14:37:30.674177+00:00;0;0;0;1;0;0;0;0;0;0
;;;;;;;;This shopping app has a great interface, but I was surprised when it recommended baby products to me—I don’t even have kids! How did it get that so wrong?;but I was surprised when it recommended baby products to me—I don’t even have kids!;2026-08-02T14:37:30.674179+00:00;0;0;0;1;0;0;0;0;0;0
;;;;;;;;The app is smooth and easy to use, but I was caught off guard when it logged me out automatically after just 5 minutes of inactivity. Why so strict?;but I was caught off guard when it logged me out automatically after just 5 minutes of inactivity.;2026-08-02T14:37:30.674181+00:00;0;0;0;1;0;0;0;0;0;0
;;;;;;;;I’ve enjoyed using this language learning app, but I was surprised when it marked my correct answer as wrong just because I used a synonym. That’s not very flexible.;but I was surprised when it marked my correct answer as wrong just because I used a synonym.;2026-08-02T14:37:30.674182+00:00;0;0;0;1;0;0;0;0;0;0
;;;;;;;;The app is fantastic for tracking my sleep, but I was shocked when it sent me a notification saying, 'You snored for 3 hours last night!' How does it even know that?;but I was shocked when it sent me a notification saying, 'You snored for 3 hours last night!';2026-08-02T14:37:30.674184+00:00;0;0;0;1;0;0;0;0;0;0
;;;;;;;;I like this weather app, but I was surprised when it predicted a snowstorm in July for my location. That’s just ridiculous!;but I was surprised when it predicted a snowstorm in July for my location.;2026-08-02T14:37:30.674186+00:00;0;0;0;1;0;0;0;0;0;0
;;;;;;;;The app is great for organizing my schedule, but I was taken aback when it rescheduled all my meetings without asking me. That’s not what I signed up for!;but I was taken aback when it rescheduled all my meetings without asking me.;2026-08-02T14:37:30.674188+00:00;0;0;0;1;0;0;0;0;0;0
;;;;;;;;This budgeting app is usually reliable, but I was surprised when it categorized my grocery shopping as 'entertainment.' How does that even make sense?;but I was surprised when it categorized my grocery shopping as 'entertainment.';2026-08-02T14:37:30.674190+00:00;0;0;0;1;0;0;0;0;0;0
;;;;;;;;I've been using this fitness app for a week now, and it's been great so far. However, I was surprised when it suggested a 5-mile run for my first workout—considering I set my fitness level to beginner!;I was surprised when it suggested a 5-mile run for my first workout—considering I set my fitness level to beginner!;2026-08-02T14:37:44.462610+00:00;0;0;0;1;0;0;0;0;0;0
;;;;;;;;The app is generally smooth, but I didn’t expect it to ask for my location even when I’m just browsing recipes. Why does it need that?;I didn’t expect it to ask for my location even when I’m just browsing recipes.;2026-08-02T14:37:44.462615+00:00;0;0;0;1;0;0;0;0;0;0
;;;;;;;;I love the design of this meditation app, but I was caught off guard when it played an unexpected loud gong sound during a silent session. Not cool!;I was caught off guard when it played an unexpected loud gong sound during a silent session.;2026-08-02T14:37:44.462618+00:00;0;0;0;1;0;0;0;0;0;0
;;;;;;;;This budgeting app has been a lifesaver, but I was shocked when it flagged my morning coffee as a 'luxury expense.' Since when is caffeine a luxury?;I was shocked when it flagged my morning coffee as a 'luxury expense.';2026-08-02T14:37:44.462620+00:00;0;0;0;1;0;0;0;0;0;0
;;;;;;;;The app works fine, but I was surprised when it logged me out automatically after just 5 minutes of inactivity. That’s way too short!;I was surprised when it logged me out automatically after just 5 minutes of inactivity.;2026-08-02T14:37:44.462622+00:00;0;0;0;1;0;0;0;0;0;0
;;;;;;;;I installed this language-learning app yesterday, and it’s been helpful. But why did it suddenly switch my learning language from Spanish to French without asking?;But why did it suddenly switch my learning language from Spanish to French without asking?;2026-08-02T14:37:44.462624+00:00;0;0;0;1;0;0;0;0;0;0
;;;;;;;;This photo editing app is amazing, but I was taken aback when it auto-applied a filter I didn’t select. It looked great, but I wanted to choose myself!;I was taken aback when it auto-applied a filter I didn’t select.;2026-08-02T14:37:44.462625+00:00;0;0;0;1;0;0;0;0;0;0
;;;;;;;;The app is decent, but I was surprised when it showed me ads for baby products—even though I never entered any personal details about having kids.;I was surprised when it showed me ads for baby products—even though I never entered any personal details about having kids.;2026-08-02T14:37:44.462627+00:00;0;0;0;1;0;0;0;0;0;0
;;;;;;;;I’ve been using this ride-sharing app for months, but today it charged me double the usual fare for the same route. What’s going on?;Today it charged me double the usual fare for the same route.;2026-08-02T14:37:44.462629+00:00;0;0;0;1;0;0;0;0;0;0
;;;;;;;;This habit-tracking app is usually reliable, but I was shocked when it marked my entire week as incomplete because I missed one day. That’s a bit harsh!;I was shocked when it marked my entire week as incomplete because I missed one day.;2026-08-02T14:37:44.462630+00:00;0;0;0;1;0;0;0;0;0;0
;;;;;;;;I've been using this fitness app for a week now, and it's been great so far. However, I was surprised when it suggested a 5-mile run today even though I had set my maximum distance to 3 miles in the settings. The sentence that shows surprise is: 'I was surprised when it suggested a 5-mile run today even though I had set my maximum distance to 3 miles in the settings.';I was surprised when it suggested a 5-mile run today even though I had set my maximum distance to 3 miles in the settings.;2026-08-02T14:37:57.933175+00:00;0;0;0;1;0;0;0;0;0;0
;;;;;;;;The app's UI is very intuitive, but I didn't expect it to sync with my smart fridge! It's a cool feature, though a bit unexpected. The surprising part was: 'I didn't expect it to sync with my smart fridge!';I didn't expect it to sync with my smart fridge!;2026-08-02T14:37:57.933183+00:00;0;0;0;1;0;0;0;0;0;0
;;;;;;;;Overall, this meditation app is wonderful. I was taken aback when it suddenly played a loud gong sound in the middle of a silent meditation session. Here's the surprising bit: 'I was taken aback when it suddenly played a loud gong sound in the middle of a silent meditation session.';I was taken aback when it suddenly played a loud gong sound in the middle of a silent meditation session.;2026-08-02T14:37:57.933187+00:00;0;0;0;1;0;0;0;0;0;0
;;;;;;;;I love the concept of this language learning app. I just didn't anticipate it sending me a notification at 3 AM to remind me to practice! The surprising sentence is: 'I just didn't anticipate it sending me a notification at 3 AM to remind me to practice!';I just didn't anticipate it sending me a notification at 3 AM to remind me to practice!;2026-08-02T14:37:57.933189+00:00;0;0;0;1;0;0;0;0;0;0
;;;;;;;;This budgeting app has really helped me save money. I was shocked when it flagged a $0.50 coffee purchase as 'unusual spending' though. The surprising part: 'I was shocked when it flagged a $0.50 coffee purchase as 'unusual spending' though.';I was shocked when it flagged a $0.50 coffee purchase as 'unusual spending' though.;2026-08-02T14:37:57.933192+00:00;0;0;0;1;0;0;0;0;0;0
;;;;;;;;The app is generally good, but I was really surprised when it asked for permission to access my contacts just to set up a simple profile. The surprising line: 'I was really surprised when it asked for permission to access my contacts just to set up a simple profile.';I was really surprised when it asked for permission to access my contacts just to set up a simple profile.;2026-08-02T14:37:57.933195+00:00;0;0;0;1;0;0;0;0;0;0
;;;;;;;;I've enjoyed using this recipe app, but I was caught off guard when it started recommending recipes that included ingredients I had marked as allergens. The surprising sentence: 'I was caught off guard when it started recommending recipes that included ingredients I had marked as allergens.';I was caught off guard when it started recommending recipes that included ingredients I had marked as allergens.;2026-08-02T14:37:57.933197+00:00;0;0;0;1;0;0;0;0;0;0
;;;;;;;;This ride-sharing app is usually reliable. I was quite surprised when it matched me with a driver who was 45 minutes away from my location. The surprising part: 'I was quite surprised when it matched me with a driver who was 45 minutes away from my location.';I was quite surprised when it matched me with a driver who was 45 minutes away from my location.;2026-08-02T14:37:57.933200+00:00;0;0;0;1;0;0;0;0;0;0
;;;;;;;;The app's design is sleek and modern. I didn't expect it to crash when I tried to upload a simple photo, though. The surprising sentence: 'I didn't expect it to crash when I tried to upload a simple photo, though.';I didn't expect it to crash when I tried to upload a simple photo, though.;2026-08-02T14:37:57.933203+00:00;0;0;0;1;0;0;0;0;0;0
;;;;;;;;I appreciate the functionality of this habit-tracking app. However, I was genuinely surprised when it congratulated me for 'breaking my 3-day streak' after I missed logging in for one day. The surprising part: 'I was genuinely surprised when it congratulated me for 'breaking my 3-day streak' after I missed logging in for one day.';I was genuinely surprised when it congratulated me for 'breaking my 3-day streak' after I missed logging in for one day.;2026-08-02T14:37:57.933205+00:00;0;0;0;1;0;0;0;0;0;0
;;;;;;;;I've been using this fitness app for a week now, and it's been great so far. However, I was surprised when it suggested a 2-hour workout session right after I logged a 30-minute run. I mean, come on, I need some rest!;However, I was surprised when it suggested a 2-hour workout session right after I logged a 30-minute run.;2026-08-02T14:38:14.096818+00:00;0;0;0;1;0;0;0;0;0;0
;;;;;;;;The app is generally good, but I wasn't expecting it to sync with my smart fridge! I was surprised to see my grocery list pop up on the fridge screen. It's cool but a bit unsettling.;I was surprised to see my grocery list pop up on the fridge screen.;2026-08-02T14:38:14.096823+00:00;0;0;0;1;0;0;0;0;0;0
;;;;;;;;This language learning app has been helpful, but today it threw me a curveball. I was surprised when it started teaching me slang phrases before basic vocabulary. Not sure how I feel about that.;I was surprised when it started teaching me slang phrases before basic vocabulary.;2026-08-02T14:38:14.096826+00:00;0;0;0;1;0;0;0;0;0;0
;;;;;;;;I love the design of this meditation app, but I was taken aback when it asked me to rate it after just one session. I was surprised by the timing—how can I judge its effectiveness so soon?;I was surprised by the timing—how can I judge its effectiveness so soon?;2026-08-02T14:38:14.096828+00:00;0;0;0;1;0;0;0;0;0;0
;;;;;;;;The app works well for budgeting, but I was shocked when it flagged my morning coffee purchase as 'unusual spending.' I was surprised since I buy coffee every day—it’s not unusual for me!;I was surprised since I buy coffee every day—it’s not unusual for me!;2026-08-02T14:38:14.096830+00:00;0;0;0;1;0;0;0;0;0;0
;;;;;;;;This photo editing app is fantastic, but I didn’t expect it to auto-enhance my pictures before I even opened the editor. I was surprised to see my selfies looking professionally edited right after uploading them.;I was surprised to see my selfies looking professionally edited right after uploading them.;2026-08-02T14:38:14.096832+00:00;0;0;0;1;0;0;0;0;0;0
;;;;;;;;The app is user-friendly, but I was caught off guard when it sent me a notification about a sale at a store I’ve never shopped at. I was surprised—how did it even know I’d be interested?;I was surprised—how did it even know I’d be interested?;2026-08-02T14:38:14.096833+00:00;0;0;0;1;0;0;0;0;0;0
;;;;;;;;I use this recipe app all the time, but today it recommended a dessert recipe that included an ingredient I’m allergic to. I was surprised it didn’t cross-reference my allergy settings before suggesting it.;I was surprised it didn’t cross-reference my allergy settings before suggesting it.;2026-08-02T14:38:14.096835+00:00;0;0;0;1;0;0;0;0;0;0
;;;;;;;;The app is great for tracking my sleep, but I was startled when it asked me to rate my 'sleep satisfaction' before I’d even gotten out of bed. I was surprised by the timing—how am I supposed to know yet?;I was surprised by the timing—how am I supposed to know yet?;2026-08-02T14:38:14.096837+00:00;0;0;0;1;0;0;0;0;0;0
;;;;;;;;This travel app has been a lifesaver, but I was taken aback when it suggested a last-minute flight deal to a destination I’d never searched for. I was surprised—how did it pick that?;I was surprised—how did it pick that?;2026-08-02T14:38:14.096838+00:00;0;0;0;1;0;0;0;0;0;0
;;;;;;;;I've been using this fitness app for a week now, and it's been great so far. However, I was surprised when it suggested a 2-hour workout at 11 PM! Who does that late-night? The sentence that stood out was: 'I was surprised when it suggested a 2-hour workout at 11 PM!';I was surprised when it suggested a 2-hour workout at 11 PM!;2026-08-02T14:38:31.713465+00:00;0;0;0;1;0;0;0;0;0;0
;;;;;;;;The app is generally good, but I didn't expect it to ask for my location even when it's closed. It’s a bit unsettling. The surprising part was: 'I didn’t expect it to ask for my location even when it’s closed.';I didn’t expect it to ask for my location even when it’s closed.;2026-08-02T14:38:31.713471+00:00;0;0;0;1;0;0;0;0;0;0
;;;;;;;;This photo editing app has some cool features, but I was taken aback when it automatically shared my edited photo to my social media without asking. The unexpected moment was: 'I was taken aback when it automatically shared my edited photo to my social media without asking.';I was taken aback when it automatically shared my edited photo to my social media without asking.;2026-08-02T14:38:31.713473+00:00;0;0;0;1;0;0;0;0;0;0
;;;;;;;;I love the concept of this meditation app, but I was shocked when it played a loud alarm sound instead of a gentle chime to end my session. The surprising sentence: 'I was shocked when it played a loud alarm sound instead of a gentle chime to end my session.';I was shocked when it played a loud alarm sound instead of a gentle chime to end my session.;2026-08-02T14:38:31.713475+00:00;0;0;0;1;0;0;0;0;0;0
;;;;;;;;"The app works well for tracking my expenses, but I was caught off guard when it sent me a notification saying, 'You’ve spent 80% of your monthly budget!' I hadn’t even used it for a full week yet. The surprising part: 'I was caught off guard when it sent me a notification saying, ""You’ve spent 80% of your monthly budget!""'";I was caught off guard when it sent me a notification saying, 'You’ve spent 80% of your monthly budget!';2026-08-02T14:38:31.713477+00:00;0;0;0;1;0;0;0;0;0;0
;;;;;;;;This language learning app is fun, but I was surprised when it started teaching me slang phrases before basic vocabulary. The unexpected sentence: 'I was surprised when it started teaching me slang phrases before basic vocabulary.';I was surprised when it started teaching me slang phrases before basic vocabulary.;2026-08-02T14:38:31.713478+00:00;0;0;0;1;0;0;0;0;0;0
;;;;;;;;I use this app for grocery deliveries, and it’s usually reliable. However, I was stunned when it charged me twice for the same order. The surprising moment: 'I was stunned when it charged me twice for the same order.';I was stunned when it charged me twice for the same order.;2026-08-02T14:38:31.713480+00:00;0;0;0;1;0;0;0;0;0;0
;;;;;;;;The app is great for organizing my schedule, but I was baffled when it scheduled a meeting for 3 AM without any prior notification. The surprising sentence: 'I was baffled when it scheduled a meeting for 3 AM without any prior notification.';I was baffled when it scheduled a meeting for 3 AM without any prior notification.;2026-08-02T14:38:31.713482+00:00;0;0;0;1;0;0;0;0;0;0
;;;;;;;;"I downloaded this app to track my water intake, and it’s been helpful. But I was surprised when it sent me a notification saying, 'You haven’t drunk water in 2 hours!' while I was in the middle of a meeting. The unexpected part: 'I was surprised when it sent me a notification saying, ""You haven’t drunk water in 2 hours!"" while I was in the middle of a meeting.'";I was surprised when it sent me a notification saying, 'You haven’t drunk water in 2 hours!' while I was in the middle of a meeting.;2026-08-02T14:38:31.713484+00:00;0;0;0;1;0;0;0;0;0;0
;;;;;;;;This gaming app is addictive, but I was shocked when it suddenly locked one of my favorite features behind a paywall after an update. The surprising sentence: 'I was shocked when it suddenly locked one of my favorite features behind a paywall after an update.';I was shocked when it suddenly locked one of my favorite features behind a paywall after an update.;2026-08-02T14:38:31.713485+00:00;0;0;0;1;0;0;0;0;0;0
;;;;;;;;I've been using this fitness app for a week now, and it's generally great. However, I was surprised when it suggested a 5-mile run as my first workout without even asking about my fitness level!;I was surprised when it suggested a 5-mile run as my first workout without even asking about my fitness level!;2026-08-02T14:38:43.329936+00:00;0;0;0;1;0;0;0;0;0;0
;;;;;;;;The app works fine for ordering food, but I was shocked when it charged me a 'priority delivery fee' even though my order arrived late. That was unexpected and frustrating.;I was shocked when it charged me a 'priority delivery fee' even though my order arrived late.;2026-08-02T14:38:43.329941+00:00;0;0;0;1;0;0;0;0;0;0
;;;;;;;;This meditation app has some great features, but I didn't expect it to send me a notification saying 'You missed your session—are you avoiding peace?' That was a weirdly judgmental surprise.;I didn't expect it to send me a notification saying 'You missed your session—are you avoiding peace?' That was a weirdly judgmental surprise.;2026-08-02T14:38:43.329943+00:00;0;0;0;1;0;0;0;0;0;0
;;;;;;;;I love the design of this weather app, but I was taken aback when it suddenly switched from Celsius to Fahrenheit without any warning. Why would it do that?;I was taken aback when it suddenly switched from Celsius to Fahrenheit without any warning.;2026-08-02T14:38:43.329945+00:00;0;0;0;1;0;0;0;0;0;0
;;;;;;;;The budgeting app is helpful, but I was surprised to see it categorize my 'coffee' purchase as 'alcohol' in the spending summary. That’s a strange mistake!;I was surprised to see it categorize my 'coffee' purchase as 'alcohol' in the spending summary.;2026-08-02T14:38:43.329947+00:00;0;0;0;1;0;0;0;0;0;0
;;;;;;;;This language-learning app is fun, but I didn’t expect it to lock me out of lessons because I ‘failed’ one quiz. That’s an unexpected and harsh penalty for a free app.;I didn’t expect it to lock me out of lessons because I ‘failed’ one quiz.;2026-08-02T14:38:43.329949+00:00;0;0;0;1;0;0;0;0;0;0
;;;;;;;;The ride-sharing app is usually reliable, but I was shocked when my driver’s profile picture changed mid-ride to something completely different. That was unsettling!;I was shocked when my driver’s profile picture changed mid-ride to something completely different.;2026-08-02T14:38:43.329950+00:00;0;0;0;1;0;0;0;0;0;0
;;;;;;;;I like this photo-editing app, but I was surprised when it automatically applied a filter I didn’t choose and then asked me to pay to remove it. That’s sneaky!;I was surprised when it automatically applied a filter I didn’t choose and then asked me to pay to remove it.;2026-08-02T14:38:43.329952+00:00;0;0;0;1;0;0;0;0;0;0
;;;;;;;;The note-taking app is great, but I was caught off guard when it synced my personal notes to a shared workspace without asking. That’s a privacy concern!;I was caught off guard when it synced my personal notes to a shared workspace without asking.;2026-08-02T14:38:43.329954+00:00;0;0;0;1;0;0;0;0;0;0
;;;;;;;;This gaming app is addictive, but I was surprised when it started showing ads for other games in the middle of my turn. That’s a weird place to put an ad!;I was surprised when it started showing ads for other games in the middle of my turn.;2026-08-02T14:38:43.329955+00:00;0;0;0;1;0;0;0;0;0;0
;;;;;;;;I've been using this fitness app for a week now, and it's generally great. However, I was surprised when it suggested a 5-mile run right after I input that I was a beginner. The sentence that stood out was: 'I didn’t expect such an intense recommendation so early on!';I didn’t expect such an intense recommendation so early on!;2026-08-02T14:38:57.212168+00:00;0;0;0;1;0;0;0;0;0;0
;;;;;;;;The app is decent for tracking expenses, but I was taken aback by one feature. Out of nowhere, it showed: 'You’ve spent 200% more on coffee this month!' I had no idea my caffeine habit was that bad.;Out of nowhere, it showed: 'You’ve spent 200% more on coffee this month!';2026-08-02T14:38:57.212176+00:00;0;0;0;1;0;0;0;0;0;0
;;;;;;;;I love this meditation app, but one thing caught me off guard. After a session, it popped up with: 'Your stress levels are unusually high for someone who just meditated.' That was unexpected and kind of unsettling.;Your stress levels are unusually high for someone who just meditated.;2026-08-02T14:38:57.212180+00:00;0;0;0;1;0;0;0;0;0;0
;;;;;;;;This language learning app is fun, but I was surprised when it suddenly switched my learning path. The notification read: 'We’ve detected you’re already fluent in Spanish—switching to French!' I’m nowhere near fluent!;We’ve detected you’re already fluent in Spanish—switching to French!;2026-08-02T14:38:57.212183+00:00;0;0;0;1;0;0;0;0;0;0
;;;;;;;;The app is good for recipes, but I was shocked when it suggested a dessert that included an ingredient I’m allergic to. The line that surprised me was: 'Try this peanut butter cheesecake—it’s a crowd-pleaser!' I’m allergic to peanuts!;Try this peanut butter cheesecake—it’s a crowd-pleaser!;2026-08-02T14:38:57.212186+00:00;0;0;0;1;0;0;0;0;0;0
;;;;;;;;I use this weather app daily, but today it gave me a jolt. It said: 'Warning: Unusual solar activity detected in your area.' I had no idea what that even meant or if I should be worried!;Warning: Unusual solar activity detected in your area.;2026-08-02T14:38:57.212188+00:00;0;0;0;1;0;0;0;0;0;0
;;;;;;;;This budgeting app is usually reliable, but I was surprised when it flagged a small transaction as 'suspicious.' The alert read: 'Possible fraud detected: $3.50 at a coffee shop.' It was just my morning latte!;Possible fraud detected: $3.50 at a coffee shop.;2026-08-02T14:38:57.212191+00:00;0;0;0;1;0;0;0;0;0;0
;;;;;;;;I enjoy this music streaming app, but one feature left me baffled. It suddenly created a playlist titled: 'Songs for when you’re feeling existential.' I wasn’t feeling existential—I was just making dinner!;Songs for when you’re feeling existential.;2026-08-02T14:38:57.212193+00:00;0;0;0;1;0;0;0;0;0;0
;;;;;;;;The app is great for tracking my sleep, but I was surprised by its conclusion this morning. It said: 'You had 0 minutes of deep sleep last night.' That can’t be right—I feel fine!;You had 0 minutes of deep sleep last night.;2026-08-02T14:38:57.212196+00:00;0;0;0;1;0;0;0;0;0;0
;;;;;;;;This gaming app is addictive, but I was caught off guard by a random pop-up. It read: 'You’ve unlocked a secret level! (But you can’t play it yet.)' Why tease me like that?;You’ve unlocked a secret level! (But you can’t play it yet.);2026-08-02T14:38:57.212203+00:00;0;0;0;1;0;0;0;0;0;0
;;;;;;;;I've been using this fitness app for a week now, and it's been great so far. However, I was surprised when it suggested a 2-hour workout at 11 PM last night. Who does that right before bed?;However, I was surprised when it suggested a 2-hour workout at 11 PM last night.;2026-08-02T14:39:09.378342+00:00;0;0;0;1;0;0;0;0;0;0
;;;;;;;;The app is generally good, but I didn't expect it to send me a notification congratulating me on completing a '5-day streak' when I had only used it for 2 days. Surprised and a bit confused here!;but I didn't expect it to send me a notification congratulating me on completing a '5-day streak' when I had only used it for 2 days.;2026-08-02T14:39:09.378348+00:00;0;0;0;1;0;0;0;0;0;0
;;;;;;;;Love the design and features of this app! I was taken aback, though, when it asked for permission to access my contacts just to set up a simple profile. Surprised this is even necessary.;I was taken aback, though, when it asked for permission to access my contacts just to set up a simple profile.;2026-08-02T14:39:09.378350+00:00;0;0;0;1;0;0;0;0;0;0
;;;;;;;;This budgeting app has been a lifesaver, but I was shocked to see it categorize my grocery spending as 'entertainment.' Surprised it didn't recognize such a basic expense!;but I was shocked to see it categorize my grocery spending as 'entertainment.';2026-08-02T14:39:09.378352+00:00;0;0;0;1;0;0;0;0;0;0
;;;;;;;;I enjoy using this language-learning app, but I was caught off guard when it suddenly switched my learning language from Spanish to French without any warning. Surprised by the lack of notification!;but I was caught off guard when it suddenly switched my learning language from Spanish to French without any warning.;2026-08-02T14:39:09.378354+00:00;0;0;0;1;0;0;0;0;0;0
;;;;;;;;The app works smoothly most of the time, but I was really surprised when it logged me out in the middle of a transaction and didn't save my progress. Not cool!;but I was really surprised when it logged me out in the middle of a transaction and didn't save my progress.;2026-08-02T14:39:09.378355+00:00;0;0;0;1;0;0;0;0;0;0
;;;;;;;;Great app overall! I did a double-take, though, when it showed me an ad for a product I had just searched for on a completely different app. Surprised by how quickly it picked that up!;I did a double-take, though, when it showed me an ad for a product I had just searched for on a completely different app.;2026-08-02T14:39:09.378357+00:00;0;0;0;1;0;0;0;0;0;0
;;;;;;;;This meditation app has been wonderful, but I was surprised when it recommended a 'sleep story' that was only 3 minutes long. I was expecting something a bit longer for bedtime!;but I was surprised when it recommended a 'sleep story' that was only 3 minutes long.;2026-08-02T14:39:09.378359+00:00;0;0;0;1;0;0;0;0;0;0
;;;;;;;;I rely on this weather app daily, but I was taken by surprise when it predicted 'sunny skies' for my area, and it rained all day. Surprised by the inaccuracy!;but I was taken by surprise when it predicted 'sunny skies' for my area, and it rained all day.;2026-08-02T14:39:09.378361+00:00;0;0;0;1;0;0;0;0;0;0
;;;;;;;;The app is user-friendly and efficient, but I was shocked when it automatically renewed my subscription without sending any prior notification. Surprised and frustrated by this!;but I was shocked when it automatically renewed my subscription without sending any prior notification.;2026-08-02T14:39:09.378362+00:00;0;0;0;1;0;0;0;0;0;0
;;;;;;;;I've been using this fitness app for a week now, and it's generally great. However, I was surprised when it suggested a 5-mile run after I input that I was a beginner. That's way too intense for someone just starting out!;I was surprised when it suggested a 5-mile run after I input that I was a beginner.;2026-08-02T14:39:19.949358+00:00;0;0;0;1;0;0;0;0;0;0
;;;;;;;;The app works smoothly most of the time, but I didn’t expect it to log me out randomly in the middle of a transaction. Surprised and a bit frustrated, honestly.;I didn’t expect it to log me out randomly in the middle of a transaction.;2026-08-02T14:39:19.949364+00:00;0;0;0;1;0;0;0;0;0;0
;;;;;;;;This meditation app is usually calming, but today it suddenly played an ad at full volume right in the middle of a session. I nearly jumped out of my skin!;Today it suddenly played an ad at full volume right in the middle of a session.;2026-08-02T14:39:19.949367+00:00;0;0;0;1;0;0;0;0;0;0
;;;;;;;;I love the features in this recipe app, but I was taken aback when it recommended substituting sugar with salt in my dessert recipe. That’s a recipe for disaster!;I was taken aback when it recommended substituting sugar with salt in my dessert recipe.;2026-08-02T14:39:19.949369+00:00;0;0;0;1;0;0;0;0;0;0
;;;;;;;;The navigation app is reliable, but I was shocked when it rerouted me through a private residential area. I felt like I was trespassing!;I was shocked when it rerouted me through a private residential area.;2026-08-02T14:39:19.949370+00:00;0;0;0;1;0;0;0;0;0;0
;;;;;;;;This language learning app is fantastic, but I didn’t anticipate it to mark my correct answer as wrong just because I used a synonym. That was unexpected and confusing.;I didn’t anticipate it to mark my correct answer as wrong just because I used a synonym.;2026-08-02T14:39:19.949372+00:00;0;0;0;1;0;0;0;0;0;0
;;;;;;;;The app is great for tracking my expenses, but I was surprised when it categorized my grocery trip as 'entertainment.' How does that even make sense?;I was surprised when it categorized my grocery trip as 'entertainment.';2026-08-02T14:39:19.949374+00:00;0;0;0;1;0;0;0;0;0;0
;;;;;;;;I enjoy using this weather app, but I was caught off guard when it predicted snow in July for my location. That’s not just unexpected—it’s impossible!;I was caught off guard when it predicted snow in July for my location.;2026-08-02T14:39:19.949376+00:00;0;0;0;1;0;0;0;0;0;0
;;;;;;;;This habit-tracking app is usually helpful, but I was startled when it sent me a notification saying, 'You failed your goal' after just one missed day. A little harsh, don’t you think?;I was startled when it sent me a notification saying, 'You failed your goal' after just one missed day.;2026-08-02T14:39:19.949377+00:00;0;0;0;1;0;0;0;0;0;0
;;;;;;;;The app is user-friendly, but I was surprised when it asked for permission to access my contacts just to set a reminder. Why would it need that?;I was surprised when it asked for permission to access my contacts just to set a reminder.;2026-08-02T14:39:19.949379+00:00;0;0;0;1;0;0;0;0;0;0
;;;;;;;;I've been using this fitness app for a week now, and it's generally great. However, I was surprised when it suggested a 5-mile run right after I input that I was a beginner. That's way too intense for someone just starting out!;I was surprised when it suggested a 5-mile run right after I input that I was a beginner.;2026-08-02T14:39:30.852844+00:00;0;0;0;1;0;0;0;0;0;0
;;;;;;;;The app works fine for the most part, but I was taken aback when it suddenly logged me out in the middle of a transaction and didn’t save my progress. That was unexpected and a bit frustrating.;I was taken aback when it suddenly logged me out in the middle of a transaction and didn’t save my progress.;2026-08-02T14:39:30.852850+00:00;0;0;0;1;0;0;0;0;0;0
;;;;;;;;I love how this meditation app has so many features, but I didn’t expect it to ask for my location permissions. Why does a meditation app need to know where I am? That was odd.;I didn’t expect it to ask for my location permissions.;2026-08-02T14:39:30.852852+00:00;0;0;0;1;0;0;0;0;0;0
;;;;;;;;This recipe app is usually spot-on, but I was shocked when it recommended substituting sugar with salt in my dessert recipe. That’s a huge mistake!;I was shocked when it recommended substituting sugar with salt in my dessert recipe.;2026-08-02T14:39:30.852854+00:00;0;0;0;1;0;0;0;0;0;0
;;;;;;;;The app is smooth and easy to use, but I was surprised when it showed me ads for competing apps right after I paid for the premium version. That felt counterintuitive.;I was surprised when it showed me ads for competing apps right after I paid for the premium version.;2026-08-02T14:39:30.852856+00:00;0;0;0;1;0;0;0;0;0;0
;;;;;;;;I’ve been using this language-learning app for a while, and it’s been helpful. However, I was caught off guard when it marked a correct answer as wrong just because I used a synonym. That’s not very intuitive.;I was caught off guard when it marked a correct answer as wrong just because I used a synonym.;2026-08-02T14:39:30.852858+00:00;0;0;0;1;0;0;0;0;0;0
;;;;;;;;The app is great for tracking my expenses, but I was surprised when it categorized my grocery shopping as 'entertainment.' That’s not even close to accurate!;I was surprised when it categorized my grocery shopping as 'entertainment.';2026-08-02T14:39:30.852859+00:00;0;0;0;1;0;0;0;0;0;0
;;;;;;;;I like this weather app, but I was taken aback when it sent me a notification about a storm warning in a city I’ve never even visited. Why would it assume I’m there?;I was taken aback when it sent me a notification about a storm warning in a city I’ve never even visited.;2026-08-02T14:39:30.852861+00:00;0;0;0;1;0;0;0;0;0;0
;;;;;;;;This habit-tracking app is usually reliable, but I was surprised when it congratulated me for completing a task I hadn’t even started. How did that happen?;I was surprised when it congratulated me for completing a task I hadn’t even started.;2026-08-02T14:39:30.852863+00:00;0;0;0;1;0;0;0;0;0;0
;;;;;;;;The app is user-friendly, but I was shocked when it automatically shared my workout results on social media without asking for my permission. That’s a major privacy concern!;I was shocked when it automatically shared my workout results on social media without asking for my permission.;2026-08-02T14:39:30.852864+00:00;0;0;0;1;0;0;0;0;0;0
;;;;;;;;I've been using this fitness app for a week now, and it's been great so far. However, I was surprised when it suggested a 5-mile run for my first workout—considering I set my fitness level to beginner!;I was surprised when it suggested a 5-mile run for my first workout—considering I set my fitness level to beginner!;2026-08-02T14:39:42.517636+00:00;0;0;0;1;0;0;0;0;0;0
;;;;;;;;The app is generally smooth, but I didn’t expect it to ask for my location every single time I open it. Why does it need to know where I am just to set a reminder? Surprised by this persistent request.;Surprised by this persistent request for my location every time I open the app.;2026-08-02T14:39:42.517641+00:00;0;0;0;1;0;0;0;0;0;0
;;;;;;;;I love the design of this meditation app, but I was taken aback when it sent me a notification saying, 'You’ve failed your streak—start over.' That’s a bit harsh for a wellness app!;I was taken aback when it sent me a notification saying, 'You’ve failed your streak—start over.';2026-08-02T14:39:42.517644+00:00;0;0;0;1;0;0;0;0;0;0
;;;;;;;;This budgeting app is usually reliable, but today it flagged a $5 coffee purchase as 'suspicious activity.' I was shocked—it’s not like I bought a yacht!;I was shocked when it flagged a $5 coffee purchase as 'suspicious activity.';2026-08-02T14:39:42.517646+00:00;0;0;0;1;0;0;0;0;0;0
;;;;;;;;The app works well for tracking my sleep, but I didn’t expect it to rate my sleep quality as 'poor' because I took a 20-minute nap. That’s not how naps work!;I didn’t expect it to rate my sleep quality as 'poor' because I took a 20-minute nap.;2026-08-02T14:39:42.517648+00:00;0;0;0;1;0;0;0;0;0;0
;;;;;;;;I’ve been using this language-learning app for months, and it’s been fantastic. However, I was surprised when it suddenly switched my progress from 'Intermediate' to 'Beginner' overnight without any explanation.;I was surprised when it suddenly switched my progress from 'Intermediate' to 'Beginner' overnight.;2026-08-02T14:39:42.517649+00:00;0;0;0;1;0;0;0;0;0;0
;;;;;;;;The app is great for organizing my photos, but I was caught off guard when it automatically created a 'Memories' album for my vacation—complete with a song I’ve never heard before playing in the background.;I was caught off guard when it automatically created a 'Memories' album with a song I’ve never heard before.;2026-08-02T14:39:42.517651+00:00;0;0;0;1;0;0;0;0;0;0
;;;;;;;;This recipe app has been a lifesaver, but I was shocked when it suggested I add 'a pinch of salt' to my coffee. Is this a glitch or a new trend?;I was shocked when it suggested I add 'a pinch of salt' to my coffee.;2026-08-02T14:39:42.517653+00:00;0;0;0;1;0;0;0;0;0;0
;;;;;;;;I rely on this weather app daily, but today it told me there was a 100% chance of 'frog rain' in my area. I’m not sure if this is a joke or a serious bug!;Today it told me there was a 100% chance of 'frog rain' in my area.;2026-08-02T14:39:42.517655+00:00;0;0;0;1;0;0;0;0;0;0
;;;;;;;;The app is user-friendly, but I was surprised when it asked me to rate it after just 10 minutes of use. How am I supposed to know if it’s good yet?;I was surprised when it asked me to rate it after just 10 minutes of use.;2026-08-02T14:39:42.517656+00:00;0;0;0;1;0;0;0;0;0;0
;;;;;;;;I've been using this fitness app for a week now, and it's generally good. However, I was surprised when it suggested a 5-mile run as my first workout—considering I set my fitness level to beginner!;I was surprised when it suggested a 5-mile run as my first workout—considering I set my fitness level to beginner!;2026-08-02T14:39:56.818950+00:00;0;0;0;1;0;0;0;0;0;0
;;;;;;;;The app is decent for tracking expenses, but I didn’t expect it to send me a notification saying, 'You’ve spent 80% of your monthly budget on coffee'—how does it even know?!;I didn’t expect it to send me a notification saying, 'You’ve spent 80% of your monthly budget on coffee'—how does it even know?!;2026-08-02T14:39:56.818955+00:00;0;0;0;1;0;0;0;0;0;0
;;;;;;;;I love the design of this meditation app, but I was taken aback when it asked me to rate it after just one session. How am I supposed to judge its effectiveness so soon?;I was taken aback when it asked me to rate it after just one session.;2026-08-02T14:39:56.818958+00:00;0;0;0;1;0;0;0;0;0;0
;;;;;;;;This language-learning app is great, but I was shocked when it suddenly switched my interface language to Spanish mid-lesson—without warning!;I was shocked when it suddenly switched my interface language to Spanish mid-lesson—without warning!;2026-08-02T14:39:56.818960+00:00;0;0;0;1;0;0;0;0;0;0
;;;;;;;;The app works well for scheduling, but I was surprised when it auto-assigned me to a meeting I never agreed to attend. That’s not how calendars should work!;I was surprised when it auto-assigned me to a meeting I never agreed to attend.;2026-08-02T14:39:56.818962+00:00;0;0;0;1;0;0;0;0;0;0
;;;;;;;;I like the features of this recipe app, but I didn’t expect it to suggest a dessert recipe with 20 ingredients when I only had 5 in my pantry. That’s just unrealistic!;I didn’t expect it to suggest a dessert recipe with 20 ingredients when I only had 5 in my pantry.;2026-08-02T14:39:56.818964+00:00;0;0;0;1;0;0;0;0;0;0
;;;;;;;;The app is smooth for tracking sleep, but I was caught off guard when it sent me a notification saying, 'Your sleep quality was poor last night—did you have a nightmare?' How does it know that?!;I was caught off guard when it sent me a notification saying, 'Your sleep quality was poor last night—did you have a nightmare?';2026-08-02T14:39:56.818966+00:00;0;0;0;1;0;0;0;0;0;0
;;;;;;;;This shopping app is user-friendly, but I was surprised when it showed me an ad for a product I had just searched for on a completely different app. That’s a little too personalized!;I was surprised when it showed me an ad for a product I had just searched for on a completely different app.;2026-08-02T14:39:56.818967+00:00;0;0;0;1;0;0;0;0;0;0
;;;;;;;;I enjoy using this weather app, but I was shocked when it predicted a snowstorm in July for my location. That’s not just inaccurate—it’s impossible!;I was shocked when it predicted a snowstorm in July for my location.;2026-08-02T14:39:56.818969+00:00;0;0;0;1;0;0;0;0;0;0
;;;;;;;;The app is helpful for tracking habits, but I was taken aback when it congratulated me for 'completing a 30-day streak' after I had only used it for 3 days. That’s not how streaks work!;I was taken aback when it congratulated me for 'completing a 30-day streak' after I had only used it for 3 days.;2026-08-02T14:39:56.818971+00:00;0;0;0;1;0;0;0;0;0;0
;;;;;;;;I've been using this fitness app for a week now, and it's generally good. However, I was surprised when it recommended a workout plan that was way too advanced for my level. I had to adjust everything manually.;I was surprised when it recommended a workout plan that was way too advanced for my level.;2026-08-02T14:40:07.322329+00:00;0;0;0;1;0;0;0;0;0;0
;;;;;;;;The app is decent for tracking expenses, but I didn’t expect it to sync with my bank so quickly. I was surprised to see all my transactions from the past year pop up immediately after linking my account!;I was surprised to see all my transactions from the past year pop up immediately after linking my account!;2026-08-02T14:40:07.322334+00:00;0;0;0;1;0;0;0;0;0;0
;;;;;;;;This meditation app has great content, but I was taken aback when it asked for microphone permissions. Why would a meditation app need access to my mic? That was unexpected.;I was taken aback when it asked for microphone permissions.;2026-08-02T14:40:07.322337+00:00;0;0;0;1;0;0;0;0;0;0
;;;;;;;;I love the design of this weather app, but I was shocked when it showed a snow alert for my city in the middle of summer. That’s definitely a glitch or some weird data mix-up.;I was shocked when it showed a snow alert for my city in the middle of summer.;2026-08-02T14:40:07.322339+00:00;0;0;0;1;0;0;0;0;0;0
;;;;;;;;The recipe app is fantastic, but I wasn’t prepared for how many ads it has. I was surprised when an ad popped up after every single step in the instructions—it’s a bit much.;I was surprised when an ad popped up after every single step in the instructions—it’s a bit much.;2026-08-02T14:40:07.322341+00:00;0;0;0;1;0;0;0;0;0;0
;;;;;;;;This habit-tracking app is useful, but I didn’t expect it to send me a notification at 3 AM saying, 'You forgot to log your water intake!' That was a strange surprise.;That was a strange surprise.;2026-08-02T14:40:07.322342+00:00;0;0;0;1;0;0;0;0;0;0
;;;;;;;;The language learning app is great, but I was caught off guard when it suddenly switched to a completely different language mid-lesson. I had to restart the app to fix it.;I was caught off guard when it suddenly switched to a completely different language mid-lesson.;2026-08-02T14:40:07.322344+00:00;0;0;0;1;0;0;0;0;0;0
;;;;;;;;I use this note-taking app daily, but I was surprised when it autosaved a draft I didn’t mean to keep. Now I have a bunch of random notes cluttering my workspace.;I was surprised when it autosaved a draft I didn’t mean to keep.;2026-08-02T14:40:07.322346+00:00;0;0;0;1;0;0;0;0;0;0
;;;;;;;;The app for tracking my sleep is mostly accurate, but I was shocked when it said I had 0 hours of sleep last night. I definitely slept, so that’s just wrong.;I was shocked when it said I had 0 hours of sleep last night.;2026-08-02T14:40:07.322347+00:00;0;0;0;1;0;0;0;0;0;0
;;;;;;;;This shopping app has good deals, but I wasn’t expecting it to show me items I’d already purchased as 'recommended' again. That was an odd surprise.;That was an odd surprise.;2026-08-02T14:40:07.322350+00:00;0;0;0;1;0;0;0;0;0;0
;;;;;;;;I've been using this fitness app for a week now, and it's generally good. However, I was surprised when it suddenly logged me out in the middle of a workout without any warning. I had to restart my session all over again.;I was surprised when it suddenly logged me out in the middle of a workout without any warning.;2026-08-02T14:40:17.430579+00:00;0;0;0;1;0;0;0;0;0;0
;;;;;;;;The app works fine for the most part, but I didn't expect it to ask for my location every single time I open it. Surprised by how persistent the permission requests are!;Surprised by how persistent the permission requests are!;2026-08-02T14:40:17.430585+00:00;0;0;0;1;0;0;0;0;0;0
;;;;;;;;I love the concept of this recipe app, but I was taken aback when it recommended a 5-hour cooking time for a simple pasta dish. Who has time for that?;I was taken aback when it recommended a 5-hour cooking time for a simple pasta dish.;2026-08-02T14:40:17.430589+00:00;0;0;0;1;0;0;0;0;0;0
;;;;;;;;This meditation app has great features, but I was shocked to see ads popping up during a guided session. It completely ruined the experience.;I was shocked to see ads popping up during a guided session.;2026-08-02T14:40:17.430591+00:00;0;0;0;1;0;0;0;0;0;0
;;;;;;;;The app is user-friendly, but I didn't anticipate it sending me a notification congratulating me on a 'streak' after just one day of use. Felt a bit premature!;I didn't anticipate it sending me a notification congratulating me on a 'streak' after just one day of use.;2026-08-02T14:40:17.430594+00:00;0;0;0;1;0;0;0;0;0;0
;;;;;;;;Overall, the app is decent, but I was surprised when it changed the layout of my dashboard overnight without any prior notice. Had to spend time figuring it out again.;I was surprised when it changed the layout of my dashboard overnight without any prior notice.;2026-08-02T14:40:17.430597+00:00;0;0;0;1;0;0;0;0;0;0
;;;;;;;;This budgeting app is helpful, but I was caught off guard when it flagged a small coffee purchase as 'suspicious activity.' It’s just coffee!;I was caught off guard when it flagged a small coffee purchase as 'suspicious activity.';2026-08-02T14:40:17.430599+00:00;0;0;0;1;0;0;0;0;0;0
;;;;;;;;I enjoy using this language-learning app, but I was startled when it marked a correct answer as wrong during a quiz. Double-checked, and I was right!;I was startled when it marked a correct answer as wrong during a quiz.;2026-08-02T14:40:17.430602+00:00;0;0;0;1;0;0;0;0;0;0
;;;;;;;;The app is great for tracking my runs, but I was surprised when it showed me a 'personal best' time for a route I’ve never run before. Clearly a glitch.;I was surprised when it showed me a 'personal best' time for a route I’ve never run before.;2026-08-02T14:40:17.430605+00:00;0;0;0;1;0;0;0;0;0;0
;;;;;;;;This photo editing app has some cool filters, but I was taken by surprise when it automatically saved edited photos to my gallery without asking. Not cool!;I was taken by surprise when it automatically saved edited photos to my gallery without asking.;2026-08-02T14:40:17.430608+00:00;0;0;0;1;0;0;0;0;0;0
;;;;;;;;I've been using this fitness app for a week now, and it's been great so far. However, I was surprised when it suddenly logged me out in the middle of a workout and wouldn't let me back in without a subscription. I didn't expect that at all!;I was surprised when it suddenly logged me out in the middle of a workout and wouldn't let me back in without a subscription.;2026-08-02T14:40:30.939049+00:00;0;0;0;1;0;0;0;0;0;0
;;;;;;;;The app is generally good, but I was taken aback when it started showing me ads for products I had just searched for on a completely different website. How does it even know what I was looking at?;I was taken aback when it started showing me ads for products I had just searched for on a completely different website.;2026-08-02T14:40:30.939054+00:00;0;0;0;1;0;0;0;0;0;0
;;;;;;;;This meditation app has a nice interface, but I was shocked to see that the free version only includes one 5-minute session. I thought there would be more variety without paying!;I was shocked to see that the free version only includes one 5-minute session.;2026-08-02T14:40:30.939057+00:00;0;0;0;1;0;0;0;0;0;0
;;;;;;;;I love the concept of this recipe app, but I didn’t expect it to ask for my location every single time I open it. Why does it need to know where I am just to show me recipes?;I didn’t expect it to ask for my location every single time I open it.;2026-08-02T14:40:30.939059+00:00;0;0;0;1;0;0;0;0;0;0
;;;;;;;;The app works well for tracking my expenses, but I was surprised when it sent me a notification saying, 'You spent $500 on coffee this month!' I didn’t realize I had spent that much!;I was surprised when it sent me a notification saying, 'You spent $500 on coffee this month!';2026-08-02T14:40:30.939061+00:00;0;0;0;1;0;0;0;0;0;0
;;;;;;;;This language-learning app is fun, but I was caught off guard when it started playing loud audio ads in the middle of my lesson. I wasn’t wearing headphones, and it startled me!;I was caught off guard when it started playing loud audio ads in the middle of my lesson.;2026-08-02T14:40:30.939063+00:00;0;0;0;1;0;0;0;0;0;0
;;;;;;;;I like the features of this weather app, but I was surprised when it showed a snowstorm warning for my area—only for it to be 80 degrees and sunny outside. That was a weird glitch!;I was surprised when it showed a snowstorm warning for my area—only for it to be 80 degrees and sunny outside.;2026-08-02T14:40:30.939064+00:00;0;0;0;1;0;0;0;0;0;0
;;;;;;;;The app is useful for organizing my schedule, but I didn’t expect it to change the time of my recurring meeting without asking me. It moved it from 2 PM to 6 AM, and I almost missed it!;I didn’t expect it to change the time of my recurring meeting without asking me.;2026-08-02T14:40:30.939066+00:00;0;0;0;1;0;0;0;0;0;0
;;;;;;;;This gaming app is addictive, but I was surprised when it asked me to pay $10 to unlock a character I had already earned through gameplay. That felt like a bait-and-switch!;I was surprised when it asked me to pay $10 to unlock a character I had already earned through gameplay.;2026-08-02T14:40:30.939068+00:00;0;0;0;1;0;0;0;0;0;0
;;;;;;;;I’ve enjoyed using this photo-editing app, but I was taken aback when it automatically shared one of my edited photos to my social media without my permission. That was not cool!;I was taken aback when it automatically shared one of my edited photos to my social media without my permission.;2026-08-02T14:40:30.939070+00:00;0;0;0;1;0;0;0;0;0;0
;;;;;;;;I've been using this fitness app for a week now, and it's been great so far. However, I was surprised when it suggested a 2-hour workout session after logging just a 10-minute walk. It felt a bit excessive for my current routine.;I was surprised when it suggested a 2-hour workout session after logging just a 10-minute walk.;2026-08-02T14:40:48.080483+00:00;0;0;0;1;0;0;0;0;0;0
;;;;;;;;The app is generally good for budgeting, but I didn’t expect it to categorize my grocery shopping as 'entertainment.' Surprised by how off the auto-categorization can be sometimes!;Surprised by how off the auto-categorization can be sometimes!;2026-08-02T14:40:48.080488+00:00;0;0;0;1;0;0;0;0;0;0
;;;;;;;;I love this meditation app, but I was taken aback when it sent me a notification saying, 'You haven’t meditated in 3 days—are you okay?' Felt a bit too personal for an app!;I was taken aback when it sent me a notification saying, 'You haven’t meditated in 3 days—are you okay?';2026-08-02T14:40:48.080491+00:00;0;0;0;1;0;0;0;0;0;0
;;;;;;;;This language learning app is fantastic, but I was shocked when it suddenly switched my learning path from Spanish to French without any warning. I had to reset everything!;I was shocked when it suddenly switched my learning path from Spanish to French without any warning.;2026-08-02T14:40:48.080493+00:00;0;0;0;1;0;0;0;0;0;0
;;;;;;;;The app is smooth and easy to use, but I was surprised when it asked me to verify my identity by taking a selfie—just to check my account balance. Felt unnecessary.;I was surprised when it asked me to verify my identity by taking a selfie—just to check my account balance.;2026-08-02T14:40:48.080494+00:00;0;0;0;1;0;0;0;0;0;0
;;;;;;;;I’ve been using this recipe app for months, and it’s usually spot-on. But today, it suggested adding 'a cup of salt' to a dessert recipe. Surprised it didn’t catch that mistake!;But today, it suggested adding 'a cup of salt' to a dessert recipe. Surprised it didn’t catch that mistake!;2026-08-02T14:40:48.080496+00:00;0;0;0;1;0;0;0;0;0;0
;;;;;;;;The app is great for tracking my sleep, but I was surprised when it rated my 8-hour sleep as 'poor' because I tossed and turned for 5 minutes. Seems a bit harsh!;I was surprised when it rated my 8-hour sleep as 'poor' because I tossed and turned for 5 minutes.;2026-08-02T14:40:48.080498+00:00;0;0;0;1;0;0;0;0;0;0
;;;;;;;;This ride-sharing app is usually reliable, but I was shocked when it charged me a 'long pickup fee' for a driver who was only 2 minutes away. No warning at all!;I was shocked when it charged me a 'long pickup fee' for a driver who was only 2 minutes away.;2026-08-02T14:40:48.080500+00:00;0;0;0;1;0;0;0;0;0;0
;;;;;;;;I like this photo editing app, but I was surprised when it automatically applied a filter to my photo without asking. I had to undo it to get my original back.;I was surprised when it automatically applied a filter to my photo without asking.;2026-08-02T14:40:48.080501+00:00;0;0;0;1;0;0;0;0;0;0
;;;;;;;;The app is helpful for tracking my water intake, but I was taken aback when it sent me a notification saying, 'You’re dehydrated!' after I skipped one glass. A little dramatic, don’t you think?;I was taken aback when it sent me a notification saying, 'You’re dehydrated!' after I skipped one glass.;2026-08-02T14:40:48.080503+00:00;0;0;0;1;0;0;0;0;0;0
;;;;;;;;I've been using this fitness app for a week now, and it's been great so far. However, I was surprised when it suddenly logged me out in the middle of a workout and wouldn't let me back in without a restart. The sentence: 'I was surprised when it suddenly logged me out in the middle of a workout and wouldn't let me back in without a restart.';I was surprised when it suddenly logged me out in the middle of a workout and wouldn't let me back in without a restart.;2026-08-02T14:41:04.961297+00:00;0;0;0;1;0;0;0;0;0;0
;;;;;;;;This photo editing app has some amazing filters! But I was taken aback when one of my edited photos disappeared from my gallery without any warning. The sentence: 'But I was taken aback when one of my edited photos disappeared from my gallery without any warning.';But I was taken aback when one of my edited photos disappeared from my gallery without any warning.;2026-08-02T14:41:04.961302+00:00;0;0;0;1;0;0;0;0;0;0
;;;;;;;;The navigation app is usually spot-on, but today it directed me to a road that was clearly under construction and inaccessible. It was quite unexpected! The sentence: 'It was quite unexpected when it directed me to a road that was clearly under construction and inaccessible.';It was quite unexpected when it directed me to a road that was clearly under construction and inaccessible.;2026-08-02T14:41:04.961304+00:00;0;0;0;1;0;0;0;0;0;0
;;;;;;;;I love this language learning app, but I was shocked to see a premium feature unlocked for free one day and then locked again the next. The sentence: 'I was shocked to see a premium feature unlocked for free one day and then locked again the next.';I was shocked to see a premium feature unlocked for free one day and then locked again the next.;2026-08-02T14:41:04.961306+00:00;0;0;0;1;0;0;0;0;0;0
;;;;;;;;This budgeting app is fantastic for tracking expenses, but I was caught off guard when it flagged a legitimate transaction as fraudulent. The sentence: 'I was caught off guard when it flagged a legitimate transaction as fraudulent.';I was caught off guard when it flagged a legitimate transaction as fraudulent.;2026-08-02T14:41:04.961308+00:00;0;0;0;1;0;0;0;0;0;0
;;;;;;;;The music streaming app has a great library, but I was surprised when it started playing a completely different song than the one I selected. The sentence: 'I was surprised when it started playing a completely different song than the one I selected.';I was surprised when it started playing a completely different song than the one I selected.;2026-08-02T14:41:04.961309+00:00;0;0;0;1;0;0;0;0;0;0
;;;;;;;;I enjoy using this meditation app for its calming sessions. However, I was startled when a loud notification sound interrupted a silent meditation track. The sentence: 'I was startled when a loud notification sound interrupted a silent meditation track.';I was startled when a loud notification sound interrupted a silent meditation track.;2026-08-02T14:41:04.961311+00:00;0;0;0;1;0;0;0;0;0;0
;;;;;;;;This recipe app has some delicious meal ideas, but I was taken by surprise when it suggested an ingredient I’m allergic to without any warning. The sentence: 'I was taken by surprise when it suggested an ingredient I’m allergic to without any warning.';I was taken by surprise when it suggested an ingredient I’m allergic to without any warning.;2026-08-02T14:41:04.961313+00:00;0;0;0;1;0;0;0;0;0;0
;;;;;;;;The gaming app is fun, but I was amazed when it reset all my progress after an update without any prior notice. The sentence: 'I was amazed when it reset all my progress after an update without any prior notice.';I was amazed when it reset all my progress after an update without any prior notice.;2026-08-02T14:41:04.961315+00:00;0;0;0;1;0;0;0;0;0;0
;;;;;;;;This habit-tracking app is useful, but I was surprised when it congratulated me on a streak I hadn’t actually completed. The sentence: 'I was surprised when it congratulated me on a streak I hadn’t actually completed.';I was surprised when it congratulated me on a streak I hadn’t actually completed.;2026-08-02T14:41:04.961320+00:00;0;0;0;1;0;0;0;0;0;0
;;;;;;;;I've been using this fitness app for a week now, and it's been great so far. However, I was surprised when it suggested a 5-mile run after I input that I was a beginner. That seems a bit extreme for someone just starting out!;I was surprised when it suggested a 5-mile run after I input that I was a beginner.;2026-08-02T14:41:16.537765+00:00;0;0;0;1;0;0;0;0;0;0
;;;;;;;;The app is generally good, but I didn't expect it to access my contacts without asking first. Surprised and a bit concerned about my privacy now.;I didn't expect it to access my contacts without asking first.;2026-08-02T14:41:16.537771+00:00;0;0;0;1;0;0;0;0;0;0
;;;;;;;;I love how this recipe app customizes meal plans, but I was taken aback when it included an exotic ingredient I've never heard of—how am I supposed to find that?;I was taken aback when it included an exotic ingredient I've never heard of.;2026-08-02T14:41:16.537774+00:00;0;0;0;1;0;0;0;0;0;0
;;;;;;;;This meditation app has a nice interface, but I was shocked when it sent me a notification at 3 AM saying, 'You haven’t meditated today—don’t break your streak!' Who decided that was a good idea?;I was shocked when it sent me a notification at 3 AM saying, 'You haven’t meditated today—don’t break your streak!';2026-08-02T14:41:16.537775+00:00;0;0;0;1;0;0;0;0;0;0
;;;;;;;;The app works well for tracking my expenses, but I was surprised when it flagged a small coffee purchase as 'suspicious activity.' That’s a little over the top for a $3 transaction.;I was surprised when it flagged a small coffee purchase as 'suspicious activity.';2026-08-02T14:41:16.537777+00:00;0;0;0;1;0;0;0;0;0;0
;;;;;;;;I enjoy using this language-learning app, but I didn’t expect it to congratulate me on completing a lesson with a fireworks animation that took up my entire screen. It was a bit much.;I didn’t expect it to congratulate me on completing a lesson with a fireworks animation that took up my entire screen.;2026-08-02T14:41:16.537779+00:00;0;0;0;1;0;0;0;0;0;0
;;;;;;;;This ride-sharing app is usually reliable, but I was caught off guard when it charged me double the estimated fare for a short trip. The surge pricing didn’t even make sense at that time of day!;I was caught off guard when it charged me double the estimated fare for a short trip.;2026-08-02T14:41:16.537780+00:00;0;0;0;1;0;0;0;0;0;0
