iteration;app_name;categoryId;reviewId;sentenceId;at;score;feature;review;sentence;Reject;Emotion
iteration_10;Telegram;COMMUNICATION;e19eb64e-fea0-4f11-a113-2d22cb7c4ddd;0;Aug 30, 2022;5;f_339;Telegram is not only the best messanger, but the best APP on android. Its so well built it put even google's or samsung's apps to shame, micro animations, the fluidity, performance and seamlessly. One unique app, it has some issues but the UI is absolutely incredible. FAR better than any other app, let alone messaging apps... not even comparible to meta's whatsapp;Telegram is not only the best messanger, but the best APP on android.;0;0
iteration_10;MixNote NotePad Notes;PRODUCTIVITY;51624ee8-b51e-456e-9d49-b0805fa7e60d;2;Nov 12, 2017;5;f_30;Simple yet stylish and fast.   I really love how easy to use this app is. From Hiding private notes, cloud sync, and making to do. I just hope there's night mode in it.;From Hiding private notes, cloud sync, and making to do.;0;0
iteration_10;Productive - Habit tracker;PRODUCTIVITY;ce62d468-580a-48fe-97fc-08fd5e2bfc1a;2;Aug 08, 2021;2;f_209;I m not satisfied at all. I got the one year premium. How can you charge so much without the ability to sync between devices :O What would happen when i change my phone which i do regulary and how come u cannot save to tje cloud as advertised when the Premium was offered to me. I m looking for an alternative despite having like 11 months left as premium;How can you charge so much without the ability to sync between devices :O;0;0
iteration_10;BlackNote Notepad Notes;PRODUCTIVITY;4e5ec5bd-96d5-4424-bbd0-5288332022df;1;Oct 03, 2021;4;f_247;Not 5 Stars yet because it doesn't have a filter to organize the checklists in Alphabetical order or filters to search specific words or notes. It would be very nice to add that feature in a nearly update and then I will pay for the app. It's very good!;It would be very nice to add that feature in a nearly update and then I will pay for the app.;0;0
iteration_10;Notebook - Notes,To-do,Journal;PRODUCTIVITY;cbd741b7-5ff7-4f44-8b4b-3b0b2652d633;3;Jul 10, 2022;5;f_257;"I love Notebook! I am learning new tips, what can be done, and how to use more if the different features, every day! I will definitely pass the word about how cool Notebook is! I wish there were more similar that would automatically sync across devices! I have way too many notes and use a note app, several times a day! I'm trying to find out if Notepad allows an ""unlimited"" amount of notes, or does is stop after we get to a certain amount?";I wish there were more similar that would automatically sync across devices!;0;0
iteration_10;Weekly Planner;PRODUCTIVITY;94eb7232-ae51-40dd-a6e0-06ac16611345;0;Feb 07, 2022;1;f_494;It just didnt give me the satisfaction of a everyday planner that i like;It just didnt give me the satisfaction of a everyday planner that i like;0;0
iteration_10;Boosted Time Tracker;PRODUCTIVITY;c23435f1-02ec-4326-b198-15fd0a59de47;2;Jan 28, 2022;5;f_262;Beautiful and Simple. Easier to start up than Toggl. I hope for more powerful features like tagging, a browser app, and deeper analytics in the future. Good luck!;I hope for more powerful features like tagging, a browser app, and deeper analytics in the future.;0;0
iteration_10;Google Calendar;PRODUCTIVITY;5329d9b3-ecf1-454f-9a0c-e47d6f98295b;0;Sep 14, 2022;3;f_96;Like the app overall but it will not sync with my wife's calendar. We have tried everything we could find online to solve this problem but have been unsuccessful. Please help!;Like the app overall but it will not sync with my wife's calendar.;0;0
iteration_10;Google Keep - Notes and Lists;PRODUCTIVITY;a63d68a3-be78-498e-9e44-9646a211adc6;2;Aug 30, 2022;4;f_258;App is great. Can we have a theme attached to label, like if we label a note then the theme for that note changes to something that we have assigned to a certain label. Also I hope you launch the text formatting soon;Also I hope you launch the text formatting soon;0;0
iteration_10;Sticker maker;TOOLS;de277d39-7e02-4d4b-bf56-c550e02cea0e;0;Jul 15, 2022;5;f_32;The best app for make stickers for Whatsap. I personally recommend this app for everyone.;The best app for make stickers for Whatsap.;0;0
iteration_10;Instagram;SOCIAL;85c7a4cf-dfad-496a-9dec-f00782837850;0;Sep 14, 2022;5;f_239;This app is best aap for social networking;This app is best aap for social networking;0;0
iteration_10;Joplin;PRODUCTIVITY;85afacf4-2af3-48a8-ae7b-57ec795d76a8;0;Jul 19, 2022;2;f_479;"Can't sync manually imported folders/notebooks on desktop to Android via file system. Local storage has it but Joplin does not include it. Also very old bug ""ERROR ENOENT no such file or directory"" still present. Want to like Joplin but support seems prickly or harsh for non devs.";Can't sync manually imported folders/notebooks on desktop to Android via file system.;0;0
iteration_10;Google Keep - Notes and Lists;PRODUCTIVITY;2fd7b712-aeba-46a8-9b0f-f8509bad0da7;1;Sep 14, 2022;4;f_258;This is probably the best notes app for android, clean, straight to the point, easy to use and beautifully designed. The only thing that would make this the perfect app is text formatting.;The only thing that would make this the perfect app is text formatting.;0;0
iteration_10;Burner: 2nd Phone Number Line;COMMUNICATION;819c67a1-b726-4b72-8fc6-38618236c4c6;2;Jun 04, 2022;1;f_24;"#Spyware BEWARE! THEY ARE SPYING ON YOUR TEXTS AND MESSAGES WITH SOFTWARE PROGRAMS AND SUSPENDING ACCOUNTS THE BOTS FIND ""SUSPICIOUS"". They claim to give you total anonymity and they never see messages or calls on their ""encrypted servers"" . Then how come the legal department suspended my account if this app is actually private! I had used this app for over 4 years and suddenly as of June 1st, 2022 my businesses work number was completely banished without forewarning. #Spyware Go to Signal...";"They claim to give you total anonymity and they never see messages or calls on their ""encrypted servers"" .";0;0
iteration_10;Stuff - To Do List Widget;PRODUCTIVITY;48e60d5c-6bc8-4981-9e44-ab21d1a563ac;4;Sep 06, 2022;5;f_431;Exactly what I needed! I needed customizable widget for taking notes. I love that it can also do a backup and restore. The only thing I miss is scheduled backups. I setup automatic backup of the whole my phone file system into cloud, but my notes are not backed up automatically, I should manually export them occasionally.;I setup automatic backup of the whole my phone file system into cloud, but my notes are not backed up automatically, I should manually export them occasionally.;0;0
iteration_10;Google Earth;TRAVEL_AND_LOCAL;405aa0ea-4b57-4ccf-81e8-dacd249da552;0;Aug 24, 2022;5;f_344;Educational;Educational;0;0
iteration_10;Kik — Messaging & Chat App;COMMUNICATION;32342f08-06eb-4424-9cdd-a384e5fad3d8;0;Sep 08, 2022;1;f_35;Use to be good now its just spam bots and ads;Use to be good now its just spam bots and ads;0;0
iteration_10;Weather Widget by WeatherBug;WEATHER;f5aeb2d9-89ef-4987-9b37-52489485c3d0;0;Mar 16, 2021;1;f_36;I get my weather from KALB News channel 5;I get my weather from KALB News channel 5;0;0
iteration_10;Squid: Take Notes, Markup PDFs;PRODUCTIVITY;ba9b387a-4ad0-47bc-a737-fedff1b34b92;2;Dec 28, 2021;1;f_209;Nice app. You can write, import PDF, export notes to cloud. But it doesn't sync between devices Notes from tablet you can't access from phone. The only way is to export to Dropbox and import to your mobile. We have almost 2022, this is a major drawback;But it doesn't sync between devices Notes from tablet you can't access from phone.;0;0
iteration_10;Instagram;SOCIAL;f9da2498-ec67-42c7-ab6a-f3173e6e4af9;0;Sep 14, 2022;1;f_419;why does my account isn't eligible for monetization? when i haven't posted anything that could break the community guidelines.fix it;why does my account isn't eligible for monetization?;0;0
iteration_10;Squid: Take Notes, Markup PDFs;PRODUCTIVITY;44d27fa1-0ca0-40c2-a96d-c662829ee546;2;Mar 24, 2022;3;f_170;So close to perfect! I very much want to support this app except there is no way to carry out a subscription except through Play Store. Some of the features that are pro are certainly worth the price, but a more decentralized option would be worth 5 stars and twice the subscription rate.;Some of the features that are pro are certainly worth the price, but a more decentralized option would be worth 5 stars and twice the subscription rate.;0;0
iteration_10;GPS Navigation - Route Finder;MAPS_AND_NAVIGATION;49da5a05-4cd6-4aa1-95bb-fc89cbd42d02;1;Jun 27, 2022;5;f_26;🎯💝Yes! Time Fee for Free GPS Navigation;Time Fee for Free GPS Navigation;0;0
iteration_10;Repeat Habit - Habit tracker f;PRODUCTIVITY;b7d9e05f-27d5-47ae-9b84-ad38c4f2decd;0;May 29, 2020;5;f_110;Great app, easy to use, great way to keep track of recurring tasks, whether it's daily, fixed or flexible.;Great app, easy to use, great way to keep track of recurring tasks, whether it's daily, fixed or flexible.;0;0
iteration_10;Joplin;PRODUCTIVITY;e2f8c03b-dcee-4c9f-a837-c9ebe4865b44;0;Jul 28, 2022;1;f_310;Lacks basic security features and developer seems to lack awareness of terminology: E2E encryption is not really E2E when the data stays unencrypted locally.;Lacks basic security features and developer seems to lack awareness of terminology: E2E encryption is not really E2E when the data stays unencrypted locally.;0;0
iteration_10;Cute Note DDay Todo;PRODUCTIVITY;f6fafed3-8ecd-4b25-9275-04c9eafd17e1;3;Jan 02, 2022;2;f_40;I saw that this app had good ratings so I checked it out. It was definitely very cute and easy to use but every second item I added onto a note I get an unskippable 5-10 second ad so that completely ruined the experience for me. Can you imagine any other notetaking app that forces you to wait 10 seconds after you write 2 sentences? Unthinkable for a notetaking app - please stick to banner ads only for these kind of apps. The only reason I'm not giving it 1 star is that it was genuinely cute.;Unthinkable for a notetaking app - please stick to banner ads only for these kind of apps.;0;0
iteration_10;Ayoba;COMMUNICATION;64368835-fbb0-4886-91c3-906d125d5b17;4;Aug 24, 2022;4;f_424;1. The app doesn't work at the background! You have to open it before it can be connected I'm using Tecno Pop5 I'm also connected to the internet via my MTN sim. 2. I've started receiving data this morning, thanks to the management 3. We should be able to contribute our comments to the post been shared, like Facebook and make or add new friends from comment section 😎 4. I would love to have a WWE news channel on the news list. 5 atars when all problems are sulved✌️;I would love to have a WWE news channel on the news list.;0;0
iteration_10;Loop Habit Tracker;PRODUCTIVITY;41e98374-f3cc-4a96-933e-ddf9cd64341e;0;Mar 22, 2022;4;f_115;"I'm doing a Tour De Habit Trackers and this one is one of the best I've seen. Simple UI, but lets you do stuff like reorder really easily which is a feature that is weirdly missing in *many* of these apps. I need the ability to say ""do xyz every Monday"" rather than the more nebulous ""once a week"" that Loop allows, and also need to easily be able to do ad-hoc goals on top of my habits, but this app not having those things isn't really a failing since it's got a pretty narrow focus. Great for what it is- better than a lot of the paid options out there.";I'm doing a Tour De Habit Trackers and this one is one of the best I've seen.;0;0
iteration_10;True Phone Dialer & Contacts;COMMUNICATION;dc74998a-609f-4f58-8cec-3413d00c4517;0;Feb 10, 2022;2;f_215;As I used all ok, but the call recording is .. only my voice is perfectly recorded. I can't hear other person voice over there. Really disappointed..😭;As I used all ok, but the call recording is .. only my voice is perfectly recorded.;0;0
iteration_10;My Notes - Notepad;PRODUCTIVITY;ea212455-1e71-4d40-8097-b5b9dac4fea4;0;May 30, 2022;4;f_76;Would be nice to organize folders alphabetically;Would be nice to organize folders alphabetically;0;0
iteration_10;Running Distance Tracker +;HEALTH_AND_FITNESS;388de815-350f-492a-a08b-a48c4aa6eab6;0;May 22, 2022;5;f_506;Easy user simple app that helps with all your running/training needs;Easy user simple app that helps with all your running/training needs;0;0
iteration_10;Noisli: Focus and Relax;PRODUCTIVITY;5ccbf3f4-f8e2-41b1-bd4d-6ba069cac503;4;May 30, 2020;1;f_2;I've owned this app for years and have used it regularly. But now I've got a new device and it no longer works. The app hasn't been updated in over three years. Shame because it still has a lot of potential. Perhaps the developer would prefer I pay for a subscription to their web service instead? No thanks, I'd rather have a new version of this app;Perhaps the developer would prefer I pay for a subscription to their web service instead?;0;0
iteration_10;Todoist: to-do list & planner;PRODUCTIVITY;a139a68c-f804-4037-b6fd-3d430cd96023;2;May 09, 2022;2;f_109;Decided to uninstall because Todoist is just too buggy, both in the Android app and the web which makes it inconsistent. I used to use the 'share' function on apps to send stuff to Todoist on my phone but an update to Todoist caused the share feature to work only half the time. When it comes to the web, the calendar sync stops working all the time so I've decided it's time for me to find something else that more consistent and reliable. Response to Todoist: Not going to bother. I've done that several times before. Todoist is just in a 'broken' state. You guys always fix one thing only for something else to break.;When it comes to the web, the calendar sync stops working all the time so I've decided it's time for me to find something else that more consistent and reliable.;0;0
iteration_10;Stopwatch Run Tracker - Runnin;HEALTH_AND_FITNESS;f3664b33-c8ee-4cca-8e22-476dffd61c93;0;Jan 04, 2021;5;f_63;I live this stopwatch. It makes timing planks very easy due to its interface.;I live this stopwatch.;0;0
iteration_10;Weather Radar Widget;WEATHER;cf0498b9-6a9d-4712-b742-9acf1b02b5c7;0;Mar 15, 2019;5;f_472;THE BEST RADAR APP;THE BEST RADAR APP;0;0
iteration_10;Citymapper: All Your Transport;MAPS_AND_NAVIGATION;3911e9a9-f0af-4519-921d-852c3316d78a;1;Sep 12, 2022;1;f_419;It would have been 5 stars and I do not mind paying for features that are useful but putting a majority of the core features, namely bus routes and trains behind a monthly paywall is just greedy, considering these are (likely) the features that people use the most. If a fairer monetization measure is implemented, I will consider returning, however as it stands, I will look for an alternative.;If a fairer monetization measure is implemented, I will consider returning, however as it stands, I will look for an alternative.;0;0
iteration_10;DigiCal+ Calendar;PRODUCTIVITY;91d3da35-1604-4bef-9ec8-fb48248f0765;0;Jan 13, 2021;4;f_209;Very cute calendar. Love the personalization and overall layout of the app. I only wish there was some way to sync between devices without going through another calendar app or inputting the events twice. I purchased the app and feel it was worth it.;Very cute calendar.;0;0
iteration_10;Squid: Take Notes, Markup PDFs;PRODUCTIVITY;cc595e04-3c8a-4d6a-b250-d456663eded0;1;Feb 18, 2022;4;f_257;Been a great app for me in my business! Can it sync across devices yet? loving it otherwise.;Can it sync across devices yet?;0;0
iteration_10;SMS Backup+;TOOLS;adacc663-8d25-4b51-bee3-2328b8f539b4;4;May 07, 2019;4;f_117;I have used the app for years and has never failed until today. Normally I can view my messages in gmail, however, it would only bring up the past couple of days. So i tried just restoring them and that was a bigger mess. It would only restore 100 at a time. Is there a way to categorize the messages by person? Also if when restoring it started with the last messages it saved. Then moved forward it would be every helpful, I have years of messages saved. Thanks.;Is there a way to categorize the messages by person?;0;0
iteration_10;GPS Map Camera;TRAVEL_AND_LOCAL;8f53395c-9516-4cb8-a85e-bf9320be8c4a;0;Jul 30, 2021;5;f_262;Ok for location tagging;Ok for location tagging;0;0
iteration_10;Magic Earth Navigation & Maps;MAPS_AND_NAVIGATION;699257e6-ad2c-4554-bad3-de9b71782635;0;Jun 28, 2022;5;f_240;Usable app with good detailed routing instructions for seniors and driving to unfamiliar places.;Usable app with good detailed routing instructions for seniors and driving to unfamiliar places.;0;0
iteration_10;ColorNote Notepad Notes;PRODUCTIVITY;b6c20947-6d45-48a8-ad4a-998e08b9983c;1;Aug 06, 2022;5;f_257;Very solid. I like that it syncs across devices. The app for windows is good too.;I like that it syncs across devices.;0;0
iteration_10;Minimalist Pomodoro Timer - Go;PRODUCTIVITY;448c4bb9-c03e-4700-af06-868e8771bfce;2;Mar 03, 2022;4;f_63;Great experience of the app! Bought the premium version. Could you tell me how do I switch to stopwatch mode from timer mode?;Could you tell me how do I switch to stopwatch mode from timer mode?;0;0
iteration_10;Phone by Google;TOOLS;4057778d-f17b-4601-b437-7e4164dcbbdb;0;Sep 08, 2022;1;f_35;We can't do recording before call we have to wait for recording and manually do recording when other person after lifting the call and when ever you record call other person and you both will get an odd voice notifications that call has been recording it's seem every oddd and annoying worst app from Google mainly this app and msg app;We can't do recording before call we have to wait for recording and manually do recording when other person after lifting the call and when ever you record call other person and you both will get an odd voice notifications that call has been recording it's seem every oddd and annoying worst app from Google mainly this app and msg app;0;0
iteration_10;WhatsApp Messenger;COMMUNICATION;b5176dcd-2335-4796-aa60-05fd740033d2;0;Sep 15, 2022;4;f_55;Add hide chat features;Add hide chat features;0;0
iteration_10;TickTick:To-do list & Tasks;PRODUCTIVITY;4ac53fc4-33f6-4753-b5ba-a3f461a81ef1;0;Sep 05, 2022;5;f_494;it was the best planner that I have ever seen .;it was the best planner that I have ever seen .;0;0
iteration_10;Cute Note DDay Todo;PRODUCTIVITY;d5fe93f9-3432-4eae-9afd-5e7a05ea24d7;2;May 09, 2022;5;f_76;The best memo app! Cute, simple and super useful. As a student i can easily manage my tasks by creating seperate folders.;As a student i can easily manage my tasks by creating seperate folders.;0;0
iteration_10;Samsung Notes;PRODUCTIVITY;7322880c-4458-4813-83e7-7b3cfa59169e;0;Aug 06, 2022;4;f_259;could use tools like table of contents with hyperlinks but I do a similar thing with folders.;could use tools like table of contents with hyperlinks but I do a similar thing with folders.;0;0
iteration_10;GNotes - Note, Notepad & Memo;PRODUCTIVITY;cd50e60f-8400-4527-babb-7fcbede39f20;0;Jul 13, 2020;5;f_431;Automatic backups and syncing to new devices and all the other features you want.;Automatic backups and syncing to new devices and all the other features you want.;0;0
iteration_10;ColorNote Notepad Notes;PRODUCTIVITY;40cb2382-414a-491b-8f90-526fa9eca057;3;Jul 19, 2022;5;f_96;Honestly, never reviewed it despite rolling it over from 2 previous phones. This app just works. I'm a real fan of the note keeping feature for general notes and checklists, but that same functionality carries over to the calendar feature. Didn't download it for a calendar feature, but now I use it more than note keeping. Not enough stars.;Didn't download it for a calendar feature, but now I use it more than note keeping.;0;0
iteration_10;Routine Task - Tasks, Reminder;PRODUCTIVITY;ee327ac4-8764-44e4-b874-206e2032cdfc;4;Aug 03, 2022;5;f_479;Love this app! Great for single or repeating tasks! Just 2 main downside: You set repeating by day of week, not every x number of days There isn't a backup feature to the cloud or local storage, so I'm a tad hesitant to rely too heavily upon it.;There isn't a backup feature to the cloud or local storage, so I'm a tad hesitant to rely too heavily upon it.;0;0
iteration_10;Lifesize Video Conferencing;COMMUNICATION;bf7c136f-0b5c-4475-be79-413d42944e58;3;Mar 17, 2022;1;f_121;I use this app for work. It is completely unreliable. The phone app rarely will open or work and the desktop version is similar. You will find yourself in rooms that are separate from the people you are in a meeting with. It is so unreliable I avoid using it with clients because the whole meeting is usually spent dealing with connection issues.;You will find yourself in rooms that are separate from the people you are in a meeting with.;0;0
iteration_10;BlaBlaCar: Carpooling and Bus;TRAVEL_AND_LOCAL;64b5b4c9-0e8b-4dd9-84a4-5ebb760213d8;0;Sep 12, 2022;5;f_316;Very useful App,especially at the time of soaring fuel prices and ecological concerns. Requesting to add more features to verify more genuine users,to ensure a safe hassle free travel;Very useful App,especially at the time of soaring fuel prices and ecological concerns.;0;0
iteration_10;Google Earth;TRAVEL_AND_LOCAL;630ff301-0b09-4478-9cda-a3cc06b9c23b;1;Jul 21, 2022;2;f_286;Hurricane Michael was nearly 4 years ago and I'm pretty sure the people of Mexical Beach, FL, and at the state capital, would like to show that their town has been rebuilt. Google Maps rushed to show the devastation that hit that small community, but now doesn't seem to want to update the imagery, though nowhere around that region is the storm's devastation still evident, but there's little Mexico Beach looking like it has been ignored and abandoned.;Google Maps rushed to show the devastation that hit that small community, but now doesn't seem to want to update the imagery, though nowhere around that region is the storm's devastation still evident, but there's little Mexico Beach looking like it has been ignored and abandoned.;0;0
iteration_10;BlaBlaCar: Carpooling and Bus;TRAVEL_AND_LOCAL;53cb4eae-8cbf-4d86-b5cf-749d4440db42;2;Sep 07, 2022;5;f_294;Excellent app for ride sharing. Few people are misusing it for abruptly cancelling rides as well. This app opportunity should be monetised by asking some amount for ride publishing .;This app opportunity should be monetised by asking some amount for ride publishing .;0;0
iteration_10;Strava: Run, Ride, Hike;HEALTH_AND_FITNESS;908b2c7b-481a-48db-bc43-dafa38895bec;0;Aug 09, 2022;1;f_233;Does not provide transparency for the updates. Most likely selling your personal information.;Does not provide transparency for the updates.;0;0
iteration_10;HryFine;HEALTH_AND_FITNESS;c996152b-2c6c-4822-8c36-5245b442ebe6;0;Aug 14, 2022;1;f_398;The watch associated with this app pin on band broke the lobe from base rendering app same value as WRIST RING.. absolute junk. 2wks. Haha;The watch associated with this app pin on band broke the lobe from base rendering app same value as WRIST RING.. absolute junk.;0;1
iteration_10;WhatsApp Messenger;COMMUNICATION;95c60e9d-296c-4efb-9c5b-a757913e5c82;0;Sep 13, 2022;5;f_118;The best messaging app❤❤;The best messaging app❤❤;0;0
iteration_10;Samsung Notes;PRODUCTIVITY;568fc006-3c28-454c-9d54-684f342fcd4e;0;Jul 29, 2022;2;f_76;Critical to find my folder & document. please improve file system;Critical to find my folder & document.;0;0
iteration_10;Samsung Notes;PRODUCTIVITY;d3963c2d-9a6a-4bec-adf6-60f817136e8a;0;Sep 08, 2022;2;f_252;"Needs further updates; 1.Bookmarks attached to pdf aren't accessible...(needs content table accessibility) 2.Needs Bookmark + sub-bookmark editing option. It's your responsibility to keep customers satisfied.We choose samsung products over other products. The rating is for your negligence over the customer reviews. This app has all the abilities to become a pro but hurdled by your negligence... Provide updates regularly atleast once every 30-40days";"Needs further updates; 1.Bookmarks attached to pdf aren't accessible...(needs content table accessibility) 2.Needs Bookmark + sub-bookmark editing option.";0;0
iteration_10;WhatsApp Messenger;COMMUNICATION;3a859b70-5b69-4ea9-b6cf-6bb086c56d5e;0;Sep 13, 2022;2;f_183;This app becomes a mobile app when listening to voice messages sent by friends;This app becomes a mobile app when listening to voice messages sent by friends;0;0
iteration_10;WAMR - Recover deleted message;COMMUNICATION;817eb545-7a06-4663-b9cf-b40c18e617a0;0;May 31, 2022;5;f_417;Its aa very good app,helps in deleting messges, appears fast,but it shoud improve in one time watch videos and photos in whats app also show in WAMR application ,otherwise it's aa good app....;Its aa very good app,helps in deleting messges, appears fast,but it shoud improve in one time watch videos and photos in whats app also show in WAMR application ,otherwise it's aa good app....;0;0
iteration_10;Snapchat;COMMUNICATION;ba7c0116-ac06-4c9b-92c1-0b8deaf608a5;0;Sep 10, 2022;5;f_128;Love snapchat just wish it had a picture in picture when im on video chat where I can leave the app and still use other apps;Love snapchat just wish it had a picture in picture when im on video chat where I can leave the app and still use other apps;0;0
iteration_10;Google Admin;PRODUCTIVITY;d117e72d-ba64-4485-884c-b4fcab2c55b7;0;Aug 02, 2022;1;f_20;When trying to sign in it says use a browser that has Java script. But won't let me change browsers or even show me what browser I'm in. It's like the app has its own browser that isn't compatible with its self. Waste of time;When trying to sign in it says use a browser that has Java script.;0;0
iteration_10;Material Notes: Colorful notes;PRODUCTIVITY;6083a0f1-5e6c-4fa4-b7d1-2063b20a541b;0;Sep 17, 2018;5;f_252;Bookmarked.;Bookmarked.;0;0
iteration_10;Instagram;SOCIAL;3d8233d0-01e1-4574-b418-b6cab9b07dbb;0;Sep 14, 2022;5;f_309;Its privacy protection like me;Its privacy protection like me;0;0
iteration_10;Recurlog: Recurring tasks, cho;PRODUCTIVITY;997cb1d0-a583-4077-9506-44af86e83b83;0;Nov 28, 2018;4;f_110;Great app for creating recurring tasks. I would love it if it would let me add simple non recurring tasks as well. Tapping on the task name in widget is not doing anything. Shouldn't it take user to the task details page? Edit: Great that you are focusing on recurring tasks. But as a user I don't want to have multiple apps to manage tasks. I want all my tasks in a single place. It would be a nice addition and your app will get more engagement.;Great app for creating recurring tasks.;0;0
iteration_11;Telegram;COMMUNICATION;bc99aae7-c68e-4090-861f-06a50d7ec51c;0;Aug 31, 2022;1;f_339;I hate telegram;I hate telegram;0;1
iteration_11;Boosted Time Tracker;PRODUCTIVITY;7607ed4b-26e1-4ed5-b552-3011871a461b;0;Apr 18, 2022;5;f_497;I really love this app, specially because of graphs and charts, however I think it can be better by adding subtasks or improvement on graphical environment. You can add journal part for projects, etc.;I really love this app, specially because of graphs and charts, however I think it can be better by adding subtasks or improvement on graphical environment.;0;0
iteration_11;Huawei Health;HEALTH_AND_FITNESS;7e0482b0-9dbf-45d1-8f52-ed0db27db4d0;0;Mar 19, 2022;1;f_235;If you even think about privacy, don't install this app at all.;If you even think about privacy, don't install this app at all.;0;0
iteration_11;Simplenote;PRODUCTIVITY;d8bc3a34-30b0-42d1-bf3b-197a42ff3d45;0;Aug 08, 2022;4;f_209;good app - 'simple' and 'note' like its name but has technical flaws, especially network and sync between devices (I use it to sync a note between my Windows PC and this Android phone). I have used this app, kinda, for a long time. The network and sync problems gradually get better but still not 100% perfect so 4 stars from me. maybe 4.5 stars;good app - 'simple' and 'note' like its name but has technical flaws, especially network and sync between devices (I use it to sync a note between my Windows PC and this Android phone).;0;0
iteration_11;Google Play Console;TOOLS;92707371-83ce-4841-bac0-11e26edc1fcc;0;Sep 26, 2019;5;f_169;This app could receiving and sending Blockchain payment in Cryptocurrency and fiat.;This app could receiving and sending Blockchain payment in Cryptocurrency and fiat.;0;0
iteration_11;aTimeLogger - Time Tracker;PRODUCTIVITY;88182a24-1136-4a49-a52e-7b2320109766;10;Aug 30, 2022;5;f_104;Wow. Just downloaded and love it so far. Soooo easy to use. The app that helps tracking but doesn't become an activity on its own. Well done developer. Will use for few days before going to PRO. Would have been nice to have an option to remove the default activities. All my activities are custom. Dont want to track shop, cinema rat and all other default activities 😊. Also to have activities in the list rather than icons so the full name of custom activity can be displayed. Desktop app?;Desktop app?;0;0
iteration_11;True Phone Dialer & Contacts;COMMUNICATION;5b957145-7974-45a1-b98d-acbc66318b9b;0;Jan 28, 2022;1;f_215;Call recording is not proper. It only records one side voice. Not the entire conversation of both caller and receiver.;Call recording is not proper.;0;0
iteration_11;Noisli: Focus and Relax;PRODUCTIVITY;9484fc2d-f15b-4e4c-8e12-61eb42c16f0c;7;Feb 02, 2021;3;f_478;Overall norm, but where is updates? Web version have updates... where updates for this app? New sounds? I own app version and I need purchase web, why? No sync with web version. Web version is monthly billed. Regret to bought it. Take a look on Zenmoney accounting app, they have free and paid version. One pay and you'll get app and web which sync with each other. Frequent updates.;Take a look on Zenmoney accounting app, they have free and paid version.;0;0
iteration_11;Microsoft OneNote: Save Notes;PRODUCTIVITY;ce975c43-7a75-4c39-83a0-e8588a60230e;2;Sep 12, 2022;5;f_310;I love this OneNote app. It is feature rich and of high quality. The most important feature to me is that I can set up my encrypted private section with a password protection. Highly recommended.;The most important feature to me is that I can set up my encrypted private section with a password protection.;0;0
iteration_11;Productive - Habit tracker;PRODUCTIVITY;2cbe2c2c-3711-428b-aae7-5933379c87e0;3;Aug 15, 2021;4;f_432;"Still New. Seems intuitive and looks good. Suggestions : More customizable reminders. (Get reminder day before, get reminders at different times from day to day, etc.); Diary/Notebook Section; One-Time Tasks with deadline instead of fixed date; Pinned Notification/Widget.";"(Get reminder day before, get reminders at different times from day to day, etc.); Diary/Notebook Section; One-Time Tasks with deadline instead of fixed date; Pinned Notification/Widget.";0;0
iteration_11;Steam Chat;COMMUNICATION;5127c30d-8994-42a9-a35b-f448a6f5ede7;0;Jul 14, 2021;1;f_117;Keeps crashing when I hit send to a message.;Keeps crashing when I hit send to a message.;0;0
iteration_11;minimalist phone: Productivity;PRODUCTIVITY;a7df50e9-caa6-4aa0-96f5-412447dcaae2;3;Sep 02, 2022;5;f_126;I really like this launcher, it is one of the only launchers I like and actually use. It helps me stay focussed and reduces anxiety and stress, so thankful for it. Thank you :) I also love the notification filter, makes a huge difference to the overall experience;I also love the notification filter, makes a huge difference to the overall experience;0;0
iteration_11;In Love while Parenting;LIFESTYLE;87ce394f-9c6a-43d1-8d4e-9dca9d834b6d;6;Apr 23, 2022;5;f_85;Definitely improved my marital and parenting communication skills. Also helped reinforce my beliefs about the importance of other people's children since they are the world and custodians of tomorrow. No such thing as none of my business. If I create value for my kids, I must ensure the other kids in the neighborhood, city, world are getting that same value. Thanks for this gem of an app. Will recommend to one and all absolutely irreplaceable. Should add share videos to whatsapp feature.;Should add share videos to whatsapp feature.;0;0
iteration_11;Ratio: Productivity Homescreen;PRODUCTIVITY;b4305576-73a1-4723-9f93-42aa75585737;1;Aug 27, 2022;5;f_126;I really found Ratio useful and productive. It's my favorite launcher among the others. I just want to know about it's memberships and lifetime pricing if available in India. It's one of those delightful purchases, i would love to make. Thank you for this wonderful productive launcher and God bless you all.;It's my favorite launcher among the others.;0;0
iteration_11;Google Earth;TRAVEL_AND_LOCAL;dbe1abd2-e3b4-4a9d-b4c9-4f64a675c622;1;Aug 11, 2022;2;f_241;Great App, but not because of Google. Wish I could call this TerraVision from Art+Com.;Wish I could call this TerraVision from Art+Com.;0;0
iteration_11;Google Lens;TOOLS;78179808-4e80-4270-8c1d-6b01012f3bf1;0;Sep 10, 2022;5;f_261;AWESOME APP LOOK UP A FLOWER, PLACE, BUILDING, ANTIQUES, FIND OUT HOW TO BUY WHAT YOU WANT AT A RESONABLE PRICE, TEXT FUNCTION READS PAGES BACK YO YOU ACTS AS AN OCR (OPTICAL CARICATURE RECOGITION) CREATE A SCAN, AND SO MUCH MORE. TAKE A PIC OF SOMETHING YOU WANT TO KNOW THE HISORY OF AND ON AND ON AND ON...... LOVE IT AND USE IT EVERY DAY;AWESOME APP LOOK UP A FLOWER, PLACE, BUILDING, ANTIQUES, FIND OUT HOW TO BUY WHAT YOU WANT AT A RESONABLE PRICE, TEXT FUNCTION READS PAGES BACK YO YOU ACTS AS AN OCR (OPTICAL CARICATURE RECOGITION);0;0
iteration_11;Phone Number Locator Caller id;TOOLS;58efe93c-d867-41f8-8180-5dae24356825;2;Jun 03, 2022;1;f_235;I downloaded it and attempted to read what they said they would as shown on the initial front page. It would do nothing. So, at the bottom they had the privacy word. I clicked it and it took me to said policy. Well the reason I un-installed it was because they were writing in such a way that it reminded me too much of the scam emails and text that I occasionally get. 3 million and they will only take a small amount. All they need is my info. No thank you sahib.;So, at the bottom they had the privacy word.;0;0
iteration_11;Material Notes: Colorful notes;PRODUCTIVITY;463b063a-8160-4079-b229-2e80339db682;0;Dec 25, 2017;5;f_23;The best note taking app with material design. I rarely review apps on the Play Store but this app deserves it. To the developer, I'm very sorry I couldn't donate because I'm still a minor and don't have credit card. Really sorry but thank you for the great work!;The best note taking app with material design.;0;0
iteration_11;Stopwatch Timer;TOOLS;b768251d-c36e-4c27-a005-9365c8368884;0;Apr 29, 2022;2;f_64;Timer Ending sound and vibration not working;Timer Ending sound and vibration not working;0;0
iteration_11;Samsung Health;HEALTH_AND_FITNESS;ddba5da9-3752-4759-a769-6d414e39a7c5;2;Aug 25, 2022;4;f_359;Great app. I've only used this app for sleep and workouts but am now using the food option since MFP is making people pay for practically everything. Samsung should expand their food database and add look into adding a barcode option.;Samsung should expand their food database and add look into adding a barcode option.;0;0
iteration_11;Huawei Health;HEALTH_AND_FITNESS;cf8abf6d-0afa-40b9-af80-1c5a94a2ac40;0;Jun 27, 2022;1;f_35;Total rubbish at keeping connected, pointless for notifications. The old version was good, I have recently updated the app just weeks ago and regret it! I now want to change my watch! Connection is terrible, not getting messages and calls through to my watch, my phone is usually on silence due to night work so I don't bother changing it for a day hence I have got a Huawei band 6 to notify me, has been good for 1 year NOW useless, not connecting back unless done within the app? FIX IT !!!!;Total rubbish at keeping connected, pointless for notifications.;0;0
iteration_11;Facebook Lite;SOCIAL;fd7cc062-c763-4124-884b-fb5ad0240833;1;Sep 13, 2022;1;f_417;It's a good app But I can't watch videos on Facebook lite, I tried uninstalling it and later installed the app again but it's still faulty;But I can't watch videos on Facebook lite, I tried uninstalling it and later installed the app again but it's still faulty;0;0
iteration_11;Kik — Messaging & Chat App;COMMUNICATION;5d238b7d-08a4-46c2-9074-958936155e50;0;Sep 04, 2022;2;f_35;I've been using this app for more than 7yrs but I realise there are more bots using the App than humans. Almost everyone you message is a bot. Has anyone experienced that too?;I've been using this app for more than 7yrs but I realise there are more bots using the App than humans.;0;0
iteration_11;Forest: Focus for Productivity;PRODUCTIVITY;708cb4d6-2965-4d15-a415-6eb68fd5ab09;1;Sep 08, 2022;3;f_331;i personally like that this app can keep you busy, but *i don't like the fact that i can't login to my account unless i pay for the premium version?* LOGGING IN SHOULD BE FREE, NOT SOMETHING THAT PEOPLE SHOULD BE PAYING FOR. why does logging in require paying for the premium version? i don't see the point as to why money should be required for sign-in. 😪;LOGGING IN SHOULD BE FREE, NOT SOMETHING THAT PEOPLE SHOULD BE PAYING FOR.;0;1
iteration_11;Telegram;COMMUNICATION;83d19f4d-60ed-4474-9fe6-a9e8acc63614;0;Aug 22, 2022;1;f_36;Telegram has stolen my channel username without my permission and I will delete telegram for ever . Telegram, like Russia, is a dirty thief;Telegram has stolen my channel username without my permission and I will delete telegram for ever .;0;0
iteration_11;Citymapper: All Your Transport;MAPS_AND_NAVIGATION;bd5dcfb5-7553-4aba-b991-2e7aa2878e12;4;Sep 09, 2022;2;f_419;It was a great app, it certainly could be again. I understand they need to make money but putting looking at bus only routes behind a paywall is awful. You should add features that are worth paying for rather than take out core features. What is next we have to pay to see more than two of the route options? I will be using Google maps until they can work out a better monetization system.;I will be using Google maps until they can work out a better monetization system.;0;0
iteration_11;Telegram X;SOCIAL;520d6818-87b3-4e6e-8890-a0088be6b117;0;Jun 18, 2022;3;f_339;App have a nice UI but there is lot of features in original app that missed here, so with all respect i prefer to use orginal telegram.;App have a nice UI but there is lot of features in original app that missed here, so with all respect i prefer to use orginal telegram.;0;0
iteration_11;Steam Chat;COMMUNICATION;4ccc61f8-1b2a-4ee8-80e5-60acf225aa1d;3;Oct 19, 2021;1;f_147;NO VOICE CHAT - supposed to be an alternative should your PC microphone and speaker is being used ingame or broken. USELESS REDUNDANCY - 'steam chat' and 'steam' apps are separate apps on android. Both have chat, but both have no voice chat. You can't even send files like replays of games from steam.;You can't even send files like replays of games from steam.;0;0
iteration_11;Weather forecast;WEATHER;36822a57-cdf4-4621-a608-9488c4d1e364;0;May 29, 2022;5;f_499;My favorite weather go-to App Always very trustworthy.;My favorite weather go-to App Always very trustworthy.;0;0
iteration_11;Withings Health Mate;HEALTH_AND_FITNESS;79ccfde0-8213-4e9e-9ad3-c0f7a8743928;0;Aug 28, 2022;1;f_233;I don't like that much transparency into my data.;I don't like that much transparency into my data.;0;0
iteration_11;GPS Navigation: Weather Map;TRAVEL_AND_LOCAL;71a1cc13-f9a9-4618-9bf4-a92a4b9af8ea;0;Jul 06, 2022;5;f_26;GPS Navigation download;GPS Navigation download;0;0
iteration_11;Gmail;COMMUNICATION;6c4fb31d-f450-4edc-9951-a61e28993295;0;Sep 14, 2022;4;f_121;Can we see history of organized meeting.;Can we see history of organized meeting.;0;0
iteration_11;4.Do - To Do List & Task Manag;PRODUCTIVITY;99271e4f-2a92-439e-ac8b-a899d9dd7abe;1;Sep 10, 2021;5;f_209;Love this app. But an option to slide the whole screen across to reveal 4 more quadrants (for 'pending' and 'recurring' tasks to suggest 2) and an option to sync between devices, and this would be the ULTIMATE task app. One I would happily pay a fee for.;But an option to slide the whole screen across to reveal 4 more quadrants (for 'pending' and 'recurring' tasks to suggest 2) and an option to sync between devices, and this would be the ULTIMATE task app.;0;0
iteration_11;Steam Chat;COMMUNICATION;ae7593b7-e77c-4b23-8b75-e407edb7776a;0;Aug 25, 2022;3;f_174;Steam Chat app is another great mobile app by Valve. However, the app crashes when I try to send a message to my friend. Also, Steam Chat app still lacks voice chatting feature as of August 25th 2022.;Steam Chat app is another great mobile app by Valve.;0;0
iteration_11;Just Reminder with Alarm;PRODUCTIVITY;d7ee7c73-2e81-437b-b345-de9b313de200;1;Apr 28, 2022;3;f_230;Would be 5 stars because works well but I had to take off 2 because of video ads. I understand free app users having to deal with ads but right after they began video ads I set a reminder & a dating app ad began playing loudly in a doctor's office I was in, forcing me to close the app to stop it & making me more likely to forget to place a reminder since I have to wait until I'm in place it won't matter. If they don't update this with a mute option soon I'll have to switch to another app.;I understand free app users having to deal with ads but right after they began video ads I set a reminder & a dating app ad began playing loudly in a doctor's office I was in, forcing me to close the app to stop it & making me more likely to forget to place a reminder since I have to wait until I'm in place it won't matter.;0;0
iteration_11;Productive - Habit tracker;PRODUCTIVITY;92aaf120-746a-4cb7-b2b3-488a14eff858;1;Nov 01, 2021;1;f_301;Absolutely one of the least useful tools ever. It's a to do list that you pay money for. Google calender serves the same function. Complete with reminders. I regret purchasing a subscription so badly.;It's a to do list that you pay money for.;0;0
iteration_11;Citymapper: All Your Transport;MAPS_AND_NAVIGATION;4b7dfab9-6c9f-4094-bda8-b534f2d65a84;1;Sep 12, 2022;2;f_419;Extremely tone deaf to lock bus information behind a paywall - those who are most likely to be affected by the cost of living crisis are the ones who are most likely to wish to use a bus as a cheaper option. Monetization should be used to provide optional extra benefits, not to lock a core feature of a transport planning app behind a paywall. Used to recommend CityMapper to friends and guests who were staying in the city but I can't do that in good faith anymore;Monetization should be used to provide optional extra benefits, not to lock a core feature of a transport planning app behind a paywall.;0;0
iteration_11;Garmin Smartphone Link;TRAVEL_AND_LOCAL;9eb503c4-a670-48bb-9c1d-5d4e79877584;2;May 06, 2021;1;f_403;Using with DNX571TR head unit. When smartphone link is active and connected the DNX often switches to a blank screen and all buttons and volume control become unresponsive. Cycling 12v power to the DNX is the only way to restore operation. Smartphone app also relaunches itself often and tries to connect to the DNX even when I'm not near the vehicle. Traffic displayed once on the DNX (Green traffic icon) but has never shown green again. Very poor app.;Cycling 12v power to the DNX is the only way to restore operation.;0;0
iteration_11;Evernote - Note Organizer;PRODUCTIVITY;2b6baea5-2f05-42e2-9456-14b6c0850bc3;1;Sep 05, 2022;3;f_278;"I love everything about it, except: I can't delete one uncompleted repeating task without deleting all of them, and, the most annoying part, the synchronization is really really slow. When I check off a task, it goes away immediately, and then it comes back until it updates; when I create a task offline, which would be every day if there was no issue, the task disappears; and the synchronization of the app with the desktop is also very slow. I won't stop using it, but very rudimentary bugs.";"When I check off a task, it goes away immediately, and then it comes back until it updates; when I create a task offline, which would be every day if there was no issue, the task disappears; and the synchronization of the app with the desktop is also very slow.";0;0
iteration_11;Habit Tracker;PRODUCTIVITY;aee1ad03-de54-4942-9a07-4dd2f03b2818;0;Oct 26, 2020;1;f_115;Purchsses HabitBull now Habit Tracker.. years ago...found the receipt and emailed them several times....no answer. I tried writing a review, no answer... I tried Google searches for head office...no word from them , so now I make a tradition to warn everyone against paying for this....besides there's a FREE app thats just as good called Loop habit tracker. Try that first.;Purchsses HabitBull now Habit Tracker.. years ago...found the receipt and emailed them several times....no answer.;0;0
iteration_11;Pomodoro Timer;PRODUCTIVITY;57c036d3-c807-4fe2-b5b4-a94ebeba8f84;1;Jul 20, 2022;4;f_237;Great minimalist design. I want to be able to set time faster (not tap ~100 hundred times, but hold or type the timer or scroll like in the alarm clock app on my phone).;I want to be able to set time faster (not tap ~100 hundred times, but hold or type the timer or scroll like in the alarm clock app on my phone).;0;0
iteration_11;ColorNote Notepad Notes;PRODUCTIVITY;7b45da1f-ed1b-4b33-8276-ce5fb8bca854;1;Jul 18, 2022;5;f_102;Works for me. I use it for to do lists, grocery lists, and saving pretty Instagram pictures. 😁;I use it for to do lists, grocery lists, and saving pretty Instagram pictures. 😁;0;0
iteration_11;Get Stuff Done!;PRODUCTIVITY;3826805b-920a-4bd8-9ebf-473f58a65f7a;0;Nov 27, 2014;4;f_109;But could be better if had an update with Google Calendar sync;But could be better if had an update with Google Calendar sync;0;0
iteration_11;Telegram X;SOCIAL;c7e52a15-bf36-4ba4-8d41-350caeed34eb;0;Jun 18, 2022;5;f_15;Translator required, please include in the app, thanks;Translator required, please include in the app, thanks;0;0
iteration_11;True Phone Dialer & Contacts;COMMUNICATION;55a3288e-60a0-4538-b1dd-cf26561eac8b;0;Feb 27, 2022;5;f_241;Thanks for developer this is a good invention please add video call option;Thanks for developer this is a good invention please add video call option;0;0
iteration_11;Telegram X;SOCIAL;a37d2956-b990-4b05-bd59-cbd0e3b098e8;3;Aug 12, 2022;2;f_460;Problem with sound. After sending any of recorded video from gallery it sounds with flickering. Device: Realme GT2. THERE ISN'T PROBLEM IN REGULAR TELEGRAM.;THERE ISN'T PROBLEM IN REGULAR TELEGRAM.;0;0
iteration_11;Notebook - Notes,To-do,Journal;PRODUCTIVITY;4bc8a576-acd7-4240-9fb2-8cc68cefe1a8;3;Aug 24, 2022;2;f_246;Decent app overall. Here are a few suggestions: (1)It'd be great to add a feature to make straight lines, (2) paper templates (lined, graphed, dotted grid, etc) for neatly digital-handwritten notes. UPDATE 1: It'd be great to add annotation and OCR scan text features for pdfs UPDATE 2: it'd be great to create multiple users with the same account (1 x college 1 x personal life). Also, creating folders to store multiple notebooks would be great too;1: It'd be great to add annotation and OCR scan text features for pdfs UPDATE 2: it'd be great to create multiple users with the same account (1 x college 1 x personal life).;0;0
iteration_11;One Calendar;PRODUCTIVITY;434a193e-a443-4618-8358-05e4d72ac1e7;3;Aug 26, 2022;5;f_109;Noice. The only calendar app I could find that was a simple webcal connection. Nice layout, nothing complicated. I'm a personal trainer so I've got a webcal sync for gym shifts that get automatically loaded and a Google calendar sync for my personal appointments. I'll probably pay the few quid to access all the extra features and customise it a bit more soon but I like the fact you don't have to pay for the basic set up. Does exactly what I need, is pretty quick to sync and keeps me up to date.;I'm a personal trainer so I've got a webcal sync for gym shifts that get automatically loaded and a Google calendar sync for my personal appointments.;0;0
iteration_11;Magic Earth Navigation & Maps;MAPS_AND_NAVIGATION;35cd30f9-14f4-43b6-8083-a16000aa2924;2;Aug 15, 2022;3;f_240;Usually like this app. Road closure has closed the wrong road (closure is planned for a year!) and another nearby road closure finished a week ago. This has blocked main arterial routes for my town, rendering routing useless. Logged incorrect closure issue, but no response two weeks later. A long-standing (and previously logged) gripe is on major roads, where you need a lane before you enter a junction, you're not told what turning you're taking next, or road to follow next to take correct lane;This has blocked main arterial routes for my town, rendering routing useless.;0;0
iteration_11;Tasks: to do list & tasks;PRODUCTIVITY;b423dedf-c982-4496-964a-ccca81a15072;1;Sep 05, 2022;5;f_502;This is the best app I've ever used to make lists. The level of customisation and lists within lists, as well as reminders and being able to label things and arrange them by priority makes and now with the new function where you can attach an image it's improving all the time and I love it, the one slight problem I do have however is with the amount of images that you can attach being only one if that were to increase, that would be fabulous;The level of customisation and lists within lists, as well as reminders and being able to label things and arrange them by priority makes and now with the new function where you can attach an image it's improving all the time and I love it, the one slight problem I do have however is with the amount of images that you can attach being only one if that were to increase, that would be fabulous;0;0
iteration_11;Habit Tracker - Habit Diary;LIFESTYLE;d7ea5801-28a7-4d47-8978-ac049ca2759b;0;Jun 16, 2022;5;f_7;Literally the best habit tracker!;Literally the best habit tracker!;0;0
iteration_11;ColorNote Notepad Notes;PRODUCTIVITY;baa865f0-a22c-46c4-8c1b-4fdb978298e0;5;Aug 03, 2022;5;f_247;"I love how you can set a reminder and categorize your notes. Neat app :) Update 2022: I have been using this app since 2015 and it has only improved. LOVE that they have an undo button now. That was my main complaint before. Still utilize the ""pin the bar"" feature constantly, and always loved that I could set a time for reminder with a note. You can create checklists, change color of the note, lock the note, and the note is set to automatically save after each edit similar to ggl docs. 10/10 rec";You can create checklists, change color of the note, lock the note, and the note is set to automatically save after each edit similar to ggl docs.;0;0
iteration_11;Notebook - Notes,To-do,Journal;PRODUCTIVITY;387ad30f-6557-411f-89fd-90f1e79a1cd4;3;Aug 22, 2022;5;f_258;Perfect. No annoyongly placed ads. I can put photos and make lists and have checkboxes. I can organize notes by putting them in notebooks. Those are all what im looking for, and all of that is here + there are so many extra features that are very nice to have like text formatting and inserting tables.;I can organize notes by putting them in notebooks.;0;0
iteration_11;Turtl;PRODUCTIVITY;a4674849-2ab7-47bd-a9f7-4939ebd2c0b6;0;Aug 04, 2019;4;f_310;An ENCRYPTED, OPEN SOURCE NOTE-TAKING APP? You bet I want it. But no widget support is a deal breaker 😭;An ENCRYPTED, OPEN SOURCE NOTE-TAKING APP?;0;0
iteration_11;SimpleMind Pro - Mind Mapping;PRODUCTIVITY;528d261e-af71-4abe-865c-16aa355810b4;1;May 12, 2022;5;f_298;Very useful app, simple and a lot of tools to build a good mindmap. But it would be great if there is option for doodling, a more effective way for a non-verbal expression in note-taking.;But it would be great if there is option for doodling, a more effective way for a non-verbal expression in note-taking.;0;0
iteration_11;Loop Habit Tracker;PRODUCTIVITY;9c2971b3-2245-426e-9add-7665694633c9;0;Apr 12, 2022;5;f_7;Probably the best habit tracker I've come across;Probably the best habit tracker I've come across;0;0
iteration_11;Gmail;COMMUNICATION;3bbc35e9-c959-44aa-a519-68cd24a55a32;2;Sep 12, 2022;4;f_118;Good , but confussing. i do not want google to mislead me cannot aford apps that are not nessisary! All I need are ( phone apps, messaging apps sms , mms,if allowed! Also contac'ts v6îce mail exetra... feeling mislead??? Ms. costello.;All I need are ( phone apps, messaging apps sms , mms,if allowed!;0;0
iteration_11;Calendar Import - Export (ics);PRODUCTIVITY;73af15e4-065c-40ba-b57f-4b16efcc89db;1;Mar 02, 2021;5;f_96;Life Saver! I have recently swapped from the Samsung S10 to S21 and my calendar would not transfer over (very annoying) but within 5 minutes of downloading this app onto both phones I had all my appointments on my new phone!;I have recently swapped from the Samsung S10 to S21 and my calendar would not transfer over (very annoying) but within 5 minutes of downloading this app onto both phones I had all my appointments on my new phone!;0;0
iteration_11;Messages;COMMUNICATION;ca6de543-8b43-4a9d-b361-cc4326f49a26;4;Sep 14, 2022;5;f_482;Long time Samsung user and finally decided to switch to Google Messages and try it for my default phone messages app. Wow, I'm quite impressed so far. Sends texts quickly and the RCS features really are the icing on the cake. I'm loving the encryption when texting someone else also running Google messages. The final thing I'll mention is the ability to copy phone numbers, emails or anything I want rather than having to copy the entire message and dissect it after with the info I need. Thanks!;The final thing I'll mention is the ability to copy phone numbers, emails or anything I want rather than having to copy the entire message and dissect it after with the info I need.;0;0
iteration_11;MixNote NotePad Notes;PRODUCTIVITY;bafcee4e-8dba-4594-8864-a92505bdc76a;2;Sep 09, 2017;4;f_65;nice app..I have used all text editor this one is best among them..Improve the voice recording the recorded audio is not clear. Image editing will be useful, like marking with pen(brush) tool or text editing on the photo.;Image editing will be useful, like marking with pen(brush) tool or text editing on the photo.;0;0
iteration_11;Notepad – Notes and Checklists;TOOLS;f994ca91-f705-43fd-8ec1-cf2e35334ae7;0;Sep 07, 2022;5;f_246;The app keeps track of everything that a paper notebook can;The app keeps track of everything that a paper notebook can;0;0
iteration_11;Habit Tracker - Habit Diary;LIFESTYLE;7767188d-e4e2-46a0-a036-1e87dfff26d8;1;Jun 23, 2022;1;f_115;"App says it doesn't use third party data, yet I just received a notification from Habit Tracker congratulating me on my weight loss. I only set up the app yesterday and the only place I record my daily weigh-ins is in an app called Noom. I just so happened to lose weight on the scale betweenyesterday and today. Coincidence? I think not. I had to enable permissions for the app to run so the reach and scope of Habit Tracker's invasion of my phone is alarming. I haven't set weight loss as a ""habit""";I only set up the app yesterday and the only place I record my daily weigh-ins is in an app called Noom.;0;0
iteration_11;Boosted Time Tracker;PRODUCTIVITY;567bcc5c-7c7c-4694-a12c-41613ff9a3f7;4;May 01, 2022;3;f_7;Edit-> i love this app but seriously no enhancement? Last update was a year ago. It feels that I bought premium just to stop that offer banner and colours? 2021-> Wow, this is amazing. I use it for tracking time and this app is very effective at this, it is good but I was expecting more than colours and Timers in premium, if you guys can add a habit tracker like thing and to do list, this will be the only app needed to make the day a super productive.;Wow, this is amazing. I use it for tracking time and this app is very effective at this, it is good but I was expecting more than colours and Timers in premium, if you guys can add a habit tracker like thing and to do list, this will be the only app needed to make the day a super productive.;0;0
iteration_11;SMS Backup+;TOOLS;e5299cc9-60b9-432f-a2d0-7a65aa1692c4;2;Nov 10, 2021;2;f_29;"App will let you backup SMS and MMS texts, but will only allow you to restore SMS texts! What is the point of backing up MMS if you can't restore it?? A better app for backing up (and restoring) SMS and MMS is ""SMS Backup And Restore"", though you have to save to a cloud based drive (i.e. Google Drive) vs Gmail. However if you just want to back and restore SMS and are willing to jump through the Gmail security hoops to set everything up, the app does work.";"A better app for backing up (and restoring) SMS and MMS is ""SMS Backup And Restore"", though you have to save to a cloud based drive (i.e. Google Drive) vs Gmail.";0;0
iteration_11;BetterHelp - Therapy;HEALTH_AND_FITNESS;89870719-09f9-47ef-90eb-5e3f25e7f8db;0;Aug 04, 2022;5;f_2;💯 more reliable than the other web service I tried. Signing up was easy, and I was able to see the availability of therapists when choosing. I was placed with the perfect therapist for me. She's always on time, and makes sure to get me scheduled each week. I notice the benefit of the daily journaling, and my therapist's responses are helpful.;💯 more reliable than the other web service I tried.;0;0
iteration_11;Calendar Notify - Widget, Lock;PRODUCTIVITY;41ffd2d1-bb27-452b-9084-a3f325948108;0;Oct 05, 2019;3;f_45;Used to allow custom background, which is now a must have due to Android 10 dark theme. Bring it back or support dark theme! -- Update -- OK, that seems to work in the actual notification, but not in the preview. I mean, in dark theme, I need to change the text color to white, but the preview is using white background...also, the expanded mode is still black;Used to allow custom background, which is now a must have due to Android 10 dark theme.;0;0
iteration_11;Todoist: to-do list & planner;PRODUCTIVITY;c8462973-be8d-4d2f-a5b7-5f4687d3615b;1;Jul 18, 2022;3;f_110;"Completely spamming my calendar with recurring tasks that I never created. Update: Yes I connected to my google calendar. Then your auto generated recurring tasks like ""review the day and plan ahead"" were filling every day of my calendar. It was a total mess. I had to carefully go over every task in todoist and had to remove the due date, then save, then delete the task. Because just deleting didnt work because they reapperad the next day. Now I deleted the integration which solved the issue.";Update: Yes I connected to my google calendar.;0;0
iteration_11;Sygic Travel Maps Trip Planner;TRAVEL_AND_LOCAL;d942a0c9-4b0a-4c0f-9199-38cd559b75f6;0;May 09, 2022;4;f_26;"Was simply the best, offline GPS navigation application. Far, Far, superior to Google Maps BUT the latest update of removing the ""over speed"" advice. Replacing with change of speed ahead advice. Has removed a major reason for choosing this app above others.";Was simply the best, offline GPS navigation application.;0;0
iteration_11;Macros - Calorie Counter;HEALTH_AND_FITNESS;a4765214-85a8-4de5-a40f-e521078092f1;6;Sep 03, 2022;5;f_143;Pro version: I love this app and use it constantly. The other apps I tried annoyed me. I really enjoy entering all the macro information and weighing everything. My only wish would be for it differentiate between natural sugar and added sugar. Probably impossible, so I appreciate being able to see all the sources of my sugar intake to calculate manually. Give it a try, this is the one you're looking for. Be sure to bookmark the help website too.;Be sure to bookmark the help website too.;0;0
iteration_11;Boosted Time Tracker;PRODUCTIVITY;96c7336a-5f12-4acc-8ec2-14edf9bc2615;0;Aug 13, 2021;5;f_104;Please make a desktop app;Please make a desktop app;0;0
iteration_11;Todoist: to-do list & planner;PRODUCTIVITY;b8592cbe-c794-4474-9b6c-37861befe548;3;May 23, 2022;5;f_175;Love this app. I have debilitating ADHD (if you know, you know) and this app makes my life manageable. Filters and priority settings keep to do lists from getting scrambled and overwhelming. For example, I use the urgent/important paradigm for priority setting, and the filters are perfect. Integrate with Google calendar. Project management with subtasks. If you have executive dysfunction, even the free version of this is a life saver. Also desktop is Linux compatible so that's a huge plus for me;For example, I use the urgent/important paradigm for priority setting, and the filters are perfect.;0;0
iteration_11;Easy Message: text without sav;COMMUNICATION;d74ac834-1dfb-4590-9043-55231107f259;0;Dec 04, 2021;5;f_46;Easy to use, no ads, best instant messaging;Easy to use, no ads, best instant messaging;0;0
iteration_11;Gmail Go;COMMUNICATION;d914540c-4dcf-4d82-aaf4-2436b60f8e7f;2;Apr 11, 2022;1;f_261;heaven help you if you try n sync w another email account. crashes CONSTANTLY. hey google nerd-ocracy, your product sucks now, because your priorities suck, and one day you will crash like the androids you have been destroying w this piece of shyte you pass off as an email app. 🖕;hey google nerd-ocracy, your product sucks now, because your priorities suck, and one day you will crash like the androids you have been destroying w this piece of shyte you pass off as an email app. 🖕;0;1
iteration_11;Macros - Calorie Counter;HEALTH_AND_FITNESS;89be0b48-a2be-4c89-93b5-cfe02b803213;1;Aug 25, 2022;5;f_143;Brilliant ... does everything it needs to in the free version. Best macro app I've used. Won't be using anything else but this. Even the add banner is miniscule compared to others👍👍;Best macro app I've used.;0;0
iteration_11;Telegram X;SOCIAL;bff659ea-a681-4b21-83d5-c63c44e94981;0;Aug 11, 2022;3;f_76;please add folder tab;please add folder tab;0;0
iteration_12;Burner: 2nd Phone Number Line;COMMUNICATION;d229a708-8b82-4e1a-b22f-a4fce58f4225;0;Jun 14, 2022;4;f_482;soon as burner steps up to the pump and adds end to end encryption...they will hands down be the best in google play store...hands down only reason they don't get a 5...you've implemented the perfect features as far as multiline and burning feature...just encrypt the lines and your a clear winner;soon as burner steps up to the pump and adds end to end encryption...they will hands down be the best in google play store...hands down only reason they don't get a 5...you've implemented the perfect features as far as multiline and burning feature...just encrypt the lines and your a clear winner;0;0
iteration_12;Telegram;COMMUNICATION;a8309c16-01a8-428f-881f-c7dbf1adf3ad;0;Sep 02, 2022;1;f_180;Highly disappointed the way their support team works because instead of stopping and taking strong action against those who are constantly making new accounts nd deleting the old ones for their fraudulent activity they are just ready to restrict the activity of genuine users!;Highly disappointed the way their support team works because instead of stopping and taking strong action against those who are constantly making new accounts nd deleting the old ones for their fraudulent activity they are just ready to restrict the activity of genuine users!;0;0
iteration_12;Productive - Habit tracker;PRODUCTIVITY;33c7f1e0-4d95-4f3c-8d33-6ecdd39a2834;0;Jan 27, 2022;1;f_330;This app took payment today, no subscription page to manage the account, no warning it was going to take money, no support page or email publicly on the site. When I log in, it just takes me to an unsubscribe page. This subscription is NOT managed in Google. Best of luck to those that are subscribed. Will dispute with PayPal.;This app took payment today, no subscription page to manage the account, no warning it was going to take money, no support page or email publicly on the site.;0;0
iteration_12;Loop Habit Tracker;PRODUCTIVITY;5724d054-901f-484a-8f13-572a0e19c55b;1;Sep 16, 2021;5;f_104;Simple intuitive app, also lets you export your data. Feature feature - provide a web interface or a mac/desktop app.;Feature feature - provide a web interface or a mac/desktop app.;0;0
iteration_12;Samsung Notes;PRODUCTIVITY;6fe114b3-878b-4799-9d3d-f08dffeca479;4;Aug 06, 2022;5;f_432;"Its a great app😍. Just some suggestions ;* a option to add bookmarks to pdfs . a feature to straighten highlight strokes. Sticky notes. Diary template. Ability to place imported pictures at any place in the pdf not only on left margine. also an option to see the index of the book";Ability to place imported pictures at any place in the pdf not only on left margine.;0;0
iteration_12;Productive - Habit tracker;PRODUCTIVITY;cd9af090-f59c-4e1a-a28e-e6b443e84a81;1;Aug 20, 2021;2;f_197;App not bad but customer support very lacking. Only get nonsensical canned responses.;Only get nonsensical canned responses.;0;0
iteration_12;blocos - time block & daily pl;PRODUCTIVITY;9b0b8dd2-da1a-47ef-a280-7b09a5297a18;2;Feb 12, 2022;4;f_244;Great concept, a bit rough on execution. The To-Do section needs to be reworked. Can't clear empty categories of to-do, no indication if it purges old tasks or if the done tasks are just going to pile up, needs sort by date, needs reoccurring tasks. Need to be able to rederence Todo list from schedule page. Scheduling needs copy and paste for selected blocks. Need to be able to edit templates directly.;Can't clear empty categories of to-do, no indication if it purges old tasks or if the done tasks are just going to pile up, needs sort by date, needs reoccurring tasks.;0;0
iteration_12;Fabulous Daily Routine Planner;HEALTH_AND_FITNESS;3533cc94-b5d7-4ba3-b03c-914c7baf60d6;2;Aug 11, 2022;1;f_330;I agreed to the free trial period to explore the app before investing full steam. When I realized there was a pending expense I tried to Disable and Deregister. Even uninstalled, since there were no subscriptions logged in Play. But a few days later my PayPal was debited- leading to bank account debit. Now I can't get my meds for my MS. I logged my query on their site and emailed, and waiting for a reply.;Even uninstalled, since there were no subscriptions logged in Play.;0;0
iteration_12;SMS Backup & Restore;TOOLS;6000698d-b587-42de-ba78-4610c363d227;1;Sep 04, 2022;5;f_321;Works like a champ! I've been able to restore call logs and messages multiple times thanks to this app. LAN backup would be nice, but cloud is fine too. Local works too, then a file transfer to the LAN (smb) or to the device needed. I only wish it was available on iPhone as well. So many worthless back-up apps in the A store and too many imposters there trying to look like this app.;I've been able to restore call logs and messages multiple times thanks to this app.;0;0
iteration_12;ColorNote Notepad Notes;PRODUCTIVITY;8d8e2690-204f-49cb-b577-1139327dd252;0;May 28, 2022;3;f_209;Please develop iOS version and let the notes sync between devices. I have been using this notepad for like 10 years now;Please develop iOS version and let the notes sync between devices.;0;0
iteration_12;SMS Backup+;TOOLS;2d4664dc-e3a2-48db-a85f-48dd822e99bb;2;Oct 19, 2020;2;f_431;I've been using thsi for years. Recently, though, it stopped backing up automatically. I can still run manual backups, but the automatic backups just aren't kicking off as they used to.;I can still run manual backups, but the automatic backups just aren't kicking off as they used to.;0;0
iteration_12;True Phone Dialer & Contacts;COMMUNICATION;4513b041-5a46-4bfb-9883-2c21aa752c29;0;Apr 13, 2022;5;f_67;Highly Recommended best app in this category.;Highly Recommended best app in this category.;0;0
iteration_12;Squid: Take Notes, Markup PDFs;PRODUCTIVITY;aac513de-a31c-46a7-b8d0-2589f8d63c5b;1;Mar 28, 2022;4;f_259;recently downloaded. I was very dissappointed when I realized that hyperlinks were not accessible. I truly thought that I found a good one please add this feature;I was very dissappointed when I realized that hyperlinks were not accessible.;0;0
iteration_12;Citymapper: All Your Transport;MAPS_AND_NAVIGATION;ab9f15e1-01ca-4ea3-8237-d4919067cb58;2;Sep 09, 2022;3;f_240;Update: 9/2022 Dropped one star. Bus only routing used to be a paid of the free options now you have to pay for it. That's disappointing. I don't understand why should we pay for bus only routing.;Bus only routing used to be a paid of the free options now you have to pay for it.;0;0
iteration_12;Play Services Info (Update);TOOLS;91cd1dda-fef2-4247-9e07-4a4d247fcd77;0;Jan 28, 2021;5;f_478;Accounting;Accounting;0;0
iteration_12;adidas Running: Sports Tracker;HEALTH_AND_FITNESS;e691683c-28f0-4320-b342-f111117939c8;0;May 14, 2022;1;f_52;Blasts you with push notification ads for Adidas' latest marketing initiative (currently, the plastic waste song-and-dance). They even go to the trouble of asking for marketing permission, but then do it anyway if you choose not to say yes. I guess you can just consider it the price to pay for a decent free run tracker.;Blasts you with push notification ads for Adidas' latest marketing initiative (currently, the plastic waste song-and-dance).;0;0
iteration_12;HabitNow Daily Routine Planner;PRODUCTIVITY;30625e37-edb7-4a70-8e4b-bb1e1221e84c;0;Sep 14, 2022;3;f_109;The app lacks two very important features for me: 1) calendar sync, so I could use only HabitNow without worrying on losing my calendar events. 2) Reminders with actions like complete, snooze and cancel. I was planning on buying the premium, but I'm sticking with other options for now;The app lacks two very important features for me: 1) calendar sync, so I could use only HabitNow without worrying on losing my calendar events.;0;0
iteration_12;Ayoba;COMMUNICATION;5a9fd161-de51-40ff-9337-156db06c2e6b;0;Aug 26, 2022;4;f_239;If Ayoba wants to takeover the African social networking market, they must simply go the route of WhatsApp which promoted virtual contacts than actual contacts. At a later stage they can choose to capitalize on their actual contacts business model.;If Ayoba wants to takeover the African social networking market, they must simply go the route of WhatsApp which promoted virtual contacts than actual contacts.;0;0
iteration_12;Stopwatch Timer;TOOLS;e8bc08fa-9144-424e-955a-ecb8acf8665a;0;Jun 03, 2022;5;f_63;Great app for the users who needs a timer with stopwatch, easy interface and easy to use.;Great app for the users who needs a timer with stopwatch, easy interface and easy to use.;0;0
iteration_12;WhatsApp Messenger;COMMUNICATION;ba79e8c8-80a3-4c16-a593-247972ca110e;0;Sep 14, 2022;3;f_34;Whatsapp Voice Calls and Video Calls are not displayed on Screen When it Rings;Whatsapp Voice Calls and Video Calls are not displayed on Screen When it Rings;0;0
iteration_12;Telegram;COMMUNICATION;b4514315-0059-4ce4-91d2-3d67cc084790;0;Aug 28, 2022;5;f_339;Telegram is good platform;Telegram is good platform;0;0
iteration_12;SMS Backup+;TOOLS;75545171-6dfd-464c-9c5b-f977b6a202ff;0;Jun 15, 2018;1;f_431;Used to be a good app for automatic backups, but now, after the last update, it stopped doing automatic backups, no matter what I tried.;Used to be a good app for automatic backups, but now, after the last update, it stopped doing automatic backups, no matter what I tried.;0;0
iteration_12;Material Notes: Colorful notes;PRODUCTIVITY;7e005530-2be4-4047-a8cd-a3f48465e8ea;1;Jul 13, 2017;5;f_23;Great app, it does the job just fine. The only thing i would add is ability to add hand written note, dark theme would be also welcome and maybe change icons to look more like material design. Keep up the good work!;The only thing i would add is ability to add hand written note, dark theme would be also welcome and maybe change icons to look more like material design.;0;0
iteration_12;WhatsApp Messenger;COMMUNICATION;422691fd-8447-4cd8-9391-1e7f4c6dbc4e;0;Sep 13, 2022;4;f_29;Make WhatsApp cloud base!! It's a nightmare to restore 10gb of backup 😑. Telegram is much appreciated for that.;Make WhatsApp cloud base!!;0;0
iteration_12;ColorNote Notepad Notes;PRODUCTIVITY;8dc454c9-1b77-4868-b68d-8f1aa744a90a;0;Sep 02, 2022;5;f_257;Very efficient and feature rich..syncs across devices...and is absolutely one of the best...i have been using it for years while comparing it to other apps;Very efficient and feature rich..syncs across devices...and is absolutely one of the best...i have been using it for years while comparing it to other apps;0;0
iteration_12;Height Increase Workout;HEALTH_AND_FITNESS;74cef01c-c229-4677-ae12-f6463b8186fd;0;Apr 19, 2022;5;f_442;I definitely recommend this app for height incemrease I grew 4 inches tall in like...2.5 months which was cool I didn't go out for 3 months and all my friends were shocked to see me tall😌 plus stay consistent with the app and you'll get better results also try to use the food suggestions and sleep tracker along with it it'll give better results 🤗;I definitely recommend this app for height incemrease I grew 4 inches tall in like...2.5 months which was cool I didn't go out for 3 months and all my friends were shocked to see me tall😌 plus stay consistent with the app and you'll get better results also try to use the food suggestions and sleep tracker along with it it'll give better results 🤗;0;0
iteration_12;Instagram;SOCIAL;a9b6203f-191f-400f-ba75-934a0b6c9c01;0;Sep 14, 2022;1;f_319;"Reinstalled Receive a ""Google Smart Lock"" prompt, then App crashes No other options or actions available. Can not log in. Uninstalled and Reinstalled 3x, no difference.";"Reinstalled Receive a ""Google Smart Lock"" prompt, then App crashes";0;0
iteration_12;Telegram X;SOCIAL;35f124af-91f0-46f9-bec2-c0e95849e3af;0;Jul 29, 2022;5;f_399;With cloud storage l am loving this 😍🥰;With cloud storage l am loving this 😍🥰;0;0
iteration_12;Garmin Smartphone Link;TRAVEL_AND_LOCAL;92915d25-1870-4faf-bc4c-45599e6f8183;3;Dec 14, 2021;1;f_26;"I am sorry to say but the app is absolute rubbish. Even though I have a compatible device Bluetooth connection absolutely broken which would have been my major use case so that I won't have to climb over my dash to type in an address. The gace that de app looks like it has not had a UI overhaul since 2007 just makes things worse. The only selling point of using a standalone GPS navigation is that is OZ land on a P license peeps are not allowed to use ""screen mirroring"" lik Android Auto.";"The only selling point of using a standalone GPS navigation is that is OZ land on a P license peeps are not allowed to use ""screen mirroring"" lik Android Auto.";0;0
iteration_12;SimpleMind Pro - Mind Mapping;PRODUCTIVITY;b44217a6-a72b-403b-8df9-35f428eb7d30;3;Apr 10, 2022;5;f_30;Simply the best mind mapping app out there, with many features not found in other mind mapping apps.Does EXACTLY what I want it to.Fully customizable.Cloud sync. Gorgeous user interface. Slide show mode，and even an outliner. This is one fully- featured MM app, and, best of all, it's a ONE-TIME purchase.;Cloud sync.;0;0
iteration_12;FocusMe;PRODUCTIVITY;4d99d62b-74ab-471a-aafa-be42d739507c;2;Oct 19, 2020;4;f_36;awesome free parental control app but with room for improvement. Since in WFH new normal, some schools are using Google classroom for online teaching. How can I permit these content (usually from the same youtube channels), while blocking other non school related contents being consumed.;How can I permit these content (usually from the same youtube channels), while blocking other non school related contents being consumed.;0;0
iteration_12;Todoist: to-do list & planner;PRODUCTIVITY;70604b51-b1bd-41b3-b327-7b16228f4762;2;Jan 06, 2022;5;f_175;I've been using todoist for years and it's gone from strength to strength. This app runs my life and I wouldn't have it any other way. Whether complex project management, medication reminders, payment schedules or shopping lists everything is simple to structure in an intuitive way that has kept me organised and on task.;Whether complex project management, medication reminders, payment schedules or shopping lists everything is simple to structure in an intuitive way that has kept me organised and on task.;0;0
iteration_12;Huawei Health;HEALTH_AND_FITNESS;31502660-b867-4658-bb93-631c434d8571;3;Dec 26, 2021;1;f_140;Not able to use Huawei band 6 at all due to this app! Cannot link the device - when trying to link the device it tries to open the link page, but it fails and that is it! Device not linked - and I can't use the Band 6 at all, not even as a simple, stupid watch! I also have a video with the workflow, if anybody is interested...;I also have a video with the workflow, if anybody is interested...;0;0
iteration_12;WAMR - Recover deleted message;COMMUNICATION;abea4343-cbcb-4484-b49c-67cbea0305b4;0;May 24, 2022;1;f_117;When a message is deleted, other text kind of repeated itself and doesnt look organize;When a message is deleted, other text kind of repeated itself and doesnt look organize;0;0
iteration_12;Telegram X;SOCIAL;326401f5-9f10-43cc-9bd7-9456db339338;5;Jun 18, 2022;4;f_188;"Looks pretty clear to me that this app is out of date. Need to update for the latest version like original Telegram. Some links I clicked is invalid or out of date app issues. The reason I use this app because this one is better than latest version and it allows you to browse any restrictions group and more features that I can't describe more. Edited: Since the update, developers noticed my review and solved some of my problems but only 1 thing, ""People nearby"" Hopefully this will be available.";"Edited: Since the update, developers noticed my review and solved some of my problems but only 1 thing, ""People nearby"" Hopefully this will be available.";0;0
iteration_12;Squid: Take Notes, Markup PDFs;PRODUCTIVITY;5df0ac3f-a61c-4e7c-ab81-d7b6fbd13f12;3;Jun 02, 2022;5;f_42;Useful app for teaching. All the foundamentals features are implemented: cloud backup of the notes database providing seemless switch to new devices, cloud backup in pdf, export and edit notes. Recommended. Feature request: subfolders for better notes organization.;Feature request: subfolders for better notes organization.;0;0
iteration_12;WhatsApp Messenger;COMMUNICATION;872ce030-3cd6-4969-897d-36ee7deaf047;0;Sep 13, 2022;5;f_15;This is a wonderful app thankyou , kindly its my suggestion that you bring on bord the language translator option.......;This is a wonderful app thankyou , kindly its my suggestion that you bring on bord the language translator option.......;0;0
iteration_12;Wemoji - WhatsApp Sticker Make;COMMUNICATION;420c9459-6337-4340-becc-28d44727aa7a;0;Jun 05, 2022;3;f_80;Good for non animated stickers. Animated stickers don't work after processing them;Good for non animated stickers.;0;0
iteration_12;KY3 Weather;WEATHER;7a3e663f-fcb6-47e0-abf1-3c4ba2c5a618;0;Dec 31, 2021;1;f_117;Every time I try to watch a weather video, it doesn't work and I get error messages on my phone, forcing me to restart my phone. This app is now deleted. All these 5 star reviews must be fake because this app F sucks!;Every time I try to watch a weather video, it doesn't work and I get error messages on my phone, forcing me to restart my phone.;0;0
iteration_12;Squid: Take Notes, Markup PDFs;PRODUCTIVITY;49a3db23-f20e-4278-925f-ba5a44990112;2;Jan 20, 2022;5;f_76;Awesome note-taking app, been using it for all of my college classes. Keeps things organized, I can color code my notes, and occasionally doodle. My only gripe is that I can't make folders for notes, they all just lay on the dashboard. I also wish I could change the color or add a picture to identify notes on the front page, they meld together when they're all blue. Edit: They're super receptive to feedback, requests, and ideas, such great app!;My only gripe is that I can't make folders for notes, they all just lay on the dashboard.;0;0
iteration_12;Instagram;SOCIAL;3454cffd-f905-4028-a554-7601b140b9a4;0;Sep 15, 2022;2;f_239;It's socal networking app;It's socal networking app;0;0
iteration_12;Macros - Calorie Counter;HEALTH_AND_FITNESS;bad93f16-52a5-4495-a015-6aa234a50cc9;1;May 14, 2022;5;f_143;This app is very easy to use and pretty simple no extra fancy stuff. If youre here your most likely trying to find a better alternative to MyFitnessApp and it is, as far as i can tell there is no overpriced premium and has all the essentials for nutrients and macros. Thumbs up.;If youre here your most likely trying to find a better alternative to MyFitnessApp and it is, as far as i can tell there is no overpriced premium and has all the essentials for nutrients and macros.;0;0
iteration_12;ColorNote Notepad Notes;PRODUCTIVITY;8a8e1e43-8f5c-4500-a0cd-86cd277c8d6f;1;Jul 05, 2022;5;f_76;Simple to use and no ads. One of the improvements that can be done is adding a folder feature to make organising a bunch of notes easier.;One of the improvements that can be done is adding a folder feature to make organising a bunch of notes easier.;0;0
iteration_12;Clock;TOOLS;e1ddc140-11b7-4dc2-bbd4-06bd404125d7;1;Jul 12, 2022;4;f_236;Good. But I want my JellyBean ASOP 4.1 circular clock widget back. I'm particular about my clock faces...;But I want my JellyBean ASOP 4.1 circular clock widget back.;0;0
iteration_12;To Do Lists & Tasks - When.Do;PRODUCTIVITY;a5926d27-a6f5-4fbb-893e-b56c02c9acb9;0;Nov 01, 2020;4;f_96;Love it but wish I could coordinate it with my outlook calendar.;Love it but wish I could coordinate it with my outlook calendar.;0;0
iteration_12;CloudCal Calendar Agenda Plann;PRODUCTIVITY;b28c9d04-4861-4511-b4c2-09e2e7eba739;0;Aug 03, 2021;2;f_319;the constant reminder to enable location permissions is just stupid. every single action i do, it has to remind me of enabling the location permission for a pro feature that i won't be using. just leave me alone, i don't want to enable it.;the constant reminder to enable location permissions is just stupid.;0;1
iteration_12;Instagram;SOCIAL;5c20cea4-9fe4-4533-bea4-5aa575df929d;0;Sep 13, 2022;5;f_130;I can't send or forward posts or reels to individual people it's always the Group chats popping out please fix this;I can't send or forward posts or reels to individual people it's always the Group chats popping out please fix this;0;0
iteration_12;Telegram;COMMUNICATION;330b7b1e-fda3-4878-a065-4513a1d1397f;0;Aug 21, 2022;5;f_339;Best app better than what,s app I can't tell advantages I love telegram !;Best app better than what,s app I can't tell advantages I love telegram !;0;0
iteration_12;Loop Habit Tracker;PRODUCTIVITY;f0e532a2-f0eb-471b-969e-f9020de4d2c5;0;Jun 21, 2022;5;f_7;Honestly it's better than Google calendar for the purpose of being simple and getting the job done. Works as a task manager and a habit tracker and shows progress which I love.;Honestly it's better than Google calendar for the purpose of being simple and getting the job done.;0;0
iteration_12;Telegram;COMMUNICATION;ead61840-e5a2-4149-bbe5-23ec33643ca3;0;Sep 02, 2022;2;f_156;Is there any bug in telegram?. When ever we minimze app and if downloading is progress .. downloading get paused, downloading will start when we stop and start it again. If its not allowing multitasking than there is no use of this app.;Is there any bug in telegram?.;0;0
iteration_12;Kik — Messaging & Chat App;COMMUNICATION;c66c1235-fb9f-4c5f-a324-bfefdecb7fd8;0;Sep 06, 2022;2;f_220;It as not been working properly for me because i can't meet new people or enter group everytime I try to it always tells me that I have reach the limit for the day and I haven't even tried it, it's so frustrating...... I did almost everything and its still not working for me at this rate i might just delete it;It as not been working properly for me because i can't meet new people or enter group everytime I try to it always tells me that I have reach the limit for the day and I haven't even tried it, it's so frustrating......;0;0
iteration_12;MixNote NotePad Notes;PRODUCTIVITY;487d0f66-b80a-44d3-a68c-6be650798546;2;Jan 15, 2019;5;f_30;Super , Awesome app. The only app I found to be best compitive to mi notes app. Keep up guys I loved the app with the image attachment, cloud sync service . I loved it. The best part is we can add images directly below the notes, continue the notes. and the voice recording feature Is awesome. With the backup sync to Google drive . The app is best . problem:-the notes are not completely sync with my account.struck on sync logo. 😣 need assistance;Keep up guys I loved the app with the image attachment, cloud sync service .;0;0
iteration_12;Google Keep - Notes and Lists;PRODUCTIVITY;b2b65586-5a7a-4905-a707-0383cbf11173;3;Sep 17, 2022;1;f_258;Lacks Bold, Italics, Underline and has absolutely no formatting options for rich text! I not only needed Rich Text formatting in my editor, but the editor forces me to dig into my virtual keyboard just to gain access to Microphone so I can speak sentences! I also needed folders. This App is also a privacy concern and collects way too much personal information! The permissions list is insane. The voice notes are not hands-free! User is shoved inside edit mode even for quick voice notes. Garbage!;This App is also a privacy concern and collects way too much personal information!;0;0
iteration_12;MAPS.ME: Offline maps GPS Nav;TRAVEL_AND_LOCAL;779d9287-01ea-4f3e-94db-71164bec4cbc;2;Aug 10, 2022;2;f_251;I'm sad to say this new update made a great, simple app that's been used for year, a lot less user friend, frustrating and overall just wish we could revert back. Why this big step backward? Bookmarking things got harder, navigating became awkward, some new useless features, a download button when everything is already downloaded...why change what worked so well? This is so sad...please make this app great again!;Bookmarking things got harder, navigating became awkward, some new useless features, a download button when everything is already downloaded...why change what worked so well?;0;0
iteration_12;Todoist: to-do list & planner;PRODUCTIVITY;8d3dab5b-11f0-4333-a489-5b45c1e7fbe7;3;Jun 21, 2022;1;f_110;New update broke WearOS functionality. On fossil watch, it doesn't sync the start up project/filter and task reminders don't always show up. View is differently formatted too, and it always comes up in inbox. When they do, if they are completed on the phone the watch notification doesn't disappear, which is a real problem for recurring tasks because if you complete it instead of dismissing it from the watch after completing it in phone, the task is moved forward a date.;When they do, if they are completed on the phone the watch notification doesn't disappear, which is a real problem for recurring tasks because if you complete it instead of dismissing it from the watch after completing it in phone, the task is moved forward a date.;0;0
iteration_12;True Phone Dialer & Contacts;COMMUNICATION;f51ef14c-22ef-491f-bfb0-d1e2298329dc;3;May 20, 2022;5;f_210;An underrated dialer. Using this since 2015. It has so many features which are much useful. Customizable at its best. Use it to believe it. Highly recommended.;Customizable at its best.;0;0
iteration_12;Samsung Notes;PRODUCTIVITY;aa45a66d-fb47-4b4c-98a3-ede593fcbd11;1;Jul 16, 2022;4;f_140;Add the option to open more than one note at the same time using tabs instead of separate windows. To ease workflow for many students and make it a lot easier to switch between notes. It will be great if you guys develop your own pdf reader that opens multiple files in tabs, that have native support for the spen and also allow users to make anotations on pdf files directly from their online drive accounts like Google drive, Onedrive etc without have to save a local copy of that file.;To ease workflow for many students and make it a lot easier to switch between notes.;0;0
iteration_12;Clock;TOOLS;526c7e4d-293e-4d71-8c83-36efd01ed840;2;Aug 18, 2022;1;f_241;This app CONTINOUSLY allows its volume to be reduced below the volume I set, EVEN after disabling that feature in the application's menu. This singular error has caused me to miss multiple alarms for important things like work or meetings. It happens when I'm snoozing alarms using the touchscreen only, it happens if I adjust the volume on my phone for another app, it happens seemingly automatically just because the app decides that it's going to lower the volume itself. Absolutely worthless.;It happens when I'm snoozing alarms using the touchscreen only, it happens if I adjust the volume on my phone for another app, it happens seemingly automatically just because the app decides that it's going to lower the volume itself.;0;0
iteration_12;SMS Organizer;COMMUNICATION;8351519d-ce4b-4efd-b247-068f6921c058;0;Sep 02, 2022;5;f_118;It Should be a default messaging app.;It Should be a default messaging app.;0;0
iteration_12;Doit.im for Android;PRODUCTIVITY;c7edfd45-8128-4bd2-96ad-04d630c74e75;0;Nov 15, 2019;3;f_278;The app itself is very useful, but there are bugs all the time, disappearing tasks, synchronization mistakes, timezone setting problems etc. The last update was almost 3 years ago. Maybe it's time to fix it?!;The app itself is very useful, but there are bugs all the time, disappearing tasks, synchronization mistakes, timezone setting problems etc.;0;0
iteration_12;Binaural Beats Therapy;HEALTH_AND_FITNESS;9d8754ca-2875-4b41-b5fc-bf8a557ddb4d;1;Jan 15, 2021;5;f_147;Crazy how good this thing is. Only suggestion from me would be a replay button for when I want to listen to a tone while sleeping. Other than that, this is the perfect app for meditation and focus.;Only suggestion from me would be a replay button for when I want to listen to a tone while sleeping.;0;0
iteration_13;To Do Lists & Tasks - When.Do;PRODUCTIVITY;fdf2f057-651b-4619-a4e3-9097c952866e;1;Oct 08, 2021;5;f_110;Really simple and uncomplicated way of viewing Google tasks on the phone. I paid the modest fee for premium service and can set up recurring tasks as easily as I can in Outlook. Win-win!;I paid the modest fee for premium service and can set up recurring tasks as easily as I can in Outlook.;0;0
iteration_13;Calendar Notify - Widget, Lock;PRODUCTIVITY;a0f57435-adc8-4eaa-aeb2-5c9a424d8dca;0;Jun 21, 2021;5;f_96;Having my upcoming calendar on the lock screen makes sure I don't forget appointments.;Having my upcoming calendar on the lock screen makes sure I don't forget appointments.;0;0
iteration_13;Buttocks Workout - Fitness App;HEALTH_AND_FITNESS;8d528b76-988f-4667-ba7d-60cfb81b108f;0;Jul 30, 2022;5;f_64;I haven't did any exercise in such a very long time and was reluctant to start with this app but after doing the exercises I fii very safe to do them and the exercises aren't to bad for an old timer like me I give it a five 👍 up;I haven't did any exercise in such a very long time and was reluctant to start with this app but after doing the exercises I fii very safe to do them and the exercises aren't to bad for an old timer like me I give it a five 👍 up;0;0
iteration_13;WAMR - Recover deleted message;COMMUNICATION;f9d45d8e-b195-4b98-a29c-488c34b87129;1;Sep 10, 2022;3;f_117;Only showing deleted media. Deleted messages are not being shown.;Deleted messages are not being shown.;0;0
iteration_13;EPA's AIRNow;HEALTH_AND_FITNESS;48ffb6f9-f67c-4828-a318-92ccd48391a0;1;Aug 05, 2021;1;f_286;This app doesn't work, it says the air quality data is not available for any major city. I'm using AirVisual app instead, which shows all of Airnow sensors and thousands of other sensors from community members. Airnow has been wasting tax payer money when we actually need them right now in California. Why do we need to rely on private companies to give us that critical air pollution data??? That should be the job of the government!;I'm using AirVisual app instead, which shows all of Airnow sensors and thousands of other sensors from community members.;0;0
iteration_13;ColorNote Notepad Notes;PRODUCTIVITY;51c8456d-a25a-4a07-ad2a-8171bfb1317f;0;May 31, 2022;5;f_257;I have been using it for many years and I love it, especially I am able to save my documents with password and sync across devices. Most importantly it's ad free😀😁.;I have been using it for many years and I love it, especially I am able to save my documents with password and sync across devices.;0;0
iteration_13;Squid: Take Notes, Markup PDFs;PRODUCTIVITY;38f74a15-3049-4ca6-8bc7-aca81fe09009;2;Dec 31, 2021;4;f_259;Almost perfect but it's just not there. Got the app to do digital planning. Paid for the subscription so I could upload the pdf planner I bought and after I got it in, that's when I found out that Squid does not support hyperlinks within the document. It's a 772 pg planner so it's absolutely worthless without the hyperlinks to help navigate. Had to go to another less awesome app just for that feature. Please fix!!;Paid for the subscription so I could upload the pdf planner I bought and after I got it in, that's when I found out that Squid does not support hyperlinks within the document.;0;0
iteration_13;Water Drink Reminder;HEALTH_AND_FITNESS;948c7e45-d006-4826-a2b6-8f7430fe5eeb;1;May 18, 2022;5;f_210;Been using this app for years and have never had a problem. Customizable, on time reminders, never glitches. Highly recommend;Customizable, on time reminders, never glitches.;0;0
iteration_13;Kik — Messaging & Chat App;COMMUNICATION;f9265b26-50b7-4f98-852d-0756288adad5;0;Sep 03, 2022;2;f_235;"Great for online privacy but advertising via pop-ups, very annoying for a ""free"" communication app, that's why I uninstalled it.";"Great for online privacy but advertising via pop-ups, very annoying for a ""free"" communication app, that's why I uninstalled it.";0;0
iteration_13;Couch to 5K by RunDouble;HEALTH_AND_FITNESS;7e69f934-fb99-4be2-896d-5222675dab1b;0;Sep 03, 2022;2;f_164;*revised* the app stopped finding gps a few years ago and is no longer very useful. It is not my phone or signal, i habe no issued with gps on anything else. Time to find a new app. I have always hated running but love the outdoors. This app has made me a running fanatic. I love the solitude and fresh air. It eases you in so you don't even realize what you're doing!;*revised* the app stopped finding gps a few years ago and is no longer very useful.;0;0
iteration_13;Lookout - Assisted vision;PRODUCTIVITY;d89b2357-96e8-4089-8ebf-d1d3c88758b0;0;Jun 20, 2022;4;f_261;Thank you developers it is working well, compare to other OCR apps it is working verry accurately definitely it is artificial Eye for me, one more please add auto language deduction, Kannada language and PDF reader, this is humble Request, finally allow to join beta version;Thank you developers it is working well, compare to other OCR apps it is working verry accurately definitely it is artificial Eye for me, one more please add auto language deduction, Kannada language and PDF reader, this is humble Request, finally allow to join beta version;0;0
iteration_13;WhatsApp Messenger;COMMUNICATION;629a1e06-bef1-4acf-88b0-17dce904a788;2;Sep 14, 2022;1;f_133;Every time i sent a video to someone the audio dissappear from the video. / We SHOULD be able to disable video or phone call, PLEASEEEE!;We SHOULD be able to disable video or phone call, PLEASEEEE!;0;0
iteration_13;Telegram;COMMUNICATION;76de3559-43f3-4a7a-81db-7c3c65d293dd;0;Sep 11, 2022;5;f_130;Not good for call and media transfer but good in privacy and group chating and chatung;Not good for call and media transfer but good in privacy and group chating and chatung;0;0
iteration_13;Withings Health Mate;HEALTH_AND_FITNESS;79b522f7-c05f-44b7-991e-d444209b29c8;2;Sep 03, 2022;2;f_506;Not a good app. You can't add exercise to the app if Bluetooth wasn't enabled, there is no record of fastest run, bike etc. Only running contributes to the fitness level, and the watch itself is too temperamental not capturing heart rate properly and ECG only works if heart rate above 50. Now looking at the new Samsung which has all the functionality of scanwatch plus GPS;Only running contributes to the fitness level, and the watch itself is too temperamental not capturing heart rate properly and ECG only works if heart rate above 50.;0;0
iteration_13;Simple ToDo List & Tasks;TOOLS;63f33017-93ef-4551-9538-f6b78c475187;2;Aug 16, 2021;5;f_497;"It is indeed simple, but amazing. Because of it's simplicity it's totally free. No bs ""pay to write more characters"" or ""pay to unlock subtasks"". Love it. And all of the other apps too";"No bs ""pay to write more characters"" or ""pay to unlock subtasks"".";0;0
iteration_13;Any.do - To do list & Calendar;PRODUCTIVITY;d70a8559-fb39-46ad-b9ea-18c7217b5f5b;0;Aug 21, 2022;1;f_110;They made recurring tasks a premium feature. You must pay a monthly subscription on a finished product. Garbage decision. Immediately uninstalled.;They made recurring tasks a premium feature.;0;0
iteration_13;Pacer Pedometer & Step Tracker;HEALTH_AND_FITNESS;9b36903e-b6b3-4ff6-a990-164e1a7a4e6d;1;Sep 10, 2022;5;f_41;Very good app, love it for my hiking and overseas holidays. Works offline or with no reception as well!;Works offline or with no reception as well!;0;0
iteration_13;Kik — Messaging & Chat App;COMMUNICATION;7f400ec8-17c1-4e4a-8a97-0e8e08553869;0;Aug 31, 2022;3;f_46;Easy to use and does what it needs to do, however I don't see any reason an Instant Messaging app should have ads.;Easy to use and does what it needs to do, however I don't see any reason an Instant Messaging app should have ads.;0;0
iteration_13;Prioritize Me! - Goals & Todos;PRODUCTIVITY;a340df36-0967-4341-8b87-35cf2cf4efe5;0;Dec 31, 2014;3;f_209;I love this app, but until I can sync between devices, it's functionality it's limited....;I love this app, but until I can sync between devices, it's functionality it's limited....;0;0
iteration_13;Messenger;COMMUNICATION;e14a9a0a-cd87-4ef7-aa9d-d683795c73a4;0;Sep 14, 2022;5;f_186;Please add a feature that we can restrict a Group Chat.;Please add a feature that we can restrict a Group Chat.;0;0
iteration_13;Weather & Clock Widget;WEATHER;f2026cf3-e7be-4e4d-b4b2-2bb6c41e1947;0;Apr 07, 2022;5;f_236;Best combo weather clock widget I've found;Best combo weather clock widget I've found;0;0
iteration_13;Telegram;COMMUNICATION;46c222e6-a554-4143-a116-408d41df5b6a;0;Sep 02, 2022;1;f_339;I can't download telegram;I can't download telegram;0;0
iteration_13;Sticker maker;TOOLS;754a7038-0d98-4027-8d05-14267549e982;0;Jun 17, 2022;5;f_32;this app is great you should try this app if you have sticker battles with your friends this app relly helps us to make our own sticker you should try it 🤩🤩💖💖;this app is great you should try this app if you have sticker battles with your friends this app relly helps us to make our own sticker you should try it 🤩🤩💖💖;0;0
iteration_13;Strava: Run, Ride, Hike;HEALTH_AND_FITNESS;a6201288-6703-46f0-9020-4c8ca8930077;0;Sep 01, 2022;5;f_403;The best cycling app;The best cycling app;0;0
iteration_13;Running App - GPS Run Tracker;HEALTH_AND_FITNESS;a7bc748e-f019-4631-af1d-24fd9aa2c50d;0;Aug 05, 2022;1;f_398;Same as everyone else's review: Screws up your distance calculations rendering any tracking useless. I just ran two miles and it said I ran 1.1. so close to being great.;Same as everyone else's review: Screws up your distance calculations rendering any tracking useless.;0;0
iteration_13;Todoist: to-do list & planner;PRODUCTIVITY;fa0d400d-7648-44e8-9d50-fa3d41b70c18;0;Apr 10, 2022;1;f_183;Mobile app keeps crashing;Mobile app keeps crashing;0;0
iteration_13;Phone by Google;TOOLS;3b56f63a-15cc-4373-8638-5bbca149f302;0;Sep 14, 2022;5;f_502;Top most priority basis work;Top most priority basis work;0;0
iteration_13;Evernote - Note Organizer;PRODUCTIVITY;a3a571cd-b434-4d93-aa36-1c25f6ac0478;0;Sep 02, 2022;5;f_67;Easy to organise notes by category and find my data easily;Easy to organise notes by category and find my data easily;0;0
iteration_13;ColorNote Notepad Notes;PRODUCTIVITY;503330db-93c9-460f-817e-2fe495d1abd2;3;Aug 05, 2022;5;f_399;This is really a handy app. I have been using this for 2.5years now. The password protection feature is really great. And it also creates cloud storage in Google Drive. That helps to migrate data when you shift to new devices.;And it also creates cloud storage in Google Drive.;0;0
iteration_13;Samsung Health;HEALTH_AND_FITNESS;77a6d251-25d2-42b2-b7bf-07601bef6466;1;Sep 14, 2022;3;f_9;Its an okay app but could use some more detailed features. You should be able to enlarge the sleep tracking to better narrow down the times when events occurred. Also the O2 levels when sleeping there is no way to tell when changes occurred. Just needs better drill in to see what times.;You should be able to enlarge the sleep tracking to better narrow down the times when events occurred.;0;0
iteration_13;True Phone Dialer & Contacts;COMMUNICATION;74efee91-effa-47fb-8850-fbc21d2e4a62;0;May 07, 2022;5;f_129;Wonderful app with tones of option only video calling is not there if add that it will be perfect , i need phone video calling;Wonderful app with tones of option only video calling is not there if add that it will be perfect , i need phone video calling;0;0
iteration_13;SMS Backup+;TOOLS;c8fe7670-bac5-4c3c-bc45-c283a4da870b;0;Oct 12, 2018;3;f_431;I've been using this APP for years and loved it, but recently the automatic backup stopped working. I reached out to the associated POC for assistance but didn't receive a response. I am currently looking for another APP.;I've been using this APP for years and loved it, but recently the automatic backup stopped working.;0;0
iteration_13;Samsung Notes;PRODUCTIVITY;77027895-1755-4fcb-b388-59ab22dcf049;1;Aug 21, 2022;4;f_278;very good app. i wish there was more customisation options and the synchronization should be more user friendly;i wish there was more customisation options and the synchronization should be more user friendly;0;0
iteration_13;Samsung Notes;PRODUCTIVITY;28ee4a94-5d96-4ecf-bc34-233bc99d9af2;0;Aug 18, 2022;5;f_451;Easy to keep, organize, and share notes;Easy to keep, organize, and share notes;0;0
iteration_13;Huawei Health;HEALTH_AND_FITNESS;7ca7a170-bb52-471b-839e-d69f961117ff;2;May 24, 2022;1;f_398;I have a Hauwei GT2 watch and I tried to re pair it with Hauwei health but I forgot my password. After a Spanish inquisition it wouldn't let me into the app. Thus rendering an expensive watch virtually useless. What a joke.;Thus rendering an expensive watch virtually useless.;0;0
iteration_13;tomorrow - The Minimalist To-D;PRODUCTIVITY;758edd72-00b7-48b8-aaee-7f8f9122361b;0;Jul 30, 2022;5;f_22;The best app for to do i have come accross...simple, easy,effective and lightweight. Just a one click away. All other app i saw was having lots of color coding, template, and settings which makes user to do lot of things just to set task. But here we feel like a pen and paper. Just write it down. Amazing.. and the color grad is awesome;The best app for to do i have come accross...simple, easy,effective and lightweight.;0;0
iteration_13;Huawei Health;HEALTH_AND_FITNESS;dc7fa334-d854-4d33-879f-b310c55646a4;4;May 08, 2022;3;f_278;Not bad application. However very bad settings possibly. Why the hell you have week only till Saturday? Are we in Arab countries, is in China week only till Saturday? Synchronization is without any possibility to set up when. Otherwise quite ok app;Synchronization is without any possibility to set up when.;0;0
iteration_13;Telegram;COMMUNICATION;5f58bc15-80c1-4424-b067-a09291fd40fe;0;Aug 31, 2022;2;f_74;Secret chat feature has an loophole If u share any media other person cannot screenshot or download it directly but if you go in chat media section of the chat and click on any pictures or media u want u get an share option at bottom of the screen and another person can easily get the media shared in secret chat;Secret chat feature has an loophole;0;0
iteration_13;Simple Habit: Meditation;HEALTH_AND_FITNESS;69ffd954-f085-4a6e-ae8c-c1fe5472b2fb;0;Dec 29, 2021;5;f_83;I love this app.....this app gives me so much relaxation...very workful app.....people should use this app who has any kind of problems in their life.;I love this app.....this app gives me so much relaxation...very workful app.....people should use this app who has any kind of problems in their life.;0;0
iteration_13;Stuff - To Do List Widget;PRODUCTIVITY;4d58fa0b-0204-49b0-a2b2-6d40944d182e;1;Dec 08, 2021;5;f_499;LOVE THIS APP. I have tried a LOT of to do list apps over the years, and this is my favorite by far. Thank you!;I have tried a LOT of to do list apps over the years, and this is my favorite by far.;0;0
iteration_13;Material Notes: Colorful notes;PRODUCTIVITY;661ffcc0-fc95-4977-b3c3-7a48ccb8b7a1;0;Dec 30, 2017;5;f_68;Minimalistic look. Beautiful and simple app.;Minimalistic look.;0;0
iteration_13;OnePlus Weather;WEATHER;6ce86efe-f7be-482f-8e16-6e284eb939e3;0;Jun 08, 2022;3;f_472;Radar;Radar;0;0
iteration_13;Remind Me - Notif Reminder;PRODUCTIVITY;6f4ec1b7-087f-4e59-add6-4356d1f28711;4;Apr 30, 2022;5;f_259;Excellent app. Exactly what I wanted. Can link support be added? I'd like to add a reminder that's simply a hyperlink. I'd like to be able to click on the notification and be taken to that link. Otherwise, it's perfect.;I'd like to be able to click on the notification and be taken to that link.;0;0
iteration_13;SMS Backup+;TOOLS;fc6088f7-13b5-4ac0-8283-713e3ddf4e46;0;Sep 25, 2019;4;f_482;It's not necessary to follow the IMAP SMS Backup+ workaround from Android Police, which also removes the login encryption to Plain Text. So is a bad idea. All you need to do, as others have said, is setup SMS Backup+ using Firefox instead of Chrome. Once up and running you can uninstall Firefox. Its this simple.;It's not necessary to follow the IMAP SMS Backup+ workaround from Android Police, which also removes the login encryption to Plain Text.;0;0
iteration_13;Clock;TOOLS;b8e86856-c901-40dc-ab06-bf78472aeb33;0;Jul 17, 2022;1;f_237;my alarm goes off two hours before and half hour before then on time. what the deal?;my alarm goes off two hours before and half hour before then on time.;0;0
iteration_13;10K Running: 0-5K-10K Training;HEALTH_AND_FITNESS;c7f649fc-757c-452e-ba8e-825aeaf96756;0;Jun 12, 2020;5;f_506;Reliable, effective and the only thing that gives me marked improvement on my running!;Reliable, effective and the only thing that gives me marked improvement on my running!;0;0
iteration_13;Evernote - Note Organizer;PRODUCTIVITY;357c31c7-35ce-4b6c-8c73-3dd16fe9ae7e;0;Sep 15, 2022;2;f_183;Had a nice experience at first but over time the consistent ads being shown to just access my own writing, the bugginess of the app, the bad cloud syncing, the mobile app experience generally, and the lack of customization without the paid version has led me to move away from this product. Hopefully exporting my.notes isn't as faulty as the rest of this thing. Pick something more simple and save your time from this corporate bloatware.;Had a nice experience at first but over time the consistent ads being shown to just access my own writing, the bugginess of the app, the bad cloud syncing, the mobile app experience generally, and the lack of customization without the paid version has led me to move away from this product.;0;0
iteration_13;Huawei Health;HEALTH_AND_FITNESS;8e508832-2735-45ad-8234-eb244780126d;0;Mar 07, 2022;5;f_378;Any short-comings with Google integration and such, you can blame either gov for, but not Huawei, imo. I'm sure they're doing all they can to offer as much as they are permitted. There no better fitness smartwatch than Huawei GT series, bar none. 4 pple bough the GT2 when they saw mine and heard what it can do! It's witchcraft, that battery life! Algorithms aka AI is amazing - sleep, fitness, vitals tracking is superb! I've actually improved my sleep, stress and fitness levels cuz of the GT2! Ty;Any short-comings with Google integration and such, you can blame either gov for, but not Huawei, imo.;0;0
iteration_13;To Do List;PRODUCTIVITY;33a6ada6-7d57-4b39-b22a-bdebabcf7f5c;0;Jul 07, 2022;5;f_494;Great way to plan your day, same as using a daily planner. I used to use one when I was in the hotel business back in the 90's except the hotel was paying $220.00 for a Yearly subscription of booklets. This one is free !;Great way to plan your day, same as using a daily planner.;0;0
iteration_13;Running App - GPS Run Tracker;HEALTH_AND_FITNESS;84492bd0-5e26-40c0-aaa7-75ebb3ca5761;0;Aug 16, 2022;5;f_506;A great way to keep track of my running distance and calories burned!;A great way to keep track of my running distance and calories burned!;0;0
iteration_13;Cozi Family Organizer;PRODUCTIVITY;8279b49e-bfd8-4180-b521-85d6b9075bf9;0;Apr 14, 2022;5;f_102;I like being able to make a grocery list on my cellphone and cross things off as I get them. Works great for me, super convenient.;I like being able to make a grocery list on my cellphone and cross things off as I get them.;0;0
iteration_13;Productive - Habit tracker;PRODUCTIVITY;d87804d0-b8e3-4a23-8614-e93833f33bd4;0;Jan 02, 2021;2;f_7;It's not that it's a bad habit tracker. It's just that I'm not a fan of apps that the second you open it, it asked you to pay for a subscription. It just seems like a low blow.;It's not that it's a bad habit tracker.;0;0
iteration_13;Macros - Calorie Counter;HEALTH_AND_FITNESS;fdf6170f-33cc-4ddf-8e98-e64363b597d1;0;Jun 06, 2022;5;f_143;It does exactly what I was hoping to get out of a free macro calculator I've downloaded several others and deleted all of them because there are too many add walls or you have to pay to use it. This is simple and effective;It does exactly what I was hoping to get out of a free macro calculator I've downloaded several others and deleted all of them because there are too many add walls or you have to pay to use it.;0;0
iteration_13;Huawei Health;HEALTH_AND_FITNESS;29168e08-212c-4b09-93c4-a27de7b8c499;0;Mar 02, 2022;1;f_133;Needs phone call access after verifying me with SMS. Nope. Uninstall.;Needs phone call access after verifying me with SMS.;0;0
iteration_13;Repeat Habit - Habit tracker f;PRODUCTIVITY;61a05c94-ab3d-4f60-9453-2ee227a7162a;0;May 22, 2020;5;f_7;Great app ....after so long found a genuine free habit tracker;Great app ....after so long found a genuine free habit tracker;0;0
iteration_13;BlackNote Notepad Notes;PRODUCTIVITY;959935db-8bb3-475d-937e-26230c6c6578;0;May 09, 2021;5;f_76;This Is The Best Note App Ever ❤️ They Provide Complete Solution To All Your Expectations From A Diary Or Notepad App Like They Give You Black Theme, Choice Between Notes & Checklists, Creating Folders, Favourites, Locking The Notes, Changing Size & Opacity Of Fonts, Creating Heading & Titles, Etc. Hence, Every Basic Expectation Is Right There With Flawless UI ✨;This Is The Best Note App Ever ❤️ They Provide Complete Solution To All Your Expectations From A Diary Or Notepad App Like They Give You Black Theme, Choice Between Notes & Checklists, Creating Folders, Favourites, Locking The Notes, Changing Size & Opacity Of Fonts, Creating Heading & Titles, Etc. Hence, Every Basic Expectation Is Right There With Flawless UI ✨;0;0
iteration_13;Notebook - Notes,To-do,Journal;PRODUCTIVITY;dae03e8b-dd04-463b-a71f-c8b616fcb5f7;3;Jun 23, 2022;5;f_183;"Been searching for note-taking app that runs on Linux desktop & Android phone, when I came across Zoho One & its component modules. Read their business philosophy, plus how their ""all-in-one business operating system"" has been ten years in the making. I was impressed with their commitment to libre FOSS software & their creativity, innovation, & hard work. Past few days, I've been importing contacts on desktop & installing mobile apps. So far, it's been a godsend: very high quality work!";Past few days, I've been importing contacts on desktop & installing mobile apps.;0;0
iteration_13;Fabulous Daily Routine Planner;HEALTH_AND_FITNESS;3e35ab98-4a83-4d97-8024-0becb42e1bad;3;Aug 08, 2022;5;f_286;Best app for better lifestyle changes. Amazing story telling animation and groups community. I loved this app. Nice reminders;Nice reminders;0;0
iteration_13;Notebook - Notes,To-do,Journal;PRODUCTIVITY;3e87b70f-cd10-4aa3-978b-787ac754289f;1;Aug 19, 2022;5;f_40;NOTEBOOK is an incredible app that fulfills all my note taking needs. I am a new user and it is the best app among all notetaking apps available on the play store and it is also free with such amazing features ☺️;I am a new user and it is the best app among all notetaking apps available on the play store and it is also free with such amazing features ☺️;0;0
iteration_13;Messages;COMMUNICATION;ca3740da-81a8-4392-8863-652a8705796a;1;Sep 15, 2022;2;f_120;The advantage of Messages is supposed to be that it will automatically revert to SMS if RCS not go through but this does not happen. So, have to turn Chat off, which leaves an extremely basic text messaging system;So, have to turn Chat off, which leaves an extremely basic text messaging system;0;0
iteration_13;Truecaller: Caller ID & Block;COMMUNICATION;2b86f5a9-07e3-4535-b14d-441d85a8b0b1;1;Sep 09, 2022;5;f_133;My best app Like u Good 1 I receive phone call comfortable;My best app Like u Good 1 I receive phone call comfortable;0;0
iteration_13;Telegram;COMMUNICATION;8295ad25-c23a-412e-a1c6-adacff8b1eef;0;Aug 26, 2022;3;f_241;Buggy call functionality.;Buggy call functionality.;0;0
iteration_13;To Do List;PRODUCTIVITY;d192552c-32d6-4467-becc-7bb279412474;0;May 24, 2022;5;f_67;The best app in the category;The best app in the category;0;0
iteration_13;Huawei Health;HEALTH_AND_FITNESS;db73b2d4-e3b3-4459-b5ef-e136d3e5d7b5;2;May 25, 2022;5;f_261;Used to work but watch not supported now. No doubt Google play has some issue with China now ffs... Hypocrisy at it's highest level...;Hypocrisy at it's highest level...;0;1
iteration_13;SMS Backup+;TOOLS;a68fadde-2dc1-41b2-86eb-9f2ce3568d2a;0;Jul 07, 2018;1;f_431;"Installed in April, turned on automatic backup, and let it be. Just opened 
the app to see that it never backed up anything at all past the initial 
backup. I'm at a loss for words.";Installed in April, turned on automatic backup, and let it be.;0;0
iteration_13;Bills Reminder;PRODUCTIVITY;d463d99e-e8f8-4bcd-8534-a9a3a9ba3fce;1;Jan 08, 2022;5;f_437;Easy to use. And the reminder notification works well. You will not forget a bill.;And the reminder notification works well.;0;0
iteration_13;Habit Tracker;PRODUCTIVITY;7df8df9a-e2ed-43b0-a14c-72938741c802;0;Aug 20, 2020;3;f_29;No Resent Updates, Cloud Based & csv export is avaliable in only pro. No Option to Manually Mark Skip, Fail. But we can select targets like less than or greater than too. Can't Select date range in Graph/report. Local Data Import/Export is Missing. Habits can be archived, but Category/Group is Missing. Multi Device Sync is Avaliable. A very good alternative to HabitHub.;No Resent Updates, Cloud Based & csv export is avaliable in only pro.;0;0
iteration_13;HabitNow Daily Routine Planner;PRODUCTIVITY;d1aa05f7-f537-44ff-a251-437ea44ef432;0;Sep 06, 2022;4;f_502;This app is almost perfect for organizing tasks and habits I tend to forget I wish I could manually move items around in the list instead of using priority levels;This app is almost perfect for organizing tasks and habits I tend to forget I wish I could manually move items around in the list instead of using priority levels;0;0
iteration_13;Samsung Notes;PRODUCTIVITY;aa0ffc98-c765-45ea-9bc1-372dbb14d81a;0;Aug 30, 2022;4;f_259;it's so easy to use especially with Samsung internet browser....i totally love it but if this app can provide for hyperlink option then it would have been the best notes making app ever.;it's so easy to use especially with Samsung internet browser....i totally love it but if this app can provide for hyperlink option then it would have been the best notes making app ever.;0;0
iteration_13;ColorNote Notepad Notes;PRODUCTIVITY;d6b5569d-17c8-4cab-bafc-6ed7e704c8ac;1;Jul 09, 2022;5;f_301;I have used this forever. Color coded for stores and to do lists. I forget notes. I don't forget my phone!;Color coded for stores and to do lists.;0;0
iteration_13;WhatsApp Wallpaper;PERSONALIZATION;f90b96f3-ab8c-42b0-a5f8-20149edf3f7e;0;Jul 13, 2022;3;f_482;One of the better apps but why oh why do the ask consent to read messages or phone calls if its end to end encryption, especially when they tell u WhatsApp can't even read or listen to your conversations,l think they can read and listen, why else would they ask consent🤔;One of the better apps but why oh why do the ask consent to read messages or phone calls if its end to end encryption, especially when they tell u WhatsApp can't even read or listen to your conversations,l think they can read and listen, why else would they ask consent🤔;0;0
iteration_13;Samsung Health;HEALTH_AND_FITNESS;f138947c-9017-4a97-a9e9-9547f8f9af9e;1;Aug 28, 2022;1;f_9;"Since Aug 11 update, tracking is non-existent. Sleep tracking totally off and not working at all. Reinstalled app. Sent phone in for ""repair"" still not working. New Watch 5 same issues. I'm about to return the 5 because why should I pay more and get a watch that doesn't do anything? Won't track heart, sleep, steps, or turn on for activities automatically. Either watch. Tried it on my old phone and same issues. So it must be the app that's defective.";Sleep tracking totally off and not working at all.;0;0
iteration_14;Event Alarm Reminder for Googl;TOOLS;a07910ac-9a52-40c1-a3d1-478923204f80;0;Jan 05, 2022;5;f_121;This has saved me from missing so many meetings;This has saved me from missing so many meetings;0;0
iteration_14;Huawei Health;HEALTH_AND_FITNESS;d3b03850-70a8-4123-af40-e5dd68aabcb4;0;Mar 16, 2022;1;f_237;I am trying to connect to my phone in order to remotely shut down an alarm as i am not wearing it and despite using Bluetooth to connect, it wont let me until I connect to the internet too. That's ridiculous;I am trying to connect to my phone in order to remotely shut down an alarm as i am not wearing it and despite using Bluetooth to connect, it wont let me until I connect to the internet too.;0;0
iteration_14;MixNote NotePad Notes;PRODUCTIVITY;9219cce7-e2d7-4e31-abd3-efaadda63dc5;0;Oct 07, 2020;3;f_30;"Cloud sync not functioning. I tried turning it on but the exact message on my screen reads ""com.domobile.notes.global.MyApplication requires one or more Google Play services that are not currently available. Please contact the developer for assistance."" How can I sync my notes to cloud? I'd really appreciate the help because I really like using this app. :) Have a good day.";Cloud sync not functioning.;0;0
iteration_14;OsmAnd — Maps & GPS Offline;TRAVEL_AND_LOCAL;4a617771-2abb-49a1-95e9-8908fdd8bff6;1;Sep 03, 2022;5;f_240;"Maps and navigation generally works great, also when audio only. You can additionally add information about the vehicle, eg top speed, height, etc and the routing will take it into account. Otherwise, the app is also great for general navigation - I just wish it would load on adjacent ""chunks"" while they're off-screen. The main reason I still have Google maps installed is that there's no restaurant reviews available, for obvious reasons.";You can additionally add information about the vehicle, eg top speed, height, etc and the routing will take it into account.;0;0
iteration_14;Google Keep - Notes and Lists;PRODUCTIVITY;4b6ea89a-5fd2-47b5-abf9-6efed7cbd579;0;Sep 08, 2022;2;f_258;i guess it works for simple notes, but i wish there was text formatting and coloring. it's really annoying that there's not. folders would also be cool;i guess it works for simple notes, but i wish there was text formatting and coloring.;0;0
iteration_14;Tasks: to do list & tasks;PRODUCTIVITY;51301240-d880-44d9-80b5-9516ebb11ae7;0;Sep 02, 2022;5;f_96;Very intuitive, links to calendar super easily, love that I can make schedules or lists, love it.;Very intuitive, links to calendar super easily, love that I can make schedules or lists, love it.;0;0
iteration_14;Huawei Health;HEALTH_AND_FITNESS;2e2b16b3-fd80-4df7-9068-1d95a07b2833;2;Jun 06, 2022;1;f_164;Very poor software... Hard or impossible to integrate with other services like gmaps, ghealth. There is an ap called gps tools that has nothing to do with GPS, and many other strange things;There is an ap called gps tools that has nothing to do with GPS, and many other strange things;0;0
iteration_14;Phone by Google;TOOLS;be885aee-b80f-45e9-a411-a6f5b0625205;0;Sep 10, 2022;3;f_215;stupid app doesn't give call recording option;stupid app doesn't give call recording option;0;1
iteration_3;Magic Earth Navigation & Maps;MAPS_AND_NAVIGATION;00022f01-2871-4c51-b039-ad54a5816aae;0;Sep 06, 2022;4;f_410;Routing is excellent, best I've tried so far! The AIDashcam would be more useful if it can define focus at infinity instead of auto focus. I also like to record my trips history like Google timeline but with greater accuracy and no big tech tracking. it would be something I really looking forward to have in ME instead of having to use another apps to record tracks separately. Even better if we can playback the dash cam footage with GPS track history overlay simultaneously.;Routing is excellent, best I've tried so far!;0;0
iteration_3;Voice navigation, Weather App;MAPS_AND_NAVIGATION;00aad554-5b2d-4d1e-87a9-f7368130eafe;0;Sep 09, 2022;5;f_409;Voice GPS maps gives you step by step driving directions. You can be guided thoroughly and get focused on driving. A ✌;Voice GPS maps gives you step by step driving directions.;0;0
iteration_3;Simple ToDo — Task List & Plan;PRODUCTIVITY;00e6dd87-77e5-4b76-8f76-87aa1e2cdaed;1;Dec 09, 2019;3;f_402;OK just like most apps. Would be better if it has text to speech. Alarm does not work. No AM or PM.;Would be better if it has text to speech.;0;0
iteration_3;Instagram;SOCIAL;012e923d-d9e9-46d3-9999-379d943c3adc;0;Sep 14, 2022;5;f_218;Good customer feedback;Good customer feedback;0;0
iteration_3;Material Notes: Colorful notes;PRODUCTIVITY;018397b4-fc15-4ba2-a93e-4119461758a5;0;Dec 10, 2017;3;f_30;Beautiful app, but without cloud sync;Beautiful app, but without cloud sync;0;0
iteration_3;Weather Radar Widget;WEATHER;01d4bdc4-59d2-4c16-a0b0-be80428a9a94;0;Aug 30, 2021;5;f_472;Excellent, the best Weather Radar Widget.;Excellent, the best Weather Radar Widget.;0;0
iteration_3;WhatsApp Wallpaper;PERSONALIZATION;0250aa68-248d-48a0-9818-9cd4f3a8b700;0;Aug 24, 2020;1;f_482;Very annoying encryption information takes up a lot of screen. Have asked WA to remove it but they won't.;Very annoying encryption information takes up a lot of screen.;0;1
iteration_3;Telegram;COMMUNICATION;0285cde0-a37a-4990-81ac-95741002186f;0;Aug 22, 2022;3;f_220;The app helps you to meet new people but a lot of pornographical content;The app helps you to meet new people but a lot of pornographical content;0;0
iteration_3;Facebook Lite;SOCIAL;02c0d8be-2fce-4553-9dc3-b217bc138500;0;Sep 14, 2022;1;f_424;I hate that the most relevant comments are prioritized in comment section. Y'all gotta learn that we wanna see all the comments first. Let us decide if we wanna see the relevant comments 'coz sometimes they aren't really relevant.;I hate that the most relevant comments are prioritized in comment section.;0;1
iteration_3;Notebook - Notes,To-do,Journal;PRODUCTIVITY;03526036-f33b-46a6-a27f-9ab45db57d09;1;Jun 23, 2022;5;f_40;The features of the app are fantastic. In fact, they're the best I've seen in any notetaking app. Migrate from Evernote, sync across devices, browser-based access, and backup/export (Zoho and html formats) are all available. Tons of options and smooth functionality.;In fact, they're the best I've seen in any notetaking app.;0;0
iteration_3;Repeat Habit - Habit tracker f;PRODUCTIVITY;037b7b4b-0ae3-46b2-a2a4-15a0939c02ba;0;May 06, 2021;5;f_7;Amazing habit tracker. I've tried sooooo many but nothing satisfied me. This one on the other hand.... Absolutely blew my mind. Definitely recommend it to anyone.;Amazing habit tracker.;0;0
iteration_3;ColorNote Notepad Notes;PRODUCTIVITY;03be8f94-5fd6-4ba0-bd75-1473d22d7de6;1;Jun 29, 2022;2;f_271;Updates needed 🙏 Please see task notes app (made by compilers hub - yellow coloured icon with image of mobile & pen), that app has formatting options like bold, underline, italic, double strike, font size selection like MS-OFFICE 🙏;Updates needed 🙏 Please see task notes app (made by compilers hub - yellow coloured icon with image of mobile & pen), that app has formatting options like bold, underline, italic, double strike, font size selection like MS-OFFICE 🙏;0;0
iteration_3;SMS Backup+;TOOLS;03e332d2-74ea-4736-bb72-5f0fafd269e8;0;Nov 25, 2018;3;f_130;It backed up most texts fine, but the group chats came out very wonky. I have a group chat with my 2 sisters and my mom, and it seems to have separated the group so that I have a thread of replies from one sister, a thread from the other sister, and a thread from my mom. Messages with pictures are a little odd as well- sometimes they're in place in the thread, but some are separated out in their own thread.;It backed up most texts fine, but the group chats came out very wonky.;0;0
iteration_3;Verizon Messages;COMMUNICATION;040d6461-b165-4e47-b974-106191817c42;0;Sep 09, 2022;3;f_468;I think it could be better it's supposed to be private messaging it's not completely or that's what I was told the + meant private 🤷 💯 🤔 🤔 🙃 not;I think it could be better it's supposed to be private messaging it's not completely or that's what I was told the + meant private 🤷 💯 🤔 🤔 🙃 not;0;0
iteration_3;SMS text messaging app;COMMUNICATION;048f1aa9-9924-4510-9df7-4bf8291642e1;0;Aug 18, 2022;4;f_120;Watchap text messaging;Watchap text messaging;0;0
iteration_3;Repeat Habit - Habit tracker f;PRODUCTIVITY;04af7854-0948-4613-a035-b8fabd895aa7;0;Jun 20, 2021;5;f_7;This is so far the Best Habit Tracker !! Recommendation: Bring in visual Infographics Custom Start Date;This is so far the Best Habit Tracker !!;0;0
iteration_3;Material Notes: Colorful notes;PRODUCTIVITY;051917fb-14fa-4161-b2d0-1d79bd79e493;3;Nov 02, 2016;5;f_378;I love it! I'd like to see a web version too though so I can access my notes from any device. .... Google integration please?;.... Google integration please?;0;0
iteration_3;Samsung Notes;PRODUCTIVITY;05220555-5f78-4c64-9d31-87c525d87a92;1;Jul 09, 2022;1;f_479;After using it more than 2 years, Recently I found a problem. My notes are getting stored in internal memory (local Storage). I can NOT move my notes to extended SD card. There is no option to upload all notes to cloud without having actual copy on my internal memory. My local storage is full because of notes. Now looking for alternative apps;My notes are getting stored in internal memory (local Storage).;0;0
iteration_3;Telegram;COMMUNICATION;05b31876-6f40-4474-b29f-9ff838c61aab;0;Aug 30, 2022;5;f_310;Very fast and highly encrypted application;Very fast and highly encrypted application;0;0
iteration_3;Notebook - Notes,To-do,Journal;PRODUCTIVITY;0622351d-8b11-4718-b38f-26e6627871a9;3;Jul 18, 2022;5;f_246;Just what I needed. I needed a Notes App that would sync between my Android phone and my Windows desktop. My only complaint is that I wish it had more options for the individual notebook cover art. I would like to be able to use my own photos or graphics for any given notebook. But this is a minor issue. The App does what I need it to do!;I would like to be able to use my own photos or graphics for any given notebook.;0;0
iteration_3;MAPS.ME: Offline maps GPS Nav;TRAVEL_AND_LOCAL;064ecf75-c723-48d0-8b06-b85f0f4c7802;5;Jul 01, 2022;1;f_218;It appears the only way the developers have to update this app is to uninstall it, delete all my downloaded maps and install the new version! So, now I've had to redo my settings and download my maps again - thanks for that! Also, there's a new button on the screen(online) which gives me no idea as to what it's used for. A hint would have been nice. No change from the last time a new version was rolled out. The developers are incapable of learning from their mistakes and customer feedback.;The developers are incapable of learning from their mistakes and customer feedback.;0;1
iteration_3;Forest: Focus for Productivity;PRODUCTIVITY;06e3c034-0e3e-47e1-9133-e032ddb13d2b;0;Sep 10, 2022;5;f_261;This app has been very useful to me.... due to the timer thing I could just focus more on studying rather than procrastinate;This app has been very useful to me.... due to the timer thing I could just focus more on studying rather than procrastinate;0;0
iteration_3;adidas Running: Sports Tracker;HEALTH_AND_FITNESS;0759e2bc-0f59-411a-a61c-13eb12fa62d6;1;Aug 07, 2022;5;f_15;Love this app. Can I suggest a translator in the news feed with our friends we follow please;Can I suggest a translator in the news feed with our friends we follow please;0;0
iteration_3;Stopwatch Timer;TOOLS;077c2f79-b02f-4ffb-8d19-a07eefc72cff;0;Jun 13, 2022;4;f_63;Pretty useful as regular timer and stopwatch;Pretty useful as regular timer and stopwatch;0;0
iteration_3;Buttocks Workout - Fitness App;HEALTH_AND_FITNESS;077c6eb0-cff4-4704-9dbb-c437ef753c0a;0;Jul 01, 2022;5;f_344;Educational;Educational;0;0
iteration_3;Todoist: to-do list & planner;PRODUCTIVITY;079f6740-fe65-4356-ab56-e8ec5049c4d0;1;Jan 04, 2022;4;f_104;Todoist is the cornerstone of my organizational system. I am an undergraduate student and use this app to manage my reading assignments, exam schedule, administrative deadlines etc. sync with windows 10 desktop app is awesome. I am a free user and would gladly pay a one time price for full features here but a monthly subscription is a turn off.;I am an undergraduate student and use this app to manage my reading assignments, exam schedule, administrative deadlines etc.;0;0
iteration_3;Stuff - To Do List Widget;PRODUCTIVITY;07b4aa0d-d459-46de-bcc8-1861d0e77128;1;Mar 06, 2022;5;f_233;Perfect. Customizable. So easy to add items to lists and remove them when completed. Create any category you want. Make text any size or color. I dedicated another screen on my phone for this widget. Appointments, to do, groceries,etc. Much better and faster than using pen and paper. On my black background and the transparency options combined, the text stands right out. So many options. I would have paid a little more. Many thanks to the developer. Highly recommend!;On my black background and the transparency options combined, the text stands right out.;0;0
iteration_3;CloudCal Calendar Agenda Plann;PRODUCTIVITY;0808202c-d3fa-451f-9e1b-f5a6cd24c316;0;May 23, 2020;5;f_96;Love this Calendar! Sleek and visually simple but with plenty of features and app supports but not invasive. Setting notifications (standard or unique) is simple and cross device sync has never failed to remind me of an event wherever I've been.;Love this Calendar!;0;0
iteration_3;Samsung Health;HEALTH_AND_FITNESS;08293fc9-5566-4c91-ade5-4c11e4ccf150;1;Sep 12, 2022;1;f_360;Advertises pulse, oxygen, etc. which were removed from app. Only good for steps and calorie counting now.;Only good for steps and calorie counting now.;0;0
iteration_3;Work Shift Calendar;PRODUCTIVITY;08bdbca9-1826-4665-ada7-d34444ad014a;4;Jul 12, 2022;5;f_109;Update 2022: This app continued to be one of my preferred apps on play store. I love this app and I bought the paid version to help the developer. In my job I have non regular shifts patterns and the app helps me to make all them manually. When I have changes I use the notes and it is a very good way to record changes. I didn't use a lot the calendar sync to make a review. I hope they continue updating the app, however essentially I don't think it needs changes.;I didn't use a lot the calendar sync to make a review.;0;0
iteration_3;Turtl;PRODUCTIVITY;090957c3-813b-446e-9d33-fdde6a4726f9;1;Aug 24, 2019;5;f_310;Very cool so far. Basic and encrypted. Nice and simple layout. Syncs to Windows. Hoping to support it after some testing;Basic and encrypted.;0;0
iteration_3;Macros - Calorie Counter;HEALTH_AND_FITNESS;0925208b-7945-430d-ac99-c0acd599bc61;6;Jun 28, 2022;4;f_439;Has searchable online food nutrient data and stores your copies and edits local. Contributed data is not always correct. Simple to use. Does this weird thing where if you add excercise it increases the daily value targets for some reason. Don't like that but otherwise mostly clean concise app. Would allow a person to export and reimport a spreadsheet of nutrient data to make mining the web easier. Barcode scanner doesn't work but I think it's my camera.;Barcode scanner doesn't work but I think it's my camera.;0;0
iteration_3;Wemoji - WhatsApp Sticker Make;COMMUNICATION;093075c0-9224-4e8f-9292-16f633f212ba;0;Feb 15, 2022;5;f_32;The app is good,actually I love how i was able to make funny stickers and share them with my friends😏.Although I got annoyed with some ads but all in all great app.;The app is good,actually I love how i was able to make funny stickers and share them with my friends😏.;0;0
iteration_3;ColorNote Notepad Notes;PRODUCTIVITY;093e5cc6-8ec0-4825-9839-765734e0c4f5;1;May 11, 2022;5;f_209;Great app. Well integrated sync between devices and simplistic UI.;Well integrated sync between devices and simplistic UI.;0;0
iteration_3;True Phone Dialer & Contacts;COMMUNICATION;0963b508-97bd-4053-bd39-0ff960b659b1;1;Jul 08, 2022;5;f_23;Custom features are simply amazing. Bringing Material design will uplift this app to an another level.;Bringing Material design will uplift this app to an another level.;0;0
iteration_3;My Shift Planner - Calendar;PRODUCTIVITY;09a497f5-6260-4329-a89e-0a3d54da53d1;0;Sep 15, 2022;5;f_494;I've had the free version of shift planner for years as I work Fifo and it helps me plan ahead knowing whether I'm at home or on break. Since purchasing the paid version I use the app more than ever before. I'd be lost without it now 😊;I've had the free version of shift planner for years as I work Fifo and it helps me plan ahead knowing whether I'm at home or on break.;0;0
iteration_3;AccuWeather: Weather Radar;WEATHER;0a00723d-c25f-4882-8cc7-2123fd6923f5;0;Sep 05, 2022;1;f_472;// Update 9/4/22: The RADAR is still grossly inaccurate. // The RADAR forecast is not even close to accurate. People plan their days based on forecasts. In Florida we need to know when storms will arrive. Far more often than not this app shows storms but then nothing happens. People plan their days based on weather forecasts. And while it's impossible to be perfect, this app is far more wrong than correct.. I pay for this version and I expect better. It's garbage. Plain and simple. Trash.;// Update 9/4/22: The RADAR is still grossly inaccurate.;0;0
iteration_3;minimalist phone: Productivity;PRODUCTIVITY;0a7711f2-f2d0-4ba7-8791-16f3ac80f8e2;2;Aug 29, 2022;1;f_126;This is a paid service with recurring billing, it does not say so until you have completed downloading the app and the set up permissions. I would give a much better rating but this is just lame, you have to pay for a recurring plan, and you can pay more for unlimited use. But there is no way to use this app for free, and I wouldn't be surprised if a large amount of revenue comes from downloads immediately uninstalled because no one wants to subscribe to use a launcher... They're mostly free.;But there is no way to use this app for free, and I wouldn't be surprised if a large amount of revenue comes from downloads immediately uninstalled because no one wants to subscribe to use a launcher...;0;0
iteration_3;True Phone Dialer & Contacts;COMMUNICATION;0aaa4ad5-c21b-4fb4-89c1-939556635d21;1;Jun 28, 2022;5;f_45;It's really very impressive.. It would be even more awesome if themes and custom background was added.. But all it all I love it;It would be even more awesome if themes and custom background was added..;0;0
iteration_3;Google Keep - Notes and Lists;PRODUCTIVITY;0ab467a5-e143-4393-9519-1fbe1151b6c1;1;Sep 06, 2022;1;f_140;always buggy... almost every update is bad. how can such a simple app designed to make my workflow easier be such a problem. it doesnt sync random notes, some improtant information I wrote down simply got lost forever thanks to your app. I've lost more time troubleshooting this than all the other apps on my phone. jesus christ;how can such a simple app designed to make my workflow easier be such a problem.;0;0
iteration_3;True Phone Dialer & Contacts;COMMUNICATION;0b066f46-13b8-4130-8c69-4db6bb9c7967;0;Jun 04, 2022;5;f_129;Please add video calling option please thats it, in this app all function are good nice use;Please add video calling option please thats it, in this app all function are good nice use;0;0
iteration_3;ColorNote Notepad Notes;PRODUCTIVITY;0b300662-5ded-43f3-8bd1-7497e089d403;1;Jul 07, 2022;5;f_482;Simple and Fast. Encryption may be lacking..., Haven't had an issue yet!;Encryption may be lacking..., Haven't had an issue yet!;0;0
iteration_3;Telegram;COMMUNICATION;0b5bb865-364f-4b08-ba38-bca9a7c73667;0;Sep 06, 2022;4;f_54;Privacy settings to control who can add us to groups!;Privacy settings to control who can add us to groups!;0;0
iteration_3;Pomodoro Timer;PRODUCTIVITY;0b998d52-d383-4e20-96a3-5cba1f441501;1;Jan 18, 2022;5;f_140;Simple to use and such clean, relaxing design. I turn to this app when I'm having trouble focusing on a single task, just to bring a bit of extra structure to my workflow.;I turn to this app when I'm having trouble focusing on a single task, just to bring a bit of extra structure to my workflow.;0;0
iteration_3;Loop Habit Tracker;PRODUCTIVITY;0c10e656-c938-4c52-a34b-e2d253cca485;0;Apr 03, 2022;5;f_7;Simple and easy to use habit tracker;Simple and easy to use habit tracker;0;0
iteration_3;WA.Status Saver - Downloader;SOCIAL;0c417e11-3b19-49a9-bded-9ed0d2e6664b;0;Apr 02, 2022;5;f_128;I just love the aspect that it restores deleted messages. Saves video chat and very easy to use;I just love the aspect that it restores deleted messages.;0;0
iteration_3;Garmin Smartphone Link;TRAVEL_AND_LOCAL;0c5be2eb-f26f-4c39-bc10-e44e11537392;3;Jan 08, 2020;1;f_52;App runs continuously. It won't shut off, comes on even when you aren't using the device or anywhere near it. Even if you force stop the app, it comes on again trying to connect to the device. Very annoying as it is also a push notification and shows on your status bar. Lots of apps run when not needed, but this one runs and shows you it's running. I've had to delete it.;Very annoying as it is also a push notification and shows on your status bar.;0;0
iteration_3;Cozi Family Organizer;PRODUCTIVITY;0c6c1a25-af1c-47ac-9c2b-e719012dbd92;0;May 06, 2022;5;f_101;We've been using Cozi as our shared family calendar and to-do list for over 10 years. We can't say enough good things about the app and it's developers.;We've been using Cozi as our shared family calendar and to-do list for over 10 years.;0;0
iteration_3;Lifesum: Healthy Eating & Diet;HEALTH_AND_FITNESS;0cfc1ebf-39dd-41e3-95cc-2e23b6e9ee31;1;Aug 31, 2022;4;f_331;The app UI is simple and friendly, this makes being consistent with the tracking easy. Not giving 5 stars cause there could be a few improvements: 1. Have a web version for logging kcal on the go when on the laptop and away from the phone. 2. Frequent foods are siloed in each meal. If I wanna log an item at dinner but I usually eat it at lunch I'll have to look it up again. 3. Search could show frequent foods or foods already used first to partially address point 2;Not giving 5 stars cause there could be a few improvements:;0;0
iteration_3;WhatsApp Wallpaper;PERSONALIZATION;0d34f7dd-a0ee-4a47-afa6-b2d1ad5d5485;0;Mar 13, 2022;5;f_180;awesome team work but this application does need updating now Twice a year since it hasn't been updated since may 2011 it would be great if you update this application every month and year like you do with WhatsApp👍 💝💝💝❤❤️👍👍👍👍👍👍👍👍👍👍👍👍👍👍👍👍👍👍👍👍👍👍👍👍👍👍👍👍👍👍👍👍👍👍👍👍👍👍👍👍👍👍👍👍👍👍👍👍👍👍👍👍👍👍👍👍👍👍👍👍👍👍👍👍👍👍👍👍👍👍👍👍👍👍👍👍👍👍👍👍👍👍👍👍👍👍👍👍👍👍👍👍👍👍👍👍👍👍👍👍👍👍👍👍👍👍👍👍👍👍👍👍👍👍👍👍👍👍👍👍👍👍👍👍👍👍👍👍👍👍👍👍👍👍👍✔️✔;awesome team work but this application does need updating now Twice a year since it hasn't been updated since may 2011 it would be great if you update this application every month and year like you do with WhatsApp👍 💝💝💝❤❤️👍👍👍👍👍👍👍👍👍👍👍👍👍👍👍👍👍👍👍👍👍👍👍👍👍👍👍👍👍👍👍👍👍👍👍👍👍👍👍👍👍👍👍👍👍👍👍👍👍👍👍👍👍👍👍👍👍👍👍👍👍👍👍👍👍👍👍👍👍👍👍👍👍👍👍👍👍👍👍👍👍👍👍👍👍👍👍👍👍👍👍👍👍👍👍👍👍👍👍👍👍👍👍👍👍👍👍👍👍👍👍👍👍👍👍👍👍👍👍👍👍👍👍👍👍👍👍👍👍👍👍👍👍👍👍✔️✔;0;0
iteration_3;Huawei Health;HEALTH_AND_FITNESS;0d40aa79-678e-433a-9197-5460770de8f9;0;Jan 11, 2022;3;f_506;"HH has still many improvements to be done for classic and elegant versions of the Huawei GT2, there is only 5 activities to be able to add in the app when the watch does not track it: indoor and outdoor running, swimming on open and pool and walking. However the watch has ""Other"" For any other activity uncathegorised, let say for example you do climbing, calethenics, yoga, pilates... But if the watch was not activated to track the class or activity you can not add it on the app a posteriory....";HH has still many improvements to be done for classic and elegant versions of the Huawei GT2, there is only 5 activities to be able to add in the app when the watch does not track it: indoor and outdoor running, swimming on open and pool and walking.;0;0
iteration_3;ColorNote Notepad Notes;PRODUCTIVITY;0d5f15da-f4d9-4526-a5b6-62c1945b3c74;0;Jul 14, 2022;5;f_257;Easy to use, negligible ads, syncs across devices, highly recommend.;Easy to use, negligible ads, syncs across devices, highly recommend.;0;0
iteration_3;Habit Hunter: RPG goal tracker;PRODUCTIVITY;0d699368-d8fe-4deb-949d-d2096e9304bd;1;Jul 29, 2022;3;f_99;I don't like that you're penalized for being late on goals. Free to play but you need to pay to remove ads, have more than three milestones per goal, and unlock the full map;Free to play but you need to pay to remove ads, have more than three milestones per goal, and unlock the full map;0;0
iteration_3;Clock;TOOLS;0d7281cf-e208-4879-a4c2-de5410e749ad;0;Aug 11, 2022;1;f_237;"Until last month I had no problems with the app but nowadays when I open battery saver mode my alarms give this warning: ""Battery saver might degrade your alarm and timer experience"", instead of ringing. I missed my classes and many important things because of that. Until it fixed I will use other apps and disable this one, good job.";"Until last month I had no problems with the app but nowadays when I open battery saver mode my alarms give this warning: ""Battery saver might degrade your alarm and timer experience"", instead of ringing.";0;0
iteration_3;Strava: Run, Ride, Hike;HEALTH_AND_FITNESS;0dd5d101-76fa-4aaf-9f31-00f3944391a0;0;Sep 02, 2022;3;f_239;Social networking aspects are nice but app fails to maintain tracking signal quite often losing signal during runs and rides. Have reloaded several times;Social networking aspects are nice but app fails to maintain tracking signal quite often losing signal during runs and rides.;0;0
iteration_3;Weather Radar Widget;WEATHER;0de6e3ba-1253-42fd-98db-f71438bdf40e;1;Dec 27, 2021;2;f_398;Have app set to pick up tablet location. Displays correct location scrolling across screen, but map ALWAYS shows tablet location 35-50 miles away rendering app virtually useless. Have checked all settings - still no avail;Displays correct location scrolling across screen, but map ALWAYS shows tablet location 35-50 miles away rendering app virtually useless.;0;0
iteration_3;Half Marathon Training Coach;HEALTH_AND_FITNESS;0e8127d8-4f3b-45c1-a21f-4c311f5d186b;1;Aug 23, 2021;2;f_164;Intermittent. This app kinda works in that it times my runs but gps stops halfway or it shows on the map but says I've done .75km of a +10k. And yes all access to gps has been set it worked for 2 weeks then reverted. Also have paid for pro version but every few weeks it resets and only gives me the first bit of free weeks. Not very impressed but great when it works!;This app kinda works in that it times my runs but gps stops halfway or it shows on the map but says I've done .75km of a +10k.;0;0
iteration_3;Post-it®;PRODUCTIVITY;0ea8e30c-e727-4cce-99e2-1ea148843e55;13;Mar 20, 2022;3;f_257;"It general, it's a nice app to mess with -- but the more I use it, the more I find it too clumsy to tackle my needs. For example, if you back out of a note, you should get a warning that your scribble is going to be lost...(uggh). I got lucky and somehow was able to pinch and zoom in -- but I have not been able to replicate something so simple. Clearly it's there -- somewhere, but not where would expect it to be consistently (e.g., everywhere would be nice for larger screen users like me). While you can re-size the note background, and scale the content to size -- you cannot move the block of content to make resizing the note more functional. Nor change the pen inking width (that I could find). Moving notes about -- it is very crude feeling for more serious matters. I have yet to find any 'gestures' to rotate notes, but I did find the 90-degree flip... (not like in the demo with slight rotations). I like the idea of the widget on my Fold3, but I find the integration to the main app to be just to awkward to use. It has plenty of potential -- any maybe buried or hidden functionality waiting for a spelunker. I am also sure it's great in select scenarios/use-cases. Overall, it is cute, but awkward. It stumbles as I tried to use it more... Also, some type of sync across devices would be helpful. The plumbing is already in, so provide an option to move the data to a cloud store (many to choose from) to support multiple devices. All in all, some cool stuff, light feel; but misses in a lot of places. I look forward to seeing where it goes a few iterations down the road.";Also, some type of sync across devices would be helpful.;0;0
iteration_3;Steam Chat;COMMUNICATION;0ecf2505-bbc1-4e60-8734-682d86c9c75a;1;Jun 17, 2021;1;f_62;sometimes when sending a message it straight up crashes, this app is a joke and should be merged with the other steam app I see no reason not too! Also to make this better add Voice Chat please!!!;Also to make this better add Voice Chat please!!!;0;0
iteration_3;ViewRanger;HEALTH_AND_FITNESS;0f18213a-2d64-4e10-96f3-8fb32410894a;1;Jan 30, 2022;5;f_241;Great app that works exactly as it should and with OS maps in the UK it really was so useful and NEVER crashed and NEVER let me down. And now the truly absurd bit - somebody called Outdoor Active bought VR and cancelled all our subscriptions. So now they get no money & we get no OS maps. I'm deeply saddened by the stupidy of this & the bizarre notion that we'll start paying Outdoor Active instead for their cr-App. Outdoor Active, please sell VR to somebody else rather than buying and binning it.;And now the truly absurd bit - somebody called Outdoor Active bought VR and cancelled all our subscriptions.;0;1
iteration_3;Notepad – Notes and Checklists;TOOLS;0f4eb7b5-8c5e-40e6-a093-3cb3dc9b813f;0;Sep 08, 2022;1;f_247;How many permissions does a checklist making app need?! Lost a customer because of the run around. You DO NOT need my location. *edit in response to developers: I should be able to use the app without allowing the location permission. You can't change my mind here. *another response to editors: I tried repeatedly after downloading to refuse the location permission. All it did was turn me around to the pervious screen. Don't lie to me.;How many permissions does a checklist making app need?!;0;1
iteration_3;Instagram;SOCIAL;0f77e723-1b32-4295-9f04-5d312745bd93;0;Sep 15, 2022;2;f_331;management pls fix the prob of logging and hanging in I.g 😠😠😠;management pls fix the prob of logging and hanging in I.g 😠😠😠;0;1
iteration_3;BlackNote Notepad Notes;PRODUCTIVITY;0fcb8af3-45e1-4151-98b2-64f97a03912c;0;Feb 13, 2022;5;f_40;Solid notetaking app;Solid notetaking app;0;0
iteration_3;aCalendar - your calendar;PRODUCTIVITY;102f5bcf-b476-49c1-a757-73cde865c7b6;3;Jun 03, 2022;1;f_432;"You pay to have ads removed, you pay to get colors which I did--the wording suggested I would get many colors but instead I only got about six. 💰 Grab. I uninstalled it and got ""Cute Calendar : Daily Planner"". My Cute Calendar's theme is cats, but there are numerous other things to choose from plus a place for To Do, Diary, Event reminders, background changes, photos & more. Satisfies the kid in me who needs all that it offers and it contains a lot, no hidden fees, cost options spelled out.";My Cute Calendar's theme is cats, but there are numerous other things to choose from plus a place for To Do, Diary, Event reminders, background changes, photos & more.;0;0
iteration_3;Messages;COMMUNICATION;10ac6496-6ece-41db-85a8-73395d74c859;1;Sep 15, 2022;1;f_174;"Just got a new s22 and have to use google messengers and so far the experience is horrible. Chat features will NOT stay connected which means i recieve no text. When i restart my phone or stop the app and clear the cache it will come on for about a minute and then go back to infinite ""connecting"". Pretty sad ""feature"" for the main messanging app on an OS made by a trillion-dollar company";Chat features will NOT stay connected which means i recieve no text.;0;1
iteration_3;Clock;TOOLS;1129b4b1-8d74-4493-92bb-e71ce821ea7f;1;Jul 30, 2022;2;f_236;sketchy it got only digital widget. where the analog clock widget?;where the analog clock widget?;0;0
iteration_3;Messenger;COMMUNICATION;119292d8-669a-4f0e-82d2-b03b28fd7b48;0;Sep 15, 2022;1;f_128;Please fixed the video chat because the echo is to loude please fixed it;Please fixed the video chat because the echo is to loude please fixed it;0;0
iteration_3;Productivity Challenge Timer;PRODUCTIVITY;11a15914-2109-4a61-8725-d07e782775d1;0;Apr 25, 2022;5;f_36;Really great app recomended by hum jeetenge YouTube channel;Really great app recomended by hum jeetenge YouTube channel;0;0
iteration_3;Event Alarm Reminder for Googl;TOOLS;1289b18a-953e-4141-9be7-143891b6f42f;0;Jul 01, 2022;4;f_121;It provides details I need for meeting reminders. Still learning to navigate some of the setups.;It provides details I need for meeting reminders.;0;0
iteration_3;Stopwatch Timer;TOOLS;12b3e914-d167-4763-8989-773649e44c78;2;Aug 03, 2022;4;f_63;[EDIT] Sorry again for still not giving full 5★ rating due to the very annoying APP Rating dialog box that still always popped out on the APP Exit even though I had purchased it and had given review + rating here, both almost a year ago. [/EDIT] •• Cool Timer & StopWatch APP that is accurately, uniquely, and aesthetically designed with eye-soothing colorful themes for personalization. • Thank You;[/EDIT] •• Cool Timer & StopWatch APP that is accurately, uniquely, and aesthetically designed with eye-soothing colorful themes for personalization.;0;0
iteration_3;Messenger;COMMUNICATION;136748d6-621c-4ac3-ae62-007ae15f9d22;2;Sep 15, 2022;1;f_130;I keep getting banned from sending messages in group chats, I have friends I want to talk to, I didn't even spam or send anything inappropriate. It's been 3 times, the AI is so damn stupid. I got banned for a day before and I didn't spam anything, but while my friends spammed messages, it was okay. This has been a very annnoying issue, on the part of being a big platform, please fix this terrible bug.;I got banned for a day before and I didn't spam anything, but while my friends spammed messages, it was okay.;0;0
iteration_3;OurHome – chores, rewards, gro;LIFESTYLE;138a3247-8195-4bfa-826c-6410ffb31dac;3;Jan 17, 2022;3;f_382;"It's almost exactly what we are looking for, but there are a few features missing that we'd happily pay for: 1. Ability to set end date (or end after XX number of occurrences) for repeating tasks. 2. Agenda view. I need to be able to scroll through my week at a glance. Right now I have to go back and forth to the calendar and click through to each day separately. 3. Ability to set ""Today"" as default view. 4. Multi day events (not repeating) 5. Google calendar integration.";Right now I have to go back and forth to the calendar and click through to each day separately.;0;0
iteration_3;Boosted Time Tracker;PRODUCTIVITY;138c7ce8-b4a3-4419-a63c-8d0db1bf30f3;1;Nov 03, 2021;4;f_64;Really enjoy this app. My only issue with it is that the timers are in their own place. Would be nice to have the option to choose which timing feature I'd like to use within each task at the time of execution. Other than that, find the app very helpful.;My only issue with it is that the timers are in their own place.;0;0
iteration_3;Geo Tracker - GPS tracker;TRAVEL_AND_LOCAL;13c8f261-af81-4abe-8436-d7c31a9ced95;1;Jul 04, 2022;5;f_106;This fits my needs perfectly. Good work done, please I suggest you add online and login so we can track sales workers.;Good work done, please I suggest you add online and login so we can track sales workers.;0;0
iteration_3;Strava: Run, Ride, Hike;HEALTH_AND_FITNESS;13e600e4-b128-4a7f-93f1-d8561dfd0d77;0;Aug 13, 2022;5;f_220;I enjoy meeting new people in my area and comparing and creating routes.;I enjoy meeting new people in my area and comparing and creating routes.;0;0
iteration_3;Samsung Notes;PRODUCTIVITY;140086b2-9757-4c1d-906b-c745ca1d2533;0;Sep 15, 2022;4;f_156;Samusung Notes App is Awesome only one problem found is Multitasking Not Possible Only one File can open at a time I want to read two Files at a time;Samusung Notes App is Awesome only one problem found is Multitasking Not Possible Only one File can open at a time I want to read two Files at a time;0;0
iteration_3;Loop Habit Tracker;PRODUCTIVITY;143b605e-fe4d-48b4-8527-217217f22f72;0;Feb 01, 2022;4;f_7;"This is one of the best free habit tracker app out there, with easy analysis,minmal user interface and one can add as many habits as one may want to but the only problem with that ""it doesn't provide data sync and backup"". If that could be added, no better app than this";"This is one of the best free habit tracker app out there, with easy analysis,minmal user interface and one can add as many habits as one may want to but the only problem with that ""it doesn't provide data sync and backup"".";0;0
iteration_3;Macros - Calorie Counter;HEALTH_AND_FITNESS;14a949b1-7c0a-455f-a5ae-86383d92a212;4;Apr 26, 2022;5;f_439;Just starting a keto lifestyle. Honestly I tried 10+ apps before this. Though I admit it can be a little tough to get the hang of it. Once you do its amazing. The barcode scanner is a godsend and 80% of the items it finds saving me tons of time. I can group items as recipes so I don't need to add every item each day, for something like bulletproof coffee. Ads are very minimal and don't hinder functionality. I will likely pay for premium just to support the devs. Thank you for an amazing app!;The barcode scanner is a godsend and 80% of the items it finds saving me tons of time.;0;0
iteration_3;Samsung Notes;PRODUCTIVITY;158160a7-c426-4074-9d52-a546d02c70fd;0;Aug 19, 2022;5;f_399;just need some cloud storage for backup;just need some cloud storage for backup;0;0
iteration_4;Material Notes: Colorful notes;PRODUCTIVITY;1590bde2-7508-41e6-9a69-71099be0f3f7;1;Oct 25, 2020;4;f_247;I love this app. Perfect for notes and checklists. I just wish that my swipe keyboard settings worked, it's hunt and peck only as best I can determine.;Perfect for notes and checklists.;0;0
iteration_4;CBT Thought Diary;HEALTH_AND_FITNESS;159332b0-f308-4041-87f8-88d7bd99ae5e;1;Sep 15, 2022;5;f_437;This app is working out very well. The daily reminders to check in have really helped me stay connected and I can see an improvement in my mood and my attitude this is a pretty cool app;The daily reminders to check in have really helped me stay connected and I can see an improvement in my mood and my attitude this is a pretty cool app;0;0
iteration_4;mysms SMS Text Messaging Sync;COMMUNICATION;15a0e6fa-068b-4cc9-afc2-8afb7fe84ee3;3;Oct 29, 2021;1;f_119;Un-installed as soon as it sent an unsolicited web link to someone I was texting. I might have paid for app so I could get/receive texts on my iPad, but sending that link ended my trust for this app. The iPad app experience was alright but no split screen, no dark mode, and had limited settings. And I really didn't want to make this app my default SMS messaging app on my android phone.;And I really didn't want to make this app my default SMS messaging app on my android phone.;0;0
iteration_4;Facebook Lite;SOCIAL;15e6193d-e49d-442f-a747-e7f91e0d075d;0;Sep 14, 2022;1;f_424;So disappointing lately, I can't go back after opening the comments section unless I restart the phone. Keeps hanging;So disappointing lately, I can't go back after opening the comments section unless I restart the phone.;0;0
iteration_4;Samsung Notes;PRODUCTIVITY;161dbac1-83c1-4419-a3a2-7f2de23bad91;2;Aug 11, 2022;5;f_76;LOVE this app. I keep my keto/locarb recipes on it. I created a folder titled Keto&LoCarb then I add subfolders and categorize, ie. beef, appetizers, drinks, etc. You can put 1 recipe in 2 different folders also...cheeseburger bites in beef and appetizers. I usually copy the link and put in subfolder instead of copy and paste the whole recipe. I did this because I lost all my recipes on this app when my phone crashed. Thats the only drawback. No points deducted bc it happened w alot of my apps.;I created a folder titled Keto&LoCarb then I add subfolders and categorize, ie.;0;0
iteration_4;Home Workout - No Equipment;HEALTH_AND_FITNESS;16983f65-6f82-4b61-8739-ea1468b9b66b;1;Aug 13, 2022;5;f_330;1st day and the training App worked well. No subscriptions (yet). Working pretty fine. I'll wait for tomorrow.;No subscriptions (yet).;0;0
iteration_4;Todoist: to-do list & planner;PRODUCTIVITY;16f5fc07-caa9-42fc-832e-674895d2c155;0;Mar 19, 2022;5;f_494;Awesome task planner.;Awesome task planner.;0;0
iteration_4;Telegram;COMMUNICATION;170530bc-5f37-48ea-a6e7-eba90742e0fc;5;Sep 03, 2022;3;f_335;Lately not so great, as it acts very slow. It is 'Updating' every time I open a chat, emoticons take ages to load again and again. It used to cache them but now since a few weeks, only their shape appears for about a minute (!) It is more frustrating than helpful, unfortunately. Calls have always been difficult, Telegram falls behind WhatsApp in video smoothness. The file sharing and group features are awesome but if it takes so much for the chat content to even appear, it's underwhelming...;The file sharing and group features are awesome but if it takes so much for the chat content to even appear, it's underwhelming...;0;0
iteration_4;True Phone Dialer & Contacts;COMMUNICATION;17a7c481-d6d3-4761-8501-79534bf2e829;2;Sep 03, 2021;4;f_129;Enjoying this app.Overall all good,but Video calling feature is missing. How to enable video calling feature;How to enable video calling feature;0;0
iteration_4;Weather forecast;WEATHER;17b08e92-b242-4641-98b3-3313dee0cb08;0;Dec 31, 2021;5;f_236;Good luck .add some clock widget too;Good luck .add some clock widget too;0;0
iteration_4;Make-A-List;PRODUCTIVITY;17bdb6b0-933f-446e-9e05-0dd4dd98e6ed;2;May 15, 2022;4;f_431;I like the simplicity of the app & the way I can keep track of things I need to get at various stores. I also use it to keep track of tasks I need to complete because I occasionally experience short term memory losses as a result of a panic disorder. The reason I only give 4 stars is because they don't provide an automatic backup system for your lists like others do. They expect you to pay monthly or yearly for that option instead of a one-time fee. Other apps provide this service for free.;The reason I only give 4 stars is because they don't provide an automatic backup system for your lists like others do.;0;0
iteration_4;Weather data & microclimate :;WEATHER;18267b55-242c-4d6b-86cb-de51a150f8c6;0;Jun 11, 2022;5;f_309;Good app, does what is expected with better privacy protections.;Good app, does what is expected with better privacy protections.;0;0
iteration_4;Weather data & microclimate :;WEATHER;18267b55-242c-4d6b-86cb-de51a150f8c6;0;Jun 11, 2022;5;f_354;Good app, does what is expected with better privacy protections.;Good app, does what is expected with better privacy protections.;0;0
iteration_4;imo-International Calls & Chat;COMMUNICATION;185ae1fd-180a-475f-ab9b-2b181637ce5c;0;Sep 08, 2022;5;f_129;Good video calling and excellent;Good video calling and excellent;0;0
iteration_4;Step Tracker - Pedometer;HEALTH_AND_FITNESS;188643f7-bc07-449a-97cc-f45c085b5272;0;Sep 13, 2022;5;f_220;This is the best way to straighten your legs walk for two exercise in case your mind from stress by walking meeting new people when they're walking beside each other have been doing something for a year but it's great I love it thank you so much love when I'm walking and getting healthy!;This is the best way to straighten your legs walk for two exercise in case your mind from stress by walking meeting new people when they're walking beside each other have been doing something for a year but it's great I love it thank you so much love when I'm walking and getting healthy!;0;0
iteration_4;True Phone Dialer & Contacts;COMMUNICATION;18ee0606-6a3c-494f-a0fe-fe86dd31b526;2;Dec 17, 2021;5;f_128;Great phone/dialer app. It has all the features I could ever want. Contact, text, video chat integration all in one. Ringtone customization, easy navigation and very user friendly. I would definitely recommend this app for all your phone needs.;Contact, text, video chat integration all in one.;0;0
iteration_4;Squid: Take Notes, Markup PDFs;PRODUCTIVITY;18ff07c9-b209-4255-8413-fb5104365e34;0;Dec 27, 2021;3;f_209;App is everything I was looking for except you have to manually backup to sync between devices and content can not be stored on Google drive. This app would easily be 5 stars if it automatically would sync between devices.;App is everything I was looking for except you have to manually backup to sync between devices and content can not be stored on Google drive.;0;0
iteration_4;True Phone Dialer & Contacts;COMMUNICATION;198e5b0c-e4b8-4b66-8c2f-b9f6ea5c7d8e;0;Aug 23, 2021;5;f_133;It's very amazing new phone calls 😍😍;It's very amazing new phone calls 😍😍;0;0
iteration_4;WA.Status Saver - Downloader;SOCIAL;1997263d-edda-4882-9b3d-39005de30f76;0;Mar 23, 2022;1;f_239;Poor networking;Poor networking;0;0
iteration_4;Phone Number Locator Caller id;TOOLS;19cc3464-5fcc-4165-8701-c6db5c7754fe;0;Aug 30, 2022;1;f_294;What ads are u publishing;What ads are u publishing;0;0
iteration_4;Huawei Health;HEALTH_AND_FITNESS;1a8ef4ff-c1b6-40f7-b069-045f786a5ed2;3;Jan 17, 2022;1;f_9;Update 2022: Huawei hasn't released any fix still. Please, allow us to edit/confirm sleep times. My watch/app is registering erroneous sleep periods that invalidates the whole experience. I really try to use the sleep score to improve my sleep habits but when the watch doesn't even register that I fall asleep or give me a complete wrong bed time, I don't see the point if using Huawei sleep tracking.;I really try to use the sleep score to improve my sleep habits but when the watch doesn't even register that I fall asleep or give me a complete wrong bed time, I don't see the point if using Huawei sleep tracking.;0;0
iteration_4;WhatsApp Messenger;COMMUNICATION;1b827048-c972-4bd1-aaee-56a5d49927a9;2;Sep 15, 2022;2;f_130;Latest update has lots of bugs! 1st: Font size doesn't change when set 2nd: When I open a group chat that has 50+ msgs, it sends me to the bottom instead of the first unread msgs! 3rd : The bug when I send gallery edited videos to WA on Samsung, no sound! 4th : the WA logo when I open WA is so small! 5th: When I clear a chat, it should be smaller, but in settings it's still the same size! It should be way smaller since I cleared all! 6th: I changed friend's contact name but didn't change ON WA;When I open a group chat that has 50+ msgs, it sends me to the bottom instead of the first unread msgs!;0;0
iteration_4;Telegram;COMMUNICATION;1b9dbb6d-d0e4-4ac1-854f-42d1c1cd3f37;0;Aug 23, 2022;4;f_241;This app was to good for personal messaging , I like his all feature only 1 feature I didn't like that was he consuming too many data for video call;This app was to good for personal messaging , I like his all feature only 1 feature I didn't like that was he consuming too many data for video call;0;0
iteration_4;Doit.im for Android;PRODUCTIVITY;1ba5f609-271f-45ae-8954-14f77654b61e;0;Mar 08, 2018;5;f_140;Has everything I need to keep up with a GTD style workflow! Even has an easy system to walk me through daily and weekly reviews! Thank you Devs!!;Has everything I need to keep up with a GTD style workflow!;0;0
iteration_4;Microsoft OneNote: Save Notes;PRODUCTIVITY;1cd4e9e6-ddbb-4f35-be86-37694db66452;1;Sep 12, 2022;4;f_246;enjoy the app. My only complaint is that I sometimes have sync issues with shared notebooks.;My only complaint is that I sometimes have sync issues with shared notebooks.;0;0
iteration_4;Messages;COMMUNICATION;1d21513c-ce8f-4677-bccf-2f355f61a028;4;Sep 15, 2022;2;f_67;Developer responded with Device specific issue, but when you have an uninstallable app, often times big corps like Goog or F-book have paid Samsung to force it on the phone. There's no reason to have 2 message apps when I could easily get Goog messages if I wanted to. Takes quarter gig of space on my expensive device that I paid for. Also a very unorganized message app. Needs personal categories like family, friends, work. Everything is all together. Samsung messages is superior in this way.;Needs personal categories like family, friends, work.;0;0
iteration_4;GTasks: Todo List & Task List;PRODUCTIVITY;1d7ca5d4-8a3b-4088-9e83-82181def2404;0;Sep 06, 2020;5;f_29;Have been looking for the best logical cloud based lists for many years. This is so far the best. Hide completed without deletion would be perfect.;Have been looking for the best logical cloud based lists for many years.;0;0
iteration_4;Telegram;COMMUNICATION;1e343ed7-8e0b-452f-bf4a-70824d296f4e;0;Sep 04, 2022;4;f_339;It was great but when the video is sent is timer it wont play and if i send any video in timer it plays in other mobile why is thi s prob i have updated the telegram app also to latest version;It was great but when the video is sent is timer it wont play and if i send any video in timer it plays in other mobile why is thi s prob i have updated the telegram app also to latest version;0;0
iteration_4;Messenger;COMMUNICATION;1e41360c-dda9-4348-8c46-0293006a5b75;0;Sep 15, 2022;3;f_286;Hi, can someone please fix the bug where i've been chatting with my families and friends, and got community standard smth going on, i haven't done any strict or violation since then, but suddenly got 3 days banned where i can't send message. Please fix it i find it really annoying since i'm a student getting ready for the upcoming exam tommorrow, and i can't send or talk to my classmates since i can't send messages. Thanks!;Hi, can someone please fix the bug where i've been chatting with my families and friends, and got community standard smth going on, i haven't done any strict or violation since then, but suddenly got 3 days banned where i can't send message.;0;0
iteration_4;BlackNote Notepad Notes;PRODUCTIVITY;1e7da786-4f00-402a-9b03-b288e0a58fba;0;Jan 07, 2022;5;f_67;I just loved it you can write notes keep them safe by putting a password and could also categories it it's truly awesome.... best note pad app ever to write notes as well as to keep them safe with the help of password;I just loved it you can write notes keep them safe by putting a password and could also categories it it's truly awesome.... best note pad app ever to write notes as well as to keep them safe with the help of password;0;0
iteration_4;WhatsApp Messenger;COMMUNICATION;1ee13ca2-06c9-4207-9f70-59dd7341e10b;1;Sep 15, 2022;4;f_482;It would be better if whatsapp account can be opened by 2 or more gadgets such as Telegram does. The improve security and encryption to protect personal account too.;The improve security and encryption to protect personal account too.;0;0
iteration_4;Google Assistant Go;TOOLS;1ee1fb58-c982-41ad-b9cc-26f1a8df7698;0;May 26, 2022;5;f_478;JUST REALIZED THAT ASSISTANT IS ACCOUNTING SOFTWARE;JUST REALIZED THAT ASSISTANT IS ACCOUNTING SOFTWARE;0;0
iteration_4;Work Shift Calendar;PRODUCTIVITY;1fa1da86-65b9-4c7b-bddf-6bffd3df1191;1;Jul 25, 2022;3;f_23;Functionality works well. Would like better customization for widgets - set transparency, fonts, material design to match rest of phone, etc. Will consider buying Pro version if I see improvements.;Would like better customization for widgets - set transparency, fonts, material design to match rest of phone, etc.;0;0
iteration_4;Work Shift Calendar;PRODUCTIVITY;1fa1da86-65b9-4c7b-bddf-6bffd3df1191;1;Jul 25, 2022;3;f_233;Functionality works well. Would like better customization for widgets - set transparency, fonts, material design to match rest of phone, etc. Will consider buying Pro version if I see improvements.;Would like better customization for widgets - set transparency, fonts, material design to match rest of phone, etc.;0;0
iteration_4;Pomodoro Timer;PRODUCTIVITY;203a5914-6dc2-4219-a699-bf717c055b1a;1;Apr 11, 2022;5;f_64;Does exactly what you want. Timer with short and long breaks.;Timer with short and long breaks.;0;0
iteration_4;Instagram;SOCIAL;208445e4-5ae8-4840-b2c8-0b28575ab37f;1;Sep 15, 2022;1;f_55;Why this app still can't hide inbox chats? Please develop hide chats fouction, it shouldn't be that hard to take that long to do it.;Please develop hide chats fouction, it shouldn't be that hard to take that long to do it.;0;0
iteration_4;ColorNote Notepad Notes;PRODUCTIVITY;2093c9ab-3f5f-465e-b7ea-767ea8a2a646;0;Sep 01, 2022;5;f_301;Yes this is an awesome app which helps me of to to do lists or whatever I need to remember:)😊;Yes this is an awesome app which helps me of to to do lists or whatever I need to remember:)😊;0;0
iteration_4;Snapchat;COMMUNICATION;2106644f-b3cb-42c2-a5d2-0737b6e62dcb;2;Sep 14, 2022;3;f_286;I have had snapchat for 4 years and I'm 18, snapchat is just not it. I mean I love snapchat but the energy its giving back is not it. My account had been reported for breaking one of the rules, which I did not do any and I have read the community guidelines. But here it is trying to delete my account that has all my memories.;My account had been reported for breaking one of the rules, which I did not do any and I have read the community guidelines.;0;0
iteration_4;Todoist: to-do list & planner;PRODUCTIVITY;21155ecc-c24d-4617-acc1-0011c4b572c5;0;May 18, 2022;2;f_106;Your reminder system could use some improvements please. If we could just click the clock and a watch would pop up where we just input the time or you suggest intervals of 30 min or 1 hour. At the moment we have to type out the time and it's not efficient. I use the app for my sales team 8 hours a day. Please do something about this.;Your reminder system could use some improvements please.;0;0
iteration_4;Transit: Bus & Subway Times;MAPS_AND_NAVIGATION;21639d22-8787-473c-984d-0c43582c29b9;0;Sep 10, 2022;3;f_506;This app is really useful for finding out where my bus is, and whether its running early or late. It gives me peace of mind when taking transit so I know how early I must arrive at the bus stop. Having said that, I'm only rating this 3 stars because of the repeated app crashes (9) I've experienced in a 9 day period. These crashes occur when I try to switch addresses to check bus times. Sometimes it works ok, but sometimes it crashes and I have to reboot the app. Until then, this app gets a 3*.;This app is really useful for finding out where my bus is, and whether its running early or late.;0;0
iteration_4;Samsung Notes;PRODUCTIVITY;21a78556-613a-4969-82f1-8d58555a8960;0;Sep 07, 2022;5;f_40;I might not know much about other notetaking apps. But I think this is the best in some three popular notetaking apps I've used. It's free, it's palm rejection and stylus support is good. Organizing the notes is easy, annotating PDFs is brilliant. The best part is how seamlessly it syncs across my samsung devices. Thumbs up to samsung on this one. I know future updates will only improve my experience, I am looking forward to tabs view like we have on browsers.;I might not know much about other notetaking apps.;0;0
iteration_4;Material Notes: Colorful notes;PRODUCTIVITY;226b4426-2032-4076-a5ce-b2638ae629d6;0;Feb 17, 2017;4;f_257;Perhaps sync across devices?;Perhaps sync across devices?;0;0
iteration_4;Play Services Info (Update);TOOLS;229dc513-dd16-4cf5-ac2b-c1f1ca964f5c;0;Dec 18, 2020;5;f_85;Would Love To Share Videos On U-Tube n Favorite Social App;Would Love To Share Videos;0;0
iteration_4;Todoist: to-do list & planner;PRODUCTIVITY;22b95375-86d8-466f-b025-60d05f0043ba;4;May 07, 2022;4;f_110;A wonderful app, for me it lacks only one, but importthing: a recurring task counter. I remember writing an email to you like 4-6 years ago about it, still not that much progress in this regard:) Sometimes i want to complete a task after 50 repetitions, not up to a certain date. Can't do it on Todoist though. Also would love to know how many times I've completed a certain recurring task, can't do this either:( i am considering switching but all the other stuff is so good I am still in doubt.;Also would love to know how many times I've completed a certain recurring task, can't do this either:( i am considering switching but all the other stuff is so good I am still in doubt.;0;0
iteration_4;WhatsApp Messenger;COMMUNICATION;22dc9690-b4b6-4340-b9ac-4d19eef51059;0;Sep 15, 2022;5;f_118;Very nice and interesting messaging app;Very nice and interesting messaging app;0;0
iteration_4;Telegram X;SOCIAL;233d0963-4055-447b-8115-ffe1dd52c9f1;0;Aug 29, 2022;5;f_128;Video chat should also be included;Video chat should also be included;0;0
iteration_4;Weather Radar Widget;WEATHER;235c6836-aba7-4239-af05-0883687c1f74;0;Jul 18, 2020;5;f_472;Weather Radar Widget is a very good app. You can also zoom in to your back yard. I only wish it can give weather conditions further out into the gulf areas. It doesn't seem to be able to view much of inner gulf waters just alongside the coast. Thanks, you're better than any other app available. I'm keeping you.;Weather Radar Widget is a very good app.;0;0
iteration_4;Huawei Health;HEALTH_AND_FITNESS;237b7a6e-bab9-4d1e-a880-128a1ed88c0d;1;Aug 17, 2022;4;f_403;Best app I've been using with my huawei band 6 but one problem I need a huawei phone If I need camera remote and outdoor cycling which I do alot I hope it can become possible for android phones;If I need camera remote and outdoor cycling which I do alot I hope it can become possible for android phones;0;0
iteration_4;Samsung Notes;PRODUCTIVITY;239e764d-383d-4fa6-84b2-5176b6d74f65;0;Jul 11, 2022;5;f_246;It's the perfect notebook, I enjoy all the options and how easy it is to use;It's the perfect notebook, I enjoy all the options and how easy it is to use;0;0
iteration_4;Phone by Google;TOOLS;23a4b4d7-c61b-49d0-abfa-c415787fe3f8;2;Sep 11, 2022;1;f_479;Call Recording feature does not work After call is recorded cant reply or share the recorded call Auto redial feature unavailable Failing at many imp details The recorded calls are no where stored in local storage and dosent provide location of the storage too;The recorded calls are no where stored in local storage and dosent provide location of the storage too;0;0
iteration_4;Codo: Shared Todo-Lists & Remi;PRODUCTIVITY;241fdeb2-d4de-4505-a9b4-f8a2828cc46c;0;Jun 09, 2021;5;f_301;Great tool to have a synchronized, live, updated to do list that i can share with my wife. Super helpful tool.;Great tool to have a synchronized, live, updated to do list that i can share with my wife.;0;0
iteration_4;Google Keep - Notes and Lists;PRODUCTIVITY;243e9b20-0b9a-4c11-9f22-80e0cf67ba8e;5;Sep 01, 2022;1;f_319;I am so disappointed google. I lost all my recent notes that has not been sync since august 2. It just disappear without me knowing why. I open the google keep notes finding out nothing. Please retrieve my notes because i have many important notes in their. I hope you take action to it right away.😭😭😭😭😭😭😭😭😭😭😭😭😭😭😭😭😭😭😭😭😭😭😭;I hope you take action to it right away.😭😭😭😭😭😭😭😭😭😭😭😭😭😭😭😭😭😭😭😭😭😭😭;0;0
iteration_4;Stopwatch Timer;TOOLS;245d099f-6ba3-4f5f-9d0f-ea0d3ba4aca2;0;Jun 29, 2022;5;f_63;The first stopwatch app I downloaded.. and my favorite so far.😊;The first stopwatch app I downloaded.. and my favorite so far.😊;0;0
iteration_4;Telegram;COMMUNICATION;247e1850-a82b-4c80-9afe-1747842eaa17;0;Sep 13, 2022;5;f_174;Nice app but add an option of Private Chat which can be seen by adding only password and Patterns;Nice app but add an option of Private Chat which can be seen by adding only password and Patterns;0;0
iteration_4;Any.do - To do list & Calendar;PRODUCTIVITY;248363b8-cf6f-4e6b-8b33-5dc00b7813d8;2;Sep 05, 2022;4;f_104;Worked great for me in the past but now I am no longer able to share tasks. I had not shared tasks in a while so I do not know when this broke. The Share option from the support page does not show up in the desktop app or the android app. I can still see the sharing that I had previously setup for other lists but I can no longer share with new people.;The Share option from the support page does not show up in the desktop app or the android app.;0;0
iteration_4;Joplin;PRODUCTIVITY;2488e5b6-5157-47b3-95fd-5c774ea8c965;1;Jun 17, 2022;5;f_235;Well designed alternative to Evernote with extra focus on personal privacy and security. I run it on my Dropbox cloud storage with Android, Mac and Linux clients, and I have had no issues. It just works 👍;I run it on my Dropbox cloud storage with Android, Mac and Linux clients, and I have had no issues.;0;0
iteration_4;Smarter Time - Time Management;PRODUCTIVITY;24c43609-b667-49b7-b0a4-fe3fe865c5cd;1;Mar 18, 2021;4;f_89;Probably the best time recorder there is, but still has room for improvement. My recommendations for additional features: *More icons or allow your own *Color wheel selector for categories *Alphabetical order with favorites at the top *Add notes or pictures to event *Undo button *IFTTT integrations;My recommendations for additional features: *More icons or allow your own *Color wheel selector for categories *Alphabetical order with favorites at the top *Add notes or pictures to event *Undo button *IFTTT integrations;0;0
iteration_4;Lifesum: Healthy Eating & Diet;HEALTH_AND_FITNESS;24d2b6c6-379a-496c-81a9-a9a36f5ff75a;1;Sep 04, 2022;3;f_143;Wish more restaurants were in the app to track calories. I also found quite a few items that weren't scanning with correct calories and macros.;I also found quite a few items that weren't scanning with correct calories and macros.;0;0
iteration_4;Hammer: Truck GPS & Maps;MAPS_AND_NAVIGATION;24d54a10-5f03-4afd-8a65-adeccab40a3b;2;Aug 19, 2022;5;f_240;All around great app. Honestly no idea how it's completely free, but it is. Shows truck stops, scales, and the routing has been spot on every time. Every trucker should have it. No need to pay truck stops $500+ for a gps system;Shows truck stops, scales, and the routing has been spot on every time.;0;0
iteration_4;Notepad – Notes and Checklists;TOOLS;2517ba2a-f0ad-4c0d-86a0-df206d15677b;0;Aug 21, 2022;5;f_432;Better than my Diary, previously had 6 journals.;Better than my Diary, previously had 6 journals.;0;0
iteration_4;Gmail;COMMUNICATION;2536db3d-1b40-4a9f-ace1-ac78668411cb;2;Sep 15, 2022;1;f_197;As a security feature, images are not loaded, but if you click reply, then images are auto loaded, thus defeating the implemented security feature. And what does Google tell me about this security hole? goo.gl/kWctv9 which is a generic canned response to something completely unrelated.;goo.gl/kWctv9 which is a generic canned response to something completely unrelated.;0;0
iteration_4;Daylio Journal - Mood Tracker;LIFESTYLE;25687cef-ece5-4fca-ae39-66856a3c983d;1;Aug 25, 2022;5;f_435;How have I not reviewed the most frequently used app on my phone yet? This is the BEST mood tracking app for those who just want to track it, not be pushed in any direction except consistency. I'm at 1556 entries, I haven't done anything in my life that many times in a row, that's insane! Do yourself a favor and try it, if you like it, the deluxe is SO worth it.;This is the BEST mood tracking app for those who just want to track it, not be pushed in any direction except consistency.;0;0
iteration_4;Telegram X;SOCIAL;258b461b-f75e-4f11-b17f-abec69a0bcbf;0;Jul 02, 2022;5;f_424;Please add the comments section and it will become the best telegram app.👋;Please add the comments section and it will become the best telegram app.👋;0;0
iteration_4;Lifesum: Healthy Eating & Diet;HEALTH_AND_FITNESS;2636b02f-bfb2-47e3-b9b1-1a4fc28747a0;1;Sep 02, 2022;5;f_360;So far I like it. I've used quite a few calorie counting apps. So far I'm liking this one. I just started though. Time will tell l.;I've used quite a few calorie counting apps.;0;0
iteration_4;Weather: Live radar & widgets;WEATHER;26371234-eeee-45cb-b279-9033222997cf;0;Aug 13, 2022;3;f_472;Radar doesn't work unless you pay for it;Radar doesn't work unless you pay for it;0;0
iteration_4;Clock;TOOLS;265c6b6d-8e51-4301-8a12-4aafef4862ba;0;Jul 10, 2022;1;f_133;This app opens when I make or receive a phone call, it's really annoying, that is why I'm giving it a 1 star rating, I would give it a 1/2 star, if I could.;This app opens when I make or receive a phone call, it's really annoying, that is why I'm giving it a 1 star rating, I would give it a 1/2 star, if I could.;0;0
iteration_4;Huawei Health;HEALTH_AND_FITNESS;272860e4-92c5-4a43-be13-c2c7b6930acf;1;Aug 17, 2022;4;f_52;currently using the beta app. i hate that it disconnects if the app is not running in the background and sometimes it misses to push notifications. i hope this could be fixed.;i hate that it disconnects if the app is not running in the background and sometimes it misses to push notifications.;0;1
iteration_4;Truecaller: Caller ID & Block;COMMUNICATION;272db900-6c87-4a0c-ad48-957bb2e703ed;1;Sep 11, 2022;1;f_129;I setup Truecaller as default dialer... In Truecaller there is no video calling option...;In Truecaller there is no video calling option...;0;0
iteration_4;Strava: Run, Ride, Hike;HEALTH_AND_FITNESS;273f30c8-e5d4-42e2-be84-14fc9466a145;3;Jul 20, 2022;1;f_52;Horrific. Keeps stopping the tracking during exercise/run with a push notification of the above only when I open the phone...stati g then that it can recover again if I restart the activity. Will be deleting the app. Anu recommendations for a good running app???;Anu recommendations for a good running app???;0;0
iteration_4;True Phone Dialer & Contacts;COMMUNICATION;27409983-3fbd-445e-b962-4a50e16e6db9;0;Mar 15, 2022;5;f_215;Nice and add call recording;Nice and add call recording;0;0
iteration_4;Material Notes: Colorful notes;PRODUCTIVITY;28466342-3d80-467d-b35f-9fa950434ee5;5;Oct 14, 2018;5;f_262;Very nice! I love the simplicity and great UI. The choice of colors especially is very tasty. A few wishes: I would love a dark mode that triggers at sunset. The white UI is painful to look at in the dark. Fingerprint unlock would be nice to have, as well as a simple tagging system. Thanks!;Fingerprint unlock would be nice to have, as well as a simple tagging system.;0;0
iteration_4;zenly - your world;SOCIAL;289b0b84-2915-47b9-a6e6-acf1d849ea86;0;Sep 05, 2022;1;f_164;Accuracy is really bad show pin location all over the place fly everywhere yet zenly can use fake gps not;Accuracy is really bad show pin location all over the place fly everywhere yet zenly can use fake gps not;0;0
iteration_5;Weather Radar Widget;WEATHER;b5623183-89ba-42ec-bf86-a5aabc4e2594;1;Jun 18, 2022;1;f_20;Failed to work. Java error;Java error;0;0
iteration_5;Remind Me - Notif Reminder;PRODUCTIVITY;82db5652-98f0-4aa9-9c54-3b986374e991;1;Aug 11, 2022;5;f_330;Perfect reminder app! The interface is so clean, no subscriptions and an option to remove all ads. I love the concept. I wish it was able to follow system theme to automatically switch from light mode to dark mode.;The interface is so clean, no subscriptions and an option to remove all ads.;0;0
iteration_5;WAMR - Recover deleted message;COMMUNICATION;c64fd59d-abd6-4d60-bd7f-3342ab6a03e5;0;May 16, 2022;3;f_117;Very helpful to recover messages;Very helpful to recover messages;0;0
iteration_5;Bills Reminder;PRODUCTIVITY;eac62907-d5d5-46f0-af1b-240a1c70cd66;0;Mar 10, 2019;2;f_321;I created a backup file transferred over to new phone via email but after restoring nothing gets restore.;I created a backup file transferred over to new phone via email but after restoring nothing gets restore.;0;0
iteration_5;Boosted Time Tracker;PRODUCTIVITY;dc1a25a0-e68a-4503-8580-a77e2f13b772;1;Jul 27, 2021;5;f_424;Good app to monitor your daily task with timeline. In Record section, task name, date, time start, time end, could you add - comment section to add further details of individual task or followup;In Record section, task name, date, time start, time end, could you add - comment section to add further details of individual task or followup;0;0
iteration_5;Ratio: Productivity Homescreen;PRODUCTIVITY;ff0b465c-7e16-4f16-b505-283d902867d9;0;Aug 25, 2022;2;f_126;80€ for lifetime access for a buggy launcher lmao. Get real guys.;80€ for lifetime access for a buggy launcher lmao.;0;0
iteration_5;Samsung Notes;PRODUCTIVITY;ff321da3-2fdd-4153-84d0-be9ee4995938;0;Sep 09, 2022;2;f_259;it's missing a lot of features that if exists will make it better such as hyperlink;it's missing a lot of features that if exists will make it better such as hyperlink;0;0
iteration_5;Clock;TOOLS;9586bc38-54d8-4f82-baa2-2ad2987d500a;0;Sep 12, 2022;1;f_236;Why can't we have the option to remove the day and date on the digital clock widget? This is causing me to have the day and date TWICE on my home screen, in this app and in the At A Glance widget. Neither will allow me to turn it off. I've been asking for this for over FIVE YEARS!! Originally posted this comment in January. It's now September and NOTHING FROM GOOGLE! No response, no comment, NOTHING! WHEN IS GOOGLE GOING TO FIX THIS VERY STUPID OVERSIGHT!?;Why can't we have the option to remove the day and date on the digital clock widget?;0;0
iteration_5;Focus To-Do: Pomodoro & Tasks;PRODUCTIVITY;f8aeeaac-16e2-4e0c-b000-cc643f48e219;0;Sep 03, 2022;3;f_109;No calendar sync;No calendar sync;0;0
iteration_5;Speedometer, Distance Meter;MAPS_AND_NAVIGATION;6864772c-7011-455b-8de5-e3250b4e5d26;0;May 22, 2021;5;f_506;Very good application for running;Very good application for running;0;0
iteration_5;Notepad – Notes and Checklists;TOOLS;eccbf21d-1d43-448e-93ce-dcf300abe943;0;Sep 01, 2022;1;f_133;I don't need this app recording my phone call info! Even when denied permissions there is no way to stop it! The pop ups are super irritating. Remove this function or allow us to turn it off in the settings. EVERY smart phone on earth has this function built in the useless redundancy tells me it's for your team to record and sell out personal data. Uninstalling;I don't need this app recording my phone call info!;0;1
iteration_5;Todoist: to-do list & planner;PRODUCTIVITY;29d75c71-b205-40c0-a1b6-1fd81d340076;2;Feb 27, 2022;5;f_110;I very rarely rate apps but I just have to show my appreciation for this app - it's fantastic. The recurring tasks are a great way for me to keep calm and not have to remember all the small things I need to do every day in my head. It's so easy to use and having it as a widget for a daily to do list is so helpful. Amazing job, developers! :);It's so easy to use and having it as a widget for a daily to do list is so helpful.;0;0
iteration_5;Habit Hunter: RPG goal tracker;PRODUCTIVITY;84c8e0ba-789a-4d43-8a10-3e1ec92f0214;5;Aug 14, 2022;3;f_340;checking out the app for my kids, Id like to use this as a school check list for homeschooling, what would make this app easier to use? a read aloud option? i have one child with dyslexia and reading the chat bubbles are hard for him. a voice for the charaters or to read the task/habbit would be amazing. will continue to learn the app, would like to see it a little more kid friendly;will continue to learn the app, would like to see it a little more kid friendly;0;0
iteration_5;SMS Backup+;TOOLS;c8e47bd1-6ad3-4312-98fa-b73d822ace53;0;Jun 26, 2019;2;f_117;I keep trying to backup my SMS messages and it will never go past about 1,500. I have gone and deleted the really old ones thinking that maybe there were too many, but that didn't help. I have tried everything but it simply won't backup anything that's happen since May of 2015. I am trying to back them all up (to my gmail account) so that I can delete them all off my phone but still have a search-able record of them...;I keep trying to backup my SMS messages and it will never go past about 1,500.;0;0
iteration_5;Samsung Notes;PRODUCTIVITY;5a29ef31-1052-46a1-aac1-22fd044b7bac;0;Aug 25, 2022;4;f_102;I always manage to accidentally erase my grocery list while shopping. I wash there was a way to keep this from happening. I am not even sure why or how it happens.;I always manage to accidentally erase my grocery list while shopping.;0;0
iteration_5;Running App - GPS Run Tracker;HEALTH_AND_FITNESS;a396c250-0cb3-4baa-8c4f-a834cd0b2e81;0;May 30, 2022;5;f_506;Great running app!;Great running app!;0;0
iteration_5;Weather Radar Widget;WEATHER;d385d6c3-cccc-4448-b848-7451f3342768;0;Nov 11, 2021;5;f_472;This is a very nice Radar App It's nice because you can set Satellite which is a more realistic effect Highly Recommended;This is a very nice Radar App;0;0
iteration_5;BetterHelp - Therapy;HEALTH_AND_FITNESS;d50d7689-158d-446a-b875-42fb8c3c40ba;0;Aug 22, 2022;5;f_24;easy to use and although the price is still something not everyone can afford, its convenient and offers a bit more anonymity than in person stuff.;easy to use and although the price is still something not everyone can afford, its convenient and offers a bit more anonymity than in person stuff.;0;0
iteration_5;Any.do - To do list & Calendar;PRODUCTIVITY;6db10e77-80be-4431-98c5-5d1d66ea6f3c;0;Aug 17, 2022;5;f_244;Definitely a good Todo list maker ,tried many but couldn't find a apt one for me and this had resolved my problem, thanks to the developer;Definitely a good Todo list maker ,tried many but couldn't find a apt one for me and this had resolved my problem, thanks to the developer;0;0
iteration_5;Samsung Notes;PRODUCTIVITY;2b036bcc-7b90-425a-a8ad-c6bed153ed2a;0;Jul 07, 2022;5;f_40;I wish I could change the font of my handwriting, but other than that, this is a pretty good notetaking app.;I wish I could change the font of my handwriting, but other than that, this is a pretty good notetaking app.;0;0
iteration_5;Macros - Calorie Counter;HEALTH_AND_FITNESS;feac1826-51f9-4cb6-94e2-4c177c37de1f;0;Jun 06, 2022;5;f_143;I love this app, definitely the best that I've tried so far to calculate calories and macros. I like that is kept simple but at the same time very detailed and personalizable. The ads shown are absolutely not in the way and that really improves the experience. Absolutely recommended!;I love this app, definitely the best that I've tried so far to calculate calories and macros.;0;0
iteration_5;Messages;COMMUNICATION;bd2a699e-8020-47c9-9130-80110d6e0ab5;0;Sep 14, 2022;3;f_120;Ever since you rolled out RCS with no way to disable it messages is entirely broken. Anytime somebody tries to start a group chat involving me it doesn't work at all and all of the text to the group chat come to me as individual texts. Text messages often disappear never to be seen again even though they show as sent. It's effectively made text messaging unusable as a communications medium on Android. Just realized I don't actually have this version of messages installed, maybe OnePlus broke it.;Ever since you rolled out RCS with no way to disable it messages is entirely broken.;0;0
iteration_5;Tinychat - Group Video Chat;SOCIAL;b400c7c1-c2fa-48b0-ad05-884150d2ef27;1;Feb 15, 2022;1;f_174;After I made a account the app crashed now I can't even join a room. Tiny Chat supposed to be vets in the game . This was one of the first apps after Soulja TellEm start crashing back in 2005.;Tiny Chat supposed to be vets in the game .;0;0
iteration_5;ColorNote Notepad Notes;PRODUCTIVITY;ce088ff9-ee30-40eb-805e-73b97f0e5820;0;Aug 01, 2022;5;f_14;So easy to write notes in multiple languages on clean-n-clear pad. Quick in saving. Very useful.;So easy to write notes in multiple languages on clean-n-clear pad.;0;0
iteration_5;SMS Backup+;TOOLS;ec1605eb-ca24-4370-9c9f-eb9157f1eb9a;5;Dec 26, 2019;4;f_321;I wish users would stop blaming the app developer for it no longer working. I do believe the developer should work to get the authentication fixed, however IMAP works just fine for the time. Its super simple to set up too, all you need is the imap server, your username and password. I'm only knocking a star because while this workaround works, this really needs to be changed for convenience sake. This is the best non-root backup method on the market, and I would love to see it flourish once more! IF google won't cooperate, then possibly look into another backup option, like dropbox, or a file transfer or something of the sorts.;IF google won't cooperate, then possibly look into another backup option, like dropbox, or a file transfer or something of the sorts.;0;0
iteration_5;Telegram;COMMUNICATION;cbf6d665-85ed-4699-b916-c3ef4ca35172;2;Aug 30, 2022;1;f_319;very bitter experience. hacked twice by individuals from Makassar Indonesia. have made a police report and also the telecommunications and multimedia ministry to prevent it from being hacked by irresponsible individuals but no action has been taken. my telegram account is still being used by the scammer. how to stop this from spreading?;have made a police report and also the telecommunications and multimedia ministry to prevent it from being hacked by irresponsible individuals but no action has been taken.;0;0
iteration_5;Telegram;COMMUNICATION;b68591dd-5cb0-4765-a567-c741f1b94bf6;0;Sep 11, 2022;1;f_188;People nearby doesn't work!!;People nearby doesn't work!!;0;1
iteration_5;Telegram X;SOCIAL;fe84a3cf-2220-4171-ac0e-57f77b5a4959;1;Jun 30, 2022;4;f_424;great! but i hope you'll add the comment section and add more features like the telegram original :( so far, i love using this app so much :(;but i hope you'll add the comment section and add more features like the telegram original :( so far, i love using this app so much :(;0;0
iteration_5;Stopwatch Timer;TOOLS;f8cb24cb-bc7f-448c-8964-a8fa34df1fe6;0;May 04, 2022;5;f_64;I love it, I use it as a minute timer and the alarm does not need to be dismissed, can set to time out after a few seconds. It's really quick to set the time as well once you understand the design. And ads are unobtrusive so what's not to like?;I love it, I use it as a minute timer and the alarm does not need to be dismissed, can set to time out after a few seconds.;0;0
iteration_5;Stopwatch Timer;TOOLS;9f7fc613-353d-4982-b790-e57411e058a2;0;Dec 21, 2021;5;f_63;Experiencer stopwatch;Experiencer stopwatch;0;0
iteration_5;Make-A-List;PRODUCTIVITY;e6c1d53b-f2fb-42d6-add0-13cdc04edcb9;0;Apr 21, 2022;5;f_302;Excellent list management! Thank you so very much.;Excellent list management!;0;0
iteration_5;Simple Habit: Meditation;HEALTH_AND_FITNESS;425b71c1-6701-475c-a8df-56095b960581;2;Mar 14, 2022;5;f_492;"I'm just using the free version currently, as I have an annual subscription for another app, Calm. However, I'm preferring this app to Calm as I like that you can choose the length of meditation and and situation you're in to find a few different meditations that would be suitable. I also find the guides voices more relaxing and less ""smug wellness person"" (sorry!) than many of the Calm ones. Once my Calm subscription runs out this year I'll be paying for Simple Habit.";"I also find the guides voices more relaxing and less ""smug wellness person"" (sorry!) than many of the Calm ones.";0;0
iteration_5;Microsoft OneNote: Save Notes;PRODUCTIVITY;fdf953b4-1553-4407-abd4-58f8ab0af3ed;0;Sep 15, 2022;4;f_40;The app is giving much more than most of the rest notetaking apps out there at the free tier. Personally, I find Evernote too expensive and buggy for what it offers. Notion too easy to get lost in non-important details. Boostnote amazing but too programming orriented and expensive. Bear too Apple-specific and lacking even Web interface access. Simple note missing too basic functionality e.g., adding images. OneNote is not perfect (mainly organization aspects of it) but its a good compromise.;The app is giving much more than most of the rest notetaking apps out there at the free tier.;0;0
iteration_5;MixNote NotePad Notes;PRODUCTIVITY;90e9b08b-fe37-4fc7-bf85-64b25e5fba7d;1;Oct 02, 2017;3;f_482;"A commendable note taking app overall. I just don't like downloading AppLock, a whole another application to lock my notes; many note taking app provides in app locking of individual notes and some encryption too. I agree it gives you extra downloads but I would rather not download an app lock because I don't need or use it. Otherwise it's a pretty good app, clean minimalistic design, smooth transition and animations, though UI needs a little bit of tweaking here and there. I would give a perfect five if the AppLock thing is resolved.";"I just don't like downloading AppLock, a whole another application to lock my notes; many note taking app provides in app locking of individual notes and some encryption too.";0;0
iteration_5;Huawei Health;HEALTH_AND_FITNESS;cf22ecf8-6cc8-4137-a4d6-4db4f8cc4e41;0;May 07, 2022;1;f_360;It dosn't sync or connected with any calorie counting apps such as mfp ... it's just a pice of junk if you don't update your softwear to sync with sny calorie counting apps , and also not all features working with samsung phones;It dosn't sync or connected with any calorie counting apps such as mfp ... it's just a pice of junk if you don't update your softwear to sync with sny calorie counting apps , and also not all features working with samsung phones;0;0
iteration_5;Status Saver - Video Download;PRODUCTIVITY;dac7bbf5-394f-4842-b13f-fb484e095853;4;Jul 14, 2022;4;f_67;No problem with this app. Only issue is it takes time to download your video online if you have a router connection no worries then and shows Ad at every download so just want you to look after these things. Otherwise very good app. Even you can download other catagory videos online rather than a status video;Even you can download other catagory videos online rather than a status video;0;0
iteration_5;CoPilot GPS Navigation;MAPS_AND_NAVIGATION;bd7fea09-a4fc-4daf-aec5-c88792dc7e3d;0;Aug 27, 2022;5;f_164;An excellent gps which always gets me where I need to go without needing to be online (Samsung Galaxy Tab S2 Android 7.0);An excellent gps which always gets me where I need to go without needing to be online (Samsung Galaxy Tab S2 Android 7.0);0;0
iteration_5;GTasks: Todo List & Task List;PRODUCTIVITY;73faba21-a16f-4203-9ade-c300e69901b5;3;Mar 26, 2021;1;f_257;I used the premium app for many years but recently it stopped syncing reliably. I tried the Google tasks app but didn't like the UI so I switched to Tick Tick which has a similar interface to GTasks, being from the same developer (even though I am mad at them for abandoning GTasks). Tick Tick doesn't sync to Google tasks but you can import them and it does sync across devices and with Google calendar.;Tick Tick doesn't sync to Google tasks but you can import them and it does sync across devices and with Google calendar.;0;0
iteration_5;Calendar Event Reminder;PRODUCTIVITY;70cbc21d-7f90-498c-a8d0-3da47b27f0c3;4;Oct 20, 2021;5;f_96;This app is great. It works, but tends to break because of changes outside of the authors control. The most recent issue I had was Samsung decided in one of their updates to link notifications status to the calendar status of the built-in calendar (which I don’t use). I noticed my notifications stopped working. After emailing the author, we determined that if I enable my Exchange calendar (which is synced using an app called Nine) in the built-in calendar things might start working again. And they did. Prior to that, Samsung added deep sleeping app and turned the feature on by default. I had to disable the feature, then remove all app from the various sleep lists. This is because even if you disable sleeping apps feature it keeps working if there are apps on any of the sleep lists. Don’t give this app lower than 5 stars. This app does one thing and does it well as long you put in the work at figuring out what kind of shenanigans your phone maker has decided to implement without publicly documenting the changes.;After emailing the author, we determined that if I enable my Exchange calendar (which is synced using an app called Nine) in the built-in calendar things might start working again.;0;0
iteration_5;Samsung Notes;PRODUCTIVITY;2ab21d05-f9bf-4b1b-a3c7-de7bd1a5990e;0;Jul 11, 2022;5;f_40;Hands down the best handwritten notetaking app available. Wide range of features and quick sync. All are free, but you do have to buy Samsung devices to use this app, so there's that.;Hands down the best handwritten notetaking app available.;0;0
iteration_5;True Phone Dialer & Contacts;COMMUNICATION;30dc0a1b-4509-4286-84c4-6ff0a0ecf863;0;Sep 22, 2021;3;f_51;App Is Fantastic But It Needed Direct Video Calling Feature. They mentioned About video Calling in lab Settings bt there is no button for video calling kindly work on it.;App Is Fantastic But It Needed Direct Video Calling Feature.;0;0
iteration_5;Fitbit;HEALTH_AND_FITNESS;ecac045f-dfe7-4a65-b59d-a2cd593ca9d9;1;Sep 15, 2022;1;f_133;App has stopped syncing automatically unfortunate I was really starting to like it. I use to be able to see my text messages and phone calls without actually touching my phone. But the constant no phone connection is BS either to need... I'll be looking for a replacement;I use to be able to see my text messages and phone calls without actually touching my phone.;0;0
iteration_5;CoPilot GPS Navigation;MAPS_AND_NAVIGATION;2e625bfd-5e33-44c0-913a-337fa542d6bd;0;Aug 07, 2022;5;f_26;One of the best GPS navigation aids for cars.;One of the best GPS navigation aids for cars.;0;0
iteration_5;Squid: Take Notes, Markup PDFs;PRODUCTIVITY;ad8f1bef-df4a-4bfa-8adc-7882fa7486f4;2;Sep 10, 2022;4;f_261;"Almost best app. I miss two things in this app. First is the OCR and ""writing to text"" conversion ability not being present in the app, and second is that ""search of the hand written text"" is also absent. Else I like it's ability to annotate PDFs and the ability of adding pages in between the PDFs as per your wish, and managing the orders of the pages is also good. File management is also good.";"First is the OCR and ""writing to text"" conversion ability not being present in the app, and second is that ""search of the hand written text"" is also absent.";0;0
iteration_5;Truecaller: Caller ID & Block;COMMUNICATION;54b3c877-96c2-4c82-aa14-fd208726a4d4;0;Sep 10, 2022;4;f_241;Makes call hungs;Makes call hungs;0;0
iteration_5;Cute Note DDay Todo;PRODUCTIVITY;5dd88f58-53c9-4bc2-86bd-cc3dc1b523a6;0;Nov 18, 2021;4;f_301;It's an awesome app I use it to write to do list;It's an awesome app I use it to write to do list;0;0
iteration_5;SMS Backup+;TOOLS;5956036c-9db2-47f5-9fd4-804aaf7eb0b1;1;Oct 24, 2021;1;f_479;Pretty dumb that it only allows Gmail as the backup destination. Why not local storage?;Why not local storage?;0;0
iteration_5;Event Alarm Reminder for Googl;TOOLS;6f813709-90e2-46a0-91cf-bf5545d80453;0;Jun 13, 2022;1;f_109;Calendar sync is not happening;Calendar sync is not happening;0;0
iteration_5;Repeat Habit - Habit tracker f;PRODUCTIVITY;6f04c0f9-b201-40cd-853d-e2521cd03e5d;1;Sep 24, 2020;5;f_7;Great app! This is the best Habit tracker I've seen;This is the best Habit tracker I've seen;0;0
iteration_5;OurHome – chores, rewards, gro;LIFESTYLE;a11e2e2e-b174-47aa-9e25-a4eef5a5a2d1;2;Nov 04, 2020;5;f_330;I've tried LOTS of family organisers and this is by far the best imo. It has a few bugs and could do with a few more features like widgets and calender integration but that said, this is a truly free app. There is no subscriptions, NO adds and no in app purchases. It seems if its loaded up with too much content it tends to slow down so I decided to use a different app for groceries and has worked perfect since. I would gladly pay for this app if that meant it became more robust.;There is no subscriptions, NO adds and no in app purchases.;0;0
iteration_5;Squid: Take Notes, Markup PDFs;PRODUCTIVITY;a8f47fca-b68c-45d8-a0a3-a194a4f006e4;1;Sep 06, 2022;5;f_399;Best note taking app! It has cloud storage, annotation and note writing services. You can copy and paste your own notes to pdfs too. It's fast but all of it works in premium version which costs a reasonable amount in my opinion (Rs 65/month);It has cloud storage, annotation and note writing services.;0;0
iteration_5;MixNote NotePad Notes;PRODUCTIVITY;35e50c81-f314-42f6-9f06-efc3743620ba;0;Jan 27, 2021;5;f_30;I think it would be the best notes app if online backup/cloud sync feature really works... please solve the issue. Failing to connect with Gmail...💔;I think it would be the best notes app if online backup/cloud sync feature really works... please solve the issue.;0;0
iteration_5;Messages App: Sms & Messaging;TOOLS;e8373d9a-434e-4fd0-ae3e-c2dcd7b89986;0;Sep 06, 2022;1;f_117;29 seconds I have to see an ad to read a message Unbelievably disgusting;29 seconds I have to see an ad to read a message Unbelievably disgusting;0;0
iteration_5;Stuff - To Do List Widget;PRODUCTIVITY;2da6b663-c4e6-4606-a449-5f0775fc332f;6;Jan 10, 2022;4;f_126;This is a very good and minimalist to do app. The app is so simple yet good enough. Thank you developer. You have stated that there is no option to add task at the main app as it is a widget app. I do know that. But I am requesting you to give an option to add tasks in the app itself. As there are some launchers out there those do not give widget option for the app. Yet we want to use this app for its simplistic approach to manage daily tasks. If you consider this suggestion it would be great.;As there are some launchers out there those do not give widget option for the app.;0;0
iteration_5;minimalist phone: Productivity;PRODUCTIVITY;71250425-9dc7-4174-b4a6-b2676226896d;0;Aug 30, 2022;5;f_140;Great addition to my daily workflow, any predicited inconveniences were negated upon consistent application, in use approximately 2 months.;Great addition to my daily workflow, any predicited inconveniences were negated upon consistent application, in use approximately 2 months.;0;0
iteration_5;Loop Habit Tracker;PRODUCTIVITY;a28f6914-7a56-4b10-b4ef-839fd91fca14;0;Jan 28, 2022;5;f_499;My favorite habit tracker ever! I love that there are no ads, it's so clean and has so many customizable features. Love love love;My favorite habit tracker ever!;0;0
iteration_5;Google Find My Device;TOOLS;cceb26d3-72f7-4872-9129-bf008eab33d4;3;Sep 13, 2022;1;f_197;"Android automatically removes the GPS permissions after a time. This app has no functionality to prevent that. The app is by nature not opened regularly and rendered completely useless if the permissions are removed because you ""haven't opened it in a while"". I've contacted Google support and I just get canned responses detailing how to check app permissions in settings but don't address the issue. I'm hoping they react to this being a bad review since the normal channels are ineffective.";I've contacted Google support and I just get canned responses detailing how to check app permissions in settings but don't address the issue.;0;0
iteration_5;MAPS.ME: Offline maps GPS Nav;TRAVEL_AND_LOCAL;3e176405-8a63-4f4e-92d6-a7f70902d59e;3;Jun 17, 2022;3;f_252;I found this to be an excellent APP with my old phone (Samsung Android version 9). It was working extremely well. I especially liked the bookmark feature. For some strange reason, after switching to my new phone (Samsung Android version 11), I am not able to use it offline. When I have Wi-Fi access, it is OK. When I don't have WiFi access , it becomes totally dead. I tried to uninstal and re-install again, it worked once. But then , it became dead again. Very frustrating! Can Maps.Me help!;For some strange reason, after switching to my new phone (Samsung Android version 11), I am not able to use it offline.;0;0
iteration_5;Weather data & microclimate :;WEATHER;2feae142-2a6f-41ed-8016-39f20f9a1b89;0;Jul 27, 2022;3;f_3;Better crowdsourced;Better crowdsourced;0;0
iteration_5;Step Counter - Pedometer King;HEALTH_AND_FITNESS;f340bb6d-7bbb-4af2-af76-d6799081430a;0;Aug 16, 2022;5;f_360;I am a big fan of calorie counting and the better I know what I'm eating the more likely it is that I'll have healthy weight and diet. This app is great because I can log my steps, walk, run and calculate calories, fat grams and protein intake.;I am a big fan of calorie counting and the better I know what I'm eating the more likely it is that I'll have healthy weight and diet.;0;0
iteration_5;Material Notes: Colorful notes;PRODUCTIVITY;d7d109d7-9e8a-44f5-85ca-0249697f1d39;0;Feb 24, 2018;5;f_23;The most simple and elegant notes app in material design!;The most simple and elegant notes app in material design!;0;0
iteration_5;Macros - Calorie Counter;HEALTH_AND_FITNESS;ae59024d-029b-4294-a936-ae0b55ae9dfa;0;Jul 26, 2022;5;f_143;Finally a simple calorie and macro tracker! No need for an account, no adds, no hard push for a premium subscription. Just a simple app for a simple task. THANK YOU!;Finally a simple calorie and macro tracker!;0;0
iteration_5;Goal Meter: Goal Tracker, Habi;PRODUCTIVITY;65dde007-0097-433a-b098-d2c08aa94c95;1;Sep 21, 2021;5;f_52;So far so good !! Not sure how to receive push notification reminders though.;Not sure how to receive push notification reminders though.;0;0
iteration_5;WhatsApp Messenger;COMMUNICATION;ef82b9b1-0a0c-4184-8897-6c3a6e988ef0;1;Sep 13, 2022;1;f_54;"WhatsApp should work more on errors like ""Something went wrong with your chat history"" or many other errors... WA should be errors free & should also update privacy settings more so that we can have fingerprint lock on archived chats also, as we have it in order to open WhatsApp. Archived Chats should require finger print unlock or password unlock to open. And also last seen off option should be introduced in it. It will motivate people to leave fake apps like WhatsApp GB etc. Thank you ☺️";WA should be errors free & should also update privacy settings more so that we can have fingerprint lock on archived chats also, as we have it in order to open WhatsApp.;0;0
iteration_5;Weather Radar Widget;WEATHER;4502fae4-2638-4a58-b416-a277993ce487;1;Mar 23, 2022;5;f_472;I've had this app on my phone for one year now, after the dev for the last app I used wouldn't offer support for issues I was experiencing. I like being able to remain anonymous online, and the Weather Radar Widget allows me to do that, without requiring my location and shoe size. The map can be used in the same fashion as Google maps, too. Double duty is a good thing. Kudos on the great work.;I like being able to remain anonymous online, and the Weather Radar Widget allows me to do that, without requiring my location and shoe size.;0;0
iteration_5;True Phone Dialer & Contacts;COMMUNICATION;4eb17455-728b-4062-a1ca-661c0350fb16;0;Feb 01, 2022;2;f_215;I downloaded this app for Call recording feature . Which now a days every phn has a google dailer to alert the Second person about call been getting recorded. But the sound or call that recorded is sooo craky and Half of the words are not been understandable.;I downloaded this app for Call recording feature .;0;0
iteration_5;Simple Contacts;TOOLS;29ef0add-f22f-488b-a9fb-d7b7bf79e96a;2;Jul 26, 2022;2;f_431;It's not a bad Contacts app, until you realise that you cannot import contacts from VCF file. The paid version allows this, and I highly recommend it. The only missing feature in the paid version is automatic backup and syncing.;The only missing feature in the paid version is automatic backup and syncing.;0;0
iteration_5;Pomodoro Timer;PRODUCTIVITY;8d807369-bac3-496f-a614-1756f23b288c;0;Jul 03, 2022;5;f_414;Simple and clean design, works perfectly. Love it :);Simple and clean design, works perfectly.;0;0
iteration_5;Google Keep - Notes and Lists;PRODUCTIVITY;f00b207f-ef71-43d0-b1db-c61cc46b845b;0;Sep 12, 2022;2;f_258;Please add text formatting, Good basic app for making notes;Please add text formatting, Good basic app for making notes;0;0
iteration_5;BlackNote Notepad Notes;PRODUCTIVITY;2c2e307b-a891-4c60-9c72-8b1a435d63c5;0;Aug 19, 2022;5;f_247;Good notetaking and checklist app;Good notetaking and checklist app;0;0
iteration_5;DontKillMyApp: Make apps work;TOOLS;b6eb224a-483c-4f06-934f-e69c374cb77a;0;Jul 03, 2021;5;f_156;It can breifly tell about multitasking and app functionality restrictions in my phone;It can breifly tell about multitasking and app functionality restrictions in my phone;0;0
iteration_5;SMS Backup+;TOOLS;b0f436c8-c176-4619-9f04-8d56bcae47f2;0;Nov 20, 2019;1;f_398;No longer can successfully connect to Gmail, rendering it useless! Worked so well for years.;No longer can successfully connect to Gmail, rendering it useless!;0;0
iteration_6;Sticker maker;TOOLS;6167ab66-3de9-4ec0-9f44-2439811e31c1;0;Jun 18, 2022;1;f_106;Joshi Traders cosmetics and garments whole sale and retail price show room;Joshi Traders cosmetics and garments whole sale and retail price show room;0;0
iteration_6;Samsung Notes;PRODUCTIVITY;51f9b166-78b5-428c-95a0-52511f4bacbf;0;Jul 20, 2022;4;f_42;note organization and viewing modes are clumsy and time consuming;note organization and viewing modes are clumsy and time consuming;0;0
iteration_6;BlackNote Notepad Notes;PRODUCTIVITY;51cee5b8-c692-4e9b-ab20-aa1c2e68f59f;1;May 26, 2022;5;f_67;Love it! Let's me keep important matters secret with the lock, if nothing else is exposed in the category & the title no one knows what's in there.;Let's me keep important matters secret with the lock, if nothing else is exposed in the category & the title no one knows what's in there.;0;0
iteration_6;Instagram;SOCIAL;4610fda5-2cb1-4977-bf78-bb5e0f2a1eb1;0;Sep 14, 2022;5;f_239;Wonderfull App for social networking;Wonderfull App for social networking;0;0
iteration_6;Todoist: to-do list & planner;PRODUCTIVITY;db867503-f32e-497a-b31c-bfaeb3dba9e4;1;Dec 16, 2021;1;f_247;Mandatory account? For a checklist? Please.;For a checklist?;0;0
iteration_6;Messages;COMMUNICATION;cd5d2c0b-ec6c-49fb-9ce8-0717cb8ed8f3;1;Sep 14, 2022;3;f_120;The last couple of days the app hasn't let me receive messages from some of my contacts. It's really starting to effect some of my relationships considering that my work contacts me a lot through text messaging;It's really starting to effect some of my relationships considering that my work contacts me a lot through text messaging;0;0
iteration_6;Always On AMOLED;PERSONALIZATION;5e5d47f0-df59-4209-974b-d6fe49439e9f;0;Jul 04, 2021;4;f_60;The notification icons are getting the text color regardless of selecting the app color option in the settings. Please fix this;The notification icons are getting the text color regardless of selecting the app color option in the settings.;0;0
iteration_6;Clock;TOOLS;cbea2259-746b-4dab-9509-c71f3e1a0611;0;Jul 25, 2022;1;f_236;Add Analog option for Miui 13 based on Android 12 Can not add analog clock widget...it does not show in widget menu... only digital and stacked option are available...;Add Analog option for Miui 13 based on Android 12 Can not add analog clock widget...it does not show in widget menu... only digital and stacked option are available...;0;0
iteration_6;Google Earth;TRAVEL_AND_LOCAL;aef374cd-26b4-4ca3-8f38-9c7122ba1c5c;0;Sep 09, 2022;5;f_499;Thank u for viewing rating favorite apppp;Thank u for viewing rating favorite apppp;0;0
iteration_6;Steam Chat;COMMUNICATION;3875267f-cceb-476e-9fd6-e04fcb5b49e3;1;Jan 03, 2022;2;f_85;Has no basic Android built in sharing option between this app and another app. You can't share videos, just pictures downloaded on your device. Videos posted on chats do not have sound, full screen does not work. For an app focused for social features and messaging it has barely anything here.;You can't share videos, just pictures downloaded on your device.;0;0
iteration_6;ColorNote Notepad Notes;PRODUCTIVITY;ac46de1d-53f8-4636-9b0f-0541ea4f11c4;1;Aug 20, 2022;5;f_82;It's very convenient to use. The advantage of being able to read and remember what you have to read offline is cool. It's cute. Also, it can use all the links. If it can separate changing font size and color type, better than now I think. It would be great. Anyway, thanks developer thanks.;The advantage of being able to read and remember what you have to read offline is cool.;0;0
iteration_6;Prioritize Me! - Goals & Todos;PRODUCTIVITY;57b9612b-23f5-4f07-a063-d125758ff675;0;Jun 17, 2018;5;f_502;"The impact of a simple ToDo rearranged on demand by simple comparison of 
each task to others, by choosing which is more important is amazing; 
awaiting an adon to drag and drop to further fine tune the priorities and 
maybe freeze 4 safety?";"The impact of a simple ToDo rearranged on demand by simple comparison of 
each task to others, by choosing which is more important is amazing; 
awaiting an adon to drag and drop to further fine tune the priorities and 
maybe freeze 4 safety?";0;0
iteration_6;Todoist: to-do list & planner;PRODUCTIVITY;6ecc00be-e3b2-48a1-bffe-0393ef0b2b59;2;Mar 17, 2022;4;f_110;"Good overall. I'd love to be in able to change which time of the day marks the change between ""Today"" and ""Tomorrow"". I go to sleep past midnight, so it means my todo list shows lots of recurring tasks for ""today"" that are actually meant for tomorrow. It'd be much nicer to be able to go to sleep with an emtpy list.";"I go to sleep past midnight, so it means my todo list shows lots of recurring tasks for ""today"" that are actually meant for tomorrow.";0;0
iteration_6;Prioritize Me! - Goals & Todos;PRODUCTIVITY;4c4c2c83-56bf-47c7-a59f-b9d8d109a6df;0;Nov 05, 2014;4;f_502;The only thing I would like changed in my usage so far is the ability to drag and drop items rather than going through the whole priority process again when you just want to add one item. Other than that solid app, will be using it a lot in future I think.;The only thing I would like changed in my usage so far is the ability to drag and drop items rather than going through the whole priority process again when you just want to add one item.;0;0
iteration_6;Brain Focus Productivity Timer;PRODUCTIVITY;375c8ff5-3dd8-41ca-b0e5-11a1509174b4;0;May 24, 2021;5;f_68;Nice Minimalistic app!;Nice Minimalistic app!;0;0
iteration_6;Huawei Health;HEALTH_AND_FITNESS;f357e443-3f47-428e-bdd9-ee27f558e3e8;2;Nov 30, 2021;1;f_398;Awful, just awful. Despite granting the app all the special permissions possible in Android 12, it will regularly drop the connection to the Honor band. Huawei's remedy (Google it so that you can see my experience is far from unique) is a joke rendering the product a waste of space. Xiaomi's bands and app are vastly superior.;Huawei's remedy (Google it so that you can see my experience is far from unique) is a joke rendering the product a waste of space.;0;0
iteration_6;Samsung Notes;PRODUCTIVITY;f4ecf340-d7b8-47a2-9021-65fb75638023;2;Jul 23, 2022;5;f_76;Very Helpful! I used to use a folded up piece of paper. I feel more comfortable keeping an app like this in a secured folder.;I feel more comfortable keeping an app like this in a secured folder.;0;0
iteration_6;Messenger Lite;COMMUNICATION;f660488d-0180-45b5-ab5e-a264f415f2f4;0;Sep 15, 2022;4;f_55;I a good app but i can't hide chats💔;I a good app but i can't hide chats💔;0;0
iteration_6;Doit.im for Android;PRODUCTIVITY;6148cf35-1cee-4de9-a362-6a4a76f824d8;1;Jan 17, 2017;3;f_497;The longer I've used it the more I find it lacking. To begin with, it lacks enough levels of subtasks, and more often than not it causes frustration when you try to plan something big and complicated. And then the email to task feature doesn't always work right, and that is definitely a pain for me, after losing several pretty important tasks. So I guess for those who heavily depend on to-do lists and advanced users, this probably is not the best tool.;To begin with, it lacks enough levels of subtasks, and more often than not it causes frustration when you try to plan something big and complicated.;0;0
iteration_6;Squid: Take Notes, Markup PDFs;PRODUCTIVITY;dab276a9-c29e-4762-9c18-696af67a317a;2;Jan 12, 2022;4;f_262;I do enjoy using this app, although I wish it could backup to filesystem so I can use syncthing to move this to my other devices. I'd generally preffer filesystem-like nesting structures for organizing. I think having a tagging feature and metadata export functionality would be really helpful. I don't like the billing model, I'd be fine with buying this for 50€ but 10€ anually feels a bit meh.;I think having a tagging feature and metadata export functionality would be really helpful.;0;0
iteration_6;Prioritize Me! - Goals & Todos;PRODUCTIVITY;59e2821d-d82b-4262-8617-cd590e8556ed;0;Jul 22, 2015;3;f_23;pls enable reprioritize manually and material design layout..  it would improve your apps.. and then I will start consider to buy the apps because it's awesome. =);pls enable reprioritize manually and material design layout..  it would improve your apps.. and then I will start consider to buy the apps because it's awesome. =);0;0
iteration_6;Signal Private Messenger;COMMUNICATION;9504bfb5-02d9-4406-89b0-190d8b57bdbd;0;Sep 14, 2022;5;f_468;The only actually secure and private messaging app. It's open source and actively audited by privacy and security experts.;The only actually secure and private messaging app.;0;0
iteration_6;Clock;TOOLS;92562102-73d1-4a96-89e0-fd99a7c4385a;1;Aug 27, 2022;5;f_236;Please add an option to show/hide the date from clock widgets. It's also part of at a glance widget and calendar.;It's also part of at a glance widget and calendar.;0;0
iteration_6;GTasks: Todo List & Task List;PRODUCTIVITY;7c1e279e-449f-4fda-a66a-b5aa2d1619bb;1;Jul 16, 2022;5;f_301;Great integration with Google tasks. Now that Google reminders are going away, I will use this app even more since it has date and time reminders which are missing from Google tasks. Also has a great widget so my to-do list is always on my home screen. Keeps all my lists up to date and always with me for shopping, to do list, places to visit, favorite wines to buy, etc;Now that Google reminders are going away, I will use this app even more since it has date and time reminders which are missing from Google tasks.;0;0
iteration_6;Water Drink Reminder;HEALTH_AND_FITNESS;971d35e4-2d63-4e72-8f2b-321e3331117d;2;Aug 03, 2022;5;f_437;Game changer! This app helps me drink the correct amount of water according to my current weight. I also love that I receive a reminder every hour to hydrate.;I also love that I receive a reminder every hour to hydrate.;0;0
iteration_6;Prioritize Me! - Goals & Todos;PRODUCTIVITY;eb70267f-a218-44ec-a6c1-448d92dc3d5c;1;Dec 20, 2021;5;f_156;Thank u! So helps with adhd's prioritizing and multitasking drama.;So helps with adhd's prioritizing and multitasking drama.;0;0
iteration_6;Strava: Run, Ride, Hike;HEALTH_AND_FITNESS;c2f4896a-07a0-4f79-8eb0-50924c66f573;2;Aug 08, 2022;4;f_67;This is how I stay regularly connected with my son. When I don't see a ride posted for a few days I know it's time to check in! I wish there was a mountain bike category.;I wish there was a mountain bike category.;0;0
iteration_6;Digital Wellbeing;TOOLS;b98a9460-bced-41d5-9792-234f08a57a9d;0;Sep 13, 2022;1;f_126;Would you rather uninstall updates for this app every day or reselect your default launcher every time you use the home button or clear open app? Better pick now because it's one or the other and you can't disable the app updates.;Would you rather uninstall updates for this app every day or reselect your default launcher every time you use the home button or clear open app?;0;0
iteration_6;minimalist phone: Productivity;PRODUCTIVITY;8827b047-4445-498c-8e4c-1e111cb559c3;1;Aug 28, 2022;3;f_126;Amazing idea, sadly i cant use it on my Huawei P30 lite. It says to go to apps - > launcher and such but doesnt work for me. It only makes me choose if i want to manage it automatically or manually Sad looked really cool and could have used it quite good;It says to go to apps - > launcher and such but doesnt work for me.;0;0
iteration_6;Huawei Health;HEALTH_AND_FITNESS;36267170-6255-4583-ab65-e6cf93f9ba04;0;Jan 31, 2022;4;f_235;It,s good, but cab be better by debugging connecting to other android devices, transfering weather data to band, and sharing data with Google fit without preventing by Google in the reson of privacy;It,s good, but cab be better by debugging connecting to other android devices, transfering weather data to band, and sharing data with Google fit without preventing by Google in the reson of privacy;0;0
iteration_6;BlackNote Notepad Notes;PRODUCTIVITY;456dafb2-13dc-401e-9a26-225110b75709;2;Nov 09, 2021;5;f_402;A good app to accommodate new words. Request > Can you add audio format for text (text to speech)🔥💯;Can you add audio format for text (text to speech)🔥💯;0;0
iteration_6;VeryFitPro;HEALTH_AND_FITNESS;9c9097f1-b40b-4460-9383-74e171460c35;1;Aug 16, 2022;1;f_9;Very unhappy with this app. It never really worked well from the beginning the sleep tracking is clearly off it says I sleep more then 8 hours a night when I def didn't and most frustratingly it's not tracking my steps well I feel like they are low on a good day but then other days the steps jump to hundreds of thousands of steps a day one day was 1.4 million clearly this is not possible. I've tried contacting the developer and have never heard from them. I'm looking for an alternative app.;It never really worked well from the beginning the sleep tracking is clearly off it says I sleep more then 8 hours a night when I def didn't and most frustratingly it's not tracking my steps well I feel like they are low on a good day but then other days the steps jump to hundreds of thousands of steps a day one day was 1.4 million clearly this is not possible.;0;0
iteration_6;MAPS.ME: Offline maps GPS Nav;TRAVEL_AND_LOCAL;6b9f0ac1-b87e-43ed-85bf-2ade8948545f;0;Sep 16, 2022;1;f_252;2022: the latest update completely broke bookmarks. Newlines show as raw html entities, cannot add newlines when editing, cannot click links. Developer ignores email. 2017: 1) Doesn't store data in the proper per-app path. 2) Navigation breaks if you turn off the screen. 3) Compass/arrow doesn't indicate correct orientation while navigating (can't tell which way you're facing without stopping nav). 2020: Three years after reporting both here & on GitHub, no progress made on any of these issues.;2022: the latest update completely broke bookmarks.;0;0
iteration_6;MSN Weather - Forecast & Maps;WEATHER;7ae44cdc-7113-4dac-bacb-3cf6a14734dc;3;Aug 24, 2022;1;f_498;Used to be the best weather app. Simple and useful. How could it have been improved? By adding gamification, of course! So now it became just another bloatware app. The latest victim of Microsoft's ongoing obsession of bundling all apps under the sun into one mastodon app.;By adding gamification, of course!;0;0
iteration_6;Magic Earth Navigation & Maps;MAPS_AND_NAVIGATION;3dd5cefa-8729-4067-8027-a9990be9d7e0;4;Jun 27, 2022;5;f_240;I use this app for delivery driving. The main positives are that it has a clean, fast and simple user interface. It uses openstreetmaps which are excellent and you can download entire countries onto your phone. I also find it's estimation of your heading to be more stable than gmaps or Waze. The routing and traffic information is not as good as Waze simply because they have as many users to collect data off. I recommend this app as an offline backup or 4 when you don't need the best routing.;The routing and traffic information is not as good as Waze simply because they have as many users to collect data off.;0;0
iteration_6;Google Play Console;TOOLS;f9371786-e28d-42f2-8db4-a6e518ae6a41;1;Mar 07, 2020;5;f_294;I loved this App but it would be great if it has All Features of the Website Look. Include Publishing (Uploading);Include Publishing (Uploading);0;0
iteration_6;Evernote - Note Organizer;PRODUCTIVITY;54685455-99e3-409b-8ed7-5f3281205e59;4;Sep 14, 2022;4;f_73;Love the features and UI design of this app. Very comfortable to take notes in and they offer plenty of deals on premium throughout the year. Personally do not need more than 2 device at the moment but I can see the utility. If I had to improve anything it would be compatability and sharing functions, not horrible but I feel that the exclusivity of the app forces you to jump through hoops to use these. Large file transfers can be time consuming.;Large file transfers can be time consuming.;0;0
iteration_6;To Do Reminder with Alarm;PRODUCTIVITY;4263dc3b-63c7-4eeb-9cf3-a2bda683d36f;0;May 11, 2022;5;f_437;Of all the reminders ive ever used. This one rocks superhard!!! Thanks whoever came up with this man. Love this app.;Of all the reminders ive ever used.;0;0
iteration_6;Samsung Notes;PRODUCTIVITY;488a4ab1-2944-4084-aee3-86ed4dad4a4e;3;Sep 03, 2022;5;f_451;Very good app, responsive, customizable, I use it to express ideas and take notes. I don't even have the S pen yet. I am looking forward to what I can do with that. I only wish my wife and I could be able to edit our shared notes together. Still no complaints.;I only wish my wife and I could be able to edit our shared notes together.;0;0
iteration_6;Home Workout - No Equipment;HEALTH_AND_FITNESS;962d0135-96c6-41da-b8bf-f706cd3cc3b0;0;Aug 12, 2022;5;f_492;This app is awesome,the best app for over health wellness,well done good job;This app is awesome,the best app for over health wellness,well done good job;0;0
iteration_6;True Phone Dialer & Contacts;COMMUNICATION;c83a6d57-4bea-40b8-b36d-f8fb16ede01b;0;Jul 27, 2021;5;f_210;Very Customizable! So far so good.;Very Customizable!;0;0
iteration_6;All-In-One Offline Maps;MAPS_AND_NAVIGATION;baf1527b-e4e6-4d0b-98a9-531d98166223;0;Sep 12, 2022;1;f_82;Where is it offline;Where is it offline;0;0
iteration_6;Galaxy Wearable (Samsung Gear);TOOLS;8eacf2f5-1df5-4785-8f09-705f81d9ec48;2;Jul 28, 2022;1;f_235;Why does Earbud app require location permission? It's an optional feature. The app does not even open without location permission, a clear violation of privacy.;The app does not even open without location permission, a clear violation of privacy.;0;0
iteration_6;KakaoTalk : Messenger;COMMUNICATION;ed214e28-e5fa-469a-9441-31db5c53e08f;1;Sep 05, 2022;1;f_52;Absolute rubbish app, the push notifications are extremely buggy and regularly displays a popup on the phone background every few minutes which states weak network connection which is both false and cannot be disabled. It would be great if the development team spent less time and effort on rubbish features such as additional stickers and emotions and prioritise fixing all the bugs in the app. Just poor development direction with no regards to tech uplifts.;It would be great if the development team spent less time and effort on rubbish features such as additional stickers and emotions and prioritise fixing all the bugs in the app.;0;1
iteration_6;Microsoft To Do: Lists & Tasks;PRODUCTIVITY;cce72739-bb43-4787-a025-f7e81f3e02b7;0;Sep 13, 2022;5;f_156;Great for multitasking, great for reminders, easy to use across both laptop and smart phone platforms.;Great for multitasking, great for reminders, easy to use across both laptop and smart phone platforms.;0;0
iteration_6;SMS Backup+;TOOLS;e33dc535-b3dd-433d-9e00-37130cc1cf9d;0;Jul 21, 2018;5;f_431;"This is a very useful app because Android backs up everything including 
contacts, photos and even wifi passwords to my Google account there is no 
way to automatically backup SMS messages! This app solves that problem with 
easy automatic backups happing in the background.";"This is a very useful app because Android backs up everything including 
contacts, photos and even wifi passwords to my Google account there is no 
way to automatically backup SMS messages!";0;0
iteration_6;My Shift Planner - Calendar;PRODUCTIVITY;2d50c518-ee08-40bd-9b87-ddc7daa36312;0;Aug 19, 2022;5;f_96;Does what it says, I use this app more than google calendar.;Does what it says, I use this app more than google calendar.;0;0
iteration_6;Todoist: to-do list & planner;PRODUCTIVITY;4f7ea29e-e59a-4ed6-bde9-3052b9eb9df7;1;Feb 23, 2022;5;f_319;"This is a literal Godsend. It has helped me finally feel in control of my time and actions. It's helping with my mental health, a lot. I'm using it with David Allen's ""Getting Things Done"", and it is helping me make an awesome change in my life.";It has helped me finally feel in control of my time and actions.;0;0
iteration_6;Notepad – Notes and Checklists;TOOLS;8b231143-5020-4b2c-bbac-955bb210ae0b;0;Sep 07, 2022;5;f_312;Other than the horribly unnecessary request for calls, contacts, and the like, great app. Used it for Persona 5 puzzles.;Other than the horribly unnecessary request for calls, contacts, and the like, great app.;0;0
iteration_6;Google Maps Go;TRAVEL_AND_LOCAL;9dec0a91-4184-429b-9f3a-84502ab23eeb;0;May 10, 2022;3;f_126;App launcher icon does not appear correctly. I can use the app but the icon just shows a default green Android icon instead of the actual Maps Lite icon on Android 7.;App launcher icon does not appear correctly.;0;0
iteration_6;Pomodoro Timer;PRODUCTIVITY;6492cbd5-9303-4345-aba6-c1256c5b05fe;0;Sep 15, 2022;1;f_60;Might have been OK, but it insists on running whether I want it to or not, and ALWAYS displays a notification telling me it's ready to use. There's no way to clear the notification. I don't need an app crying wolf at me all the time. Uninstalled.;Might have been OK, but it insists on running whether I want it to or not, and ALWAYS displays a notification telling me it's ready to use.;0;1
iteration_6;Pomodoro Timer;PRODUCTIVITY;574c38ab-e263-4dd2-a5aa-fd8522a6eb14;1;Dec 14, 2021;5;f_60;simple and effective. nice to have a timer that just makes a notification sound instead of continuous alarm sound;nice to have a timer that just makes a notification sound instead of continuous alarm sound;0;0
iteration_6;Galaxy Wearable (Samsung Gear);TOOLS;9192910a-871f-4b51-a2cd-a745cb8f83d7;1;Aug 15, 2022;5;f_133;I just love it. Never miss a phone call or text. Everything I need to keep my life easier and healthier;Never miss a phone call or text.;0;0
iteration_6;Just Run: Zero to 5K (and 10K);HEALTH_AND_FITNESS;465e5bb2-ee25-49ef-a34c-21bdd48cf4d4;2;Aug 08, 2022;5;f_498;A perfect app. Just Run does exactly what I want it to and nothing more. That includes no price tag, no invasive GPS tracking, no ads, no collecting data to sell, no social media gamification... In these days when every breath and blink is tracked and sold, Just Run is a minor miracle. Download this immediately and start taking better care of yourself, without being weighed down by ads and privacy invasions.;That includes no price tag, no invasive GPS tracking, no ads, no collecting data to sell, no social media gamification...;0;0
iteration_6;weather forecast;WEATHER;dbb552ce-1cf0-4b82-a9a3-d9e697575842;1;Apr 13, 2021;5;f_210;Excellent display of weather info & forecasts. Customizable to location - as specific as a street address. Works great. Very easy to use.;Customizable to location - as specific as a street address.;0;0
iteration_6;Weather data & microclimate :;WEATHER;a92eea57-3453-448e-8b63-5323457c6ec9;0;Sep 04, 2022;2;f_241;It says try sgain later too many times and they push scam AGW propaganda with the so called science blog! I deleted the app. Sad that other parts are good.;It says try sgain later too many times and they push scam AGW propaganda with the so called science blog!;0;0
iteration_6;To-Do List - Schedule Planner;PRODUCTIVITY;f040b00b-e79b-4c5c-b835-3ac3795341ef;0;Sep 14, 2022;3;f_432;"Are you aware your app description says ""Dairy"" and not ""Diary?";"Are you aware your app description says ""Dairy"" and not ""Diary?";0;0
iteration_6;Google Lens;TOOLS;385ddcdd-85bb-41b3-9c53-7b1a6c1e592e;1;Jul 25, 2022;5;f_261;So amazing and useful. I am old enough to remember when you had to buy OCR software for the scanners hooked up to PCs.;I am old enough to remember when you had to buy OCR software for the scanners hooked up to PCs.;0;0
iteration_6;Speech Services by Google;TOOLS;636b0bab-efde-432b-9712-5bcfb3805da6;0;Sep 09, 2022;1;f_402;never get text to speech it's working right now I'm quite shocked but it's always something the wrong words and it's always in the wrong language it's always transcribing against me it's always doing what it wants to do when I'm not doing it so please fix this to legit version certified protected don't update automatically ever thank you besides you know right now and my favor for the Google app store version protected certified only.;never get text to speech it's working right now I'm quite shocked but it's always something the wrong words and it's always in the wrong language it's always transcribing against me it's always doing what it wants to do when I'm not doing it so please fix this to legit version certified protected don't update automatically ever thank you besides you know right now and my favor for the Google app store version protected certified only.;0;0
iteration_6;Clock;TOOLS;82679cf1-a05c-4b69-bfec-4a5648a7416e;0;Jun 28, 2022;1;f_237;The alarm most of the times does not make sound but only vibrates. Having this issue since couple of months now.;The alarm most of the times does not make sound but only vibrates.;0;0
iteration_6;Make-A-List;PRODUCTIVITY;e523f918-c40a-4811-9bc6-f55508e2ee76;0;May 27, 2022;5;f_102;I USE THIS APP,FOR GROCERY LIST ETC...;I USE THIS APP,FOR GROCERY LIST ETC...;0;0
iteration_6;Severe Weather Alerts;WEATHER;b01d698e-d5f7-4711-803e-42f13f5125dd;1;Jan 28, 2022;5;f_67;As a weather enthusiast myself, I love the app. Amazing simplistic design, notifications, custom alert categories, and even safety tips. I'd say it's one of the best weather apps out there!;Amazing simplistic design, notifications, custom alert categories, and even safety tips.;0;0
iteration_6;Stuff - To Do List Widget;PRODUCTIVITY;5ca02865-1d89-45f3-a107-e7af8a96ed44;0;Jan 08, 2022;4;f_497;Can we pls get the ability to add Subtasks? Would be super awsm.;Can we pls get the ability to add Subtasks?;0;0
iteration_6;MAPS.ME: Offline maps GPS Nav;TRAVEL_AND_LOCAL;357861df-b652-4ae1-b99b-c1838a25c070;0;Aug 07, 2022;1;f_26;"Until July 2022 Maps.me was the best GPS navigation tool. It worked off line, enabled places to be ""saved"" and was easy to use. The ""upgrade"" in July 2022 seems to have removed the ability to determine location when off-line and the 'search' function no-longer works. The App no longer meets my needs. Can we have the old version back please.";Until July 2022 Maps.me was the best GPS navigation tool.;0;0
iteration_6;OnePlus Weather;WEATHER;573324ab-17b9-422f-a4d5-030840f28f3c;0;Apr 17, 2022;1;f_164;Current location not showing gps on...;Current location not showing gps on...;0;0
iteration_6;ColorNote Notepad Notes;PRODUCTIVITY;e3c0020a-e023-4924-aa94-4218f93c7052;2;Aug 14, 2022;3;f_247;please add some futures : 1- add an attachment ( an image ) with note. 2- be able to record in the note. 3- Be able to copy a checklist as a new note ( Like save as ) in pc.;3- Be able to copy a checklist as a new note ( Like save as ) in pc.;0;0
iteration_6;ColorNote Notepad Notes;PRODUCTIVITY;cabd5d4d-dcd4-4f32-8de5-90c076d5741f;0;Aug 11, 2022;5;f_247;Color notes is simple and easy to use you can make a checklist or just a regular text and save it I definitely recommend this app if you want simple easy to use way to put notes down quick this is your app 👍;Color notes is simple and easy to use you can make a checklist or just a regular text and save it I definitely recommend this app if you want simple easy to use way to put notes down quick this is your app 👍;0;0
iteration_6;miMind - Easy Mind Mapping;PRODUCTIVITY;8d894258-488d-4afe-9e1e-3c71a659d6f5;2;Oct 29, 2021;4;f_30;"Of all the similar apps I have tried, I like this one the most. Most intuitive intrrface and progression of customization options. I bought the full app ASAP; about $7 or so for cloud sync ability. Purchase also gives access to additional devices and palettes / themes. Very happy with this app and my purchase. Strong contender for the rare 5 star (keep forever) status.";"I bought the full app ASAP; about $7 or so for cloud sync ability.";0;0
iteration_6;Macros - Calorie Counter;HEALTH_AND_FITNESS;40c005bb-3151-46a9-9403-7dbd21cf5717;3;Apr 26, 2022;5;f_143;A simple app. Simple to use to track macros. I love the scan option. It allows me to scan my favorites w/o having to look up each time.;It allows me to scan my favorites w/o having to look up each time.;0;0
iteration_7;Clock;TOOLS;abb3a587-f158-480f-a789-751e13160216;0;Jun 28, 2022;2;f_237;Alarm doesn't sound even though it should. Timer beeps, but set alarms go silent.;Alarm doesn't sound even though it should.;0;0
iteration_7;Pomodoro Timer;PRODUCTIVITY;e9c4a5a1-a2b5-4448-b506-98ac4fb6f567;2;Jul 24, 2022;5;f_140;Just what I needed. A reliable timer and nothing else. Great way of tracking my workflow and project timeline;Great way of tracking my workflow and project timeline;0;0
iteration_7;Google Tasks;PRODUCTIVITY;dbf60e06-afe8-4426-a5ae-d6ed725a7256;1;Sep 15, 2022;5;f_94;Simple UI that provides exactly what you need. Excellent Task management I use almost daily.;Excellent Task management I use almost daily.;0;0
iteration_7;Make-A-List;PRODUCTIVITY;2b6c4ad2-2d28-451f-85cc-078d6e4a9267;3;Sep 05, 2022;5;f_121;I'm a minimalist. Suits me well using the free version. Ads are discreetly laid out at the bottom screen and are not bothersome. Maybe a simple calendar feature for scheduling meetings and appointments would help.;Maybe a simple calendar feature for scheduling meetings and appointments would help.;0;0
iteration_7;Step Counter - Pedometer King;HEALTH_AND_FITNESS;95def3d1-b960-47cc-8b56-620a56694761;1;Sep 11, 2022;5;f_492;This is the first pedometer I've used that I didn't have to do any conversions with. It's very easy to use and it's a great tool for my wellness routine.;It's very easy to use and it's a great tool for my wellness routine.;0;0
iteration_7;Strava: Run, Ride, Hike;HEALTH_AND_FITNESS;8b3f5c8b-0117-42a3-9a9b-7d7820ccb1b8;0;Sep 05, 2022;2;f_403;The only thing it offers different or better than Samsung health cycling or the Samsung health app is the Watts.. who cares. In the Samsung health app gives you some more information than this app does for a lot of the exercises like cycling. AND THE SAMSUNG HEALTH APP IS FREE!! NOT PAYING $69 A YEAR SORRY!! Try the Samsung health app you'll love it.. Not to mention it got rated much higher than Strava in reviews. 88 points for Samsung health only 54 for strava..;The only thing it offers different or better than Samsung health cycling or the Samsung health app is the Watts.. who cares.;0;0
iteration_7;GPS Map Camera;TRAVEL_AND_LOCAL;b9bf935e-1dde-425a-bcb7-750debbea160;0;Nov 05, 2021;5;f_262;Very good app for JIO tagging in govt's tagging development works.;Very good app for JIO tagging in govt's tagging development works.;0;0
iteration_7;Google Keep - Notes and Lists;PRODUCTIVITY;f0e5c6b8-8123-4c0d-9471-4dc2fb7f3d08;0;Sep 01, 2022;4;f_258;Good app but please atleast add basic text formatting options like bold and italics.;Good app but please atleast add basic text formatting options like bold and italics.;0;0
iteration_7;Viber - Safe Chats And Calls;COMMUNICATION;7ab074a5-ddb2-4f46-ab75-0fb1b58a5e0e;0;Sep 12, 2022;5;f_310;VIBER IS EXCELLENT IN ENCRYPTED COMMUNICATION;VIBER IS EXCELLENT IN ENCRYPTED COMMUNICATION;0;0
iteration_7;Brain Focus Productivity Timer;PRODUCTIVITY;4c4b43d2-5569-47ef-80ac-5df073dc6985;2;Jun 17, 2021;4;f_475;I'm pretty happy with this app. The only thing that I dislike about the app is that I cannot sort tasks or categories, if I drag them into the order I want, the next action within the app undoes it. On a positive note I really like that I export to Excel and analyze the data. I'm looking foward to the results once I get better at using the app throughout the day.;On a positive note I really like that I export to Excel and analyze the data.;0;0
iteration_7;Loop Habit Tracker;PRODUCTIVITY;83190a04-b2e2-4a36-a8e3-2dbc691823d1;1;Jan 19, 2022;5;f_63;A very friendly interface if this app latest update is really very amazing. If u add stopwatch feature in it. It would be really amazing.;If u add stopwatch feature in it.;0;0
iteration_7;Calendar Event Reminder;PRODUCTIVITY;c86d1b8d-64bb-4239-80a1-9152b078ce8d;5;Sep 14, 2021;1;f_237;"Unreliable. Paid version, 2-4mo use. Missed alarms intermittently. I have ouble checked battery optimization on my Pixel 3, and this app and pro version are both ""Not Optimized"". Yet sometimes it doesn't go off. I missed an important early meeting and I've watched a notification popup without alarm while using my phone. Features missing: Needs keyword exclusions, longer alarm times, logs ...";I missed an important early meeting and I've watched a notification popup without alarm while using my phone.;0;0
iteration_7;Kik — Messaging & Chat App;COMMUNICATION;741448d0-8a0a-40de-8497-321b75d9b918;0;Sep 05, 2022;1;f_220;only 6/15 meet new ppl was real the rest was chat bots.. reporting the Spam is ignored as well...;only 6/15 meet new ppl was real the rest was chat bots.. reporting the Spam is ignored as well...;0;0
iteration_7;Codo: Shared Todo-Lists & Remi;PRODUCTIVITY;ec18b7ef-392d-4d4c-89e2-bc148bcb394a;0;Dec 01, 2021;5;f_180;Good app for team work but it should have a notification when a new assignment is assigned or task is completed.;Good app for team work but it should have a notification when a new assignment is assigned or task is completed.;0;0
iteration_7;Loop Habit Tracker;PRODUCTIVITY;601b93f6-edf9-4cf3-b03d-011ed0334311;1;Feb 21, 2022;5;f_497;"Great app 👍🏻👍🏻👍🏻👍🏻👍🏻 I have a suggestion: A habit with subHabits Assume that I have to practice 6 kinds of workout in order to heal my neck injury... So, that would be greate if I could create a habit named ""neck workouts"" consist of 6 subTasks. At the end of the day, my habit will be done if all of its subhabits checked";"So, that would be greate if I could create a habit named ""neck workouts"" consist of 6 subTasks.";0;0
iteration_7;10K Running: 0-5K-10K Training;HEALTH_AND_FITNESS;a8cdaece-8be3-4f3f-97e8-b45bffaa78da;1;Jul 27, 2020;5;f_506;Great app! I use it all the time on the treadmill and free running. It has gradual steps to increase run time and you can go at your own pace by redoing any day once you feel you're being challenged.;I use it all the time on the treadmill and free running.;0;0
iteration_7;Loop Habit Tracker;PRODUCTIVITY;7d98edd8-2ac5-4451-89dd-d9d42b7d25d5;0;Sep 17, 2021;5;f_115;Great Habit Tracker without Ads. Would love to see a setting to have some habits automatically tic themselves. For tracking something like days having not done something etc.;Great Habit Tracker without Ads. Would love to see a setting to have some habits automatically tic themselves.;0;0
iteration_7;Instagram;SOCIAL;f43c4e64-6e46-454f-9686-adb40e821453;0;Sep 15, 2022;5;f_55;Super please hide chat option release;Super please hide chat option release;0;0
iteration_7;Samsung Notes;PRODUCTIVITY;82e5216f-6fde-45f1-9562-edefca18f454;2;Aug 19, 2022;5;f_283;"I love samsung notes, its quick. If I need some important info, I open it up, type, it autosaves, so i just exit, thats it. I dont get bogged down with pop-up questions, or suggestions, or tutorials, it just works; thats what I want, and thats why I use it.";"I dont get bogged down with pop-up questions, or suggestions, or tutorials, it just works; thats what I want, and thats why I use it.";0;0
iteration_7;Weather data & microclimate :;WEATHER;c7d0066d-ecc4-4055-bd71-f2d568b7463f;1;Jul 26, 2022;1;f_140;The app has been changed in some way or now hosts advertisements which stop all other sound sources from your device while this app is open. This hijacking of the device soundstream is unchangeable and intolerable for me as I find it very disruptive to workflow. Finding a different app for weather data. Thanks folks at Wunderground!;This hijacking of the device soundstream is unchangeable and intolerable for me as I find it very disruptive to workflow.;0;0
iteration_7;Huawei Health;HEALTH_AND_FITNESS;8573c4e7-9f04-4afb-b8eb-12586590abba;3;Jul 02, 2022;1;f_133;I use it with a smart scale but don't like the app. It asks for too many permissions. Location? Phone calls? To use a smart scale? But even after giving permission, it stopped pairing with the scale, but it used to be bugous anyways. I just uninstalled.;Phone calls?;0;0
iteration_7;Joplin;PRODUCTIVITY;807b87e3-4575-48da-b1d7-3fb79f2363e3;0;Aug 14, 2022;5;f_482;I was looking for encryption and transparency for my notes so no one steals my info cause I do not trust Google notes;I was looking for encryption and transparency for my notes so no one steals my info cause I do not trust Google notes;0;0
iteration_7;OnePlus Health;TOOLS;601c451a-1b81-4b86-8617-0fbfd0fd54de;0;Jul 03, 2022;1;f_183;It shows steps in mobile app notification but not in app when we open it.;It shows steps in mobile app notification but not in app when we open it.;0;0
iteration_7;WhatsApp Wallpaper;PERSONALIZATION;a4dd318b-3e8f-4299-8c6c-db83d6bb256f;0;Nov 08, 2020;5;f_482;WhatsApp App Is Fantastic, Music Video's Play On Video in Picture Format View Video In Application Without Exiting WhatsApp Is Five Star Excellent, Especially Being End To End Encryption, Owned By Facebook And Supposedly Facebook Can't Even Read It... Well That Remain's Too Be Seen... Application Itself Is Five ☆;WhatsApp App Is Fantastic, Music Video's Play On Video in Picture Format View Video In Application Without Exiting WhatsApp Is Five Star Excellent, Especially Being End To End Encryption, Owned By Facebook And Supposedly Facebook Can't Even Read It... Well That Remain's Too Be Seen... Application Itself Is Five ☆;0;0
iteration_7;Steam Chat;COMMUNICATION;6b873139-bde5-4cf3-b6a2-f9dc5bdb1755;1;Dec 29, 2021;4;f_174;*Edit 28/12/21, Okay so I have recently redownloaded this app and the problem has now be fixed, so I can now recommend it. (Old) Steam Chat keeps on closing whenever I try to add a picture to one of the chats with my friends, it was the only reason I download it was so I can send memes to my friends when I am not on my PC. Also this app doesn't have much else going for it other then having a bit better chat system then the main Steam app. I will keep this score on it until they fix the bug.;(Old) Steam Chat keeps on closing whenever I try to add a picture to one of the chats with my friends, it was the only reason I download it was so I can send memes to my friends when I am not on my PC.;0;0
iteration_7;Google Keep - Notes and Lists;PRODUCTIVITY;8f258dca-c884-43b3-81bd-d3e4daecd836;0;Aug 29, 2022;2;f_245;It's good but there is a option needed export to HTML file .. please;It's good but there is a option needed export to HTML file .. please;0;0
iteration_7;Telegram;COMMUNICATION;a715ce44-92ce-491e-b707-3e6b9991bc6c;0;Sep 03, 2022;1;f_74;Secret chat immages don't show up just a blank screen or if you just set timers they are all blurred;Secret chat immages don't show up just a blank screen or if you just set timers they are all blurred;0;0
iteration_7;Google Keep - Notes and Lists;PRODUCTIVITY;5b6887bd-f218-4e1a-b26f-c3786259ae72;0;Sep 09, 2022;4;f_399;Google Keep 📒📝 is an E-Note App where we can save all our written subjects and records safely and securely in cloud storage system offered by 🌐 Google.;Google Keep 📒📝 is an E-Note App where we can save all our written subjects and records safely and securely in cloud storage system offered by 🌐 Google.;0;0
iteration_7;Daybook - Diary, Journal, Note;LIFESTYLE;ddb188d5-61ec-4ca0-ab1d-519d72e1f355;0;Jul 19, 2022;1;f_262;Unfortunately pretty much all of the features including tagging are hidden behind premium;Unfortunately pretty much all of the features including tagging are hidden behind premium;0;0
iteration_7;Waze Navigation & Live Traffic;MAPS_AND_NAVIGATION;ad2af358-b79a-46b8-901e-acf6945fe264;0;Sep 07, 2022;5;f_3;It's indispensable for its crowdsourced reporting. It is kind of quirky, but I can live with that. It does tend to reroute quite frequently which can be a tad annoying, and occasionally tries to make me do physically impossible turns, but all in all is my favourite nav app.;It's indispensable for its crowdsourced reporting.;0;0
iteration_7;Loop Habit Tracker;PRODUCTIVITY;8cb58576-53c1-4c7e-8491-0743bfd410d0;5;Jul 15, 2022;5;f_330;Love it! Very simple but very functional. Developer put all the efforts to make habit tracking effortless. You don't have open app to fill data. Most loving feature is its notification part it's exactly what I wanted (and I did even knew I wanted it). No ads, no subscription completely free.;No ads, no subscription completely free.;0;0
iteration_7;MixNote NotePad Notes;PRODUCTIVITY;eeb34aa7-ba1e-45a2-aafd-f50f187450ae;0;Jun 15, 2021;1;f_30;Okay the cloud sync was atleast working before , but now it barely functions. You can not choose your backup location so basically you will HAVE TO deal with the fact that all your data is going to be lost for ever if you plan to format phone, uninstall the app or even migrate to a new device.;Okay the cloud sync was atleast working before , but now it barely functions.;0;0
iteration_7;Doit.im for Android;PRODUCTIVITY;c16c9374-9be8-4981-b099-072c57827b4b;3;Apr 21, 2020;1;f_497;Can no longer email tasks to Doit.im with Pro account. Hard drives may be full up. Last international maintenance announcement was 01/01/2018. It was an excellent GTD app, sortable next actions and subtasks, integrate evernote, email, and gcal, widgets to make it front and center. Native desktop apps and review. Very competitive yearly cost for extras. But seems the development has not been very active with it anymore. 😣;It was an excellent GTD app, sortable next actions and subtasks, integrate evernote, email, and gcal, widgets to make it front and center.;0;0
iteration_7;Kik — Messaging & Chat App;COMMUNICATION;d01a4e60-2be6-4093-b86a-a9ba0b401a6b;0;Aug 30, 2022;1;f_220;"I haven't been able to use the meet new people or group functions for a few weeks, when I went to support I couldn't find a category to help me and contacting support only showed me options that weren't fitting of what issues I've had. Contact support usually means contacting support, not sending an automated message saying that ""no further action will be taken""";I haven't been able to use the meet new people or group functions for a few weeks, when I went to support I couldn't find a category to help me and contacting support only showed me options that weren't fitting of what issues I've had.;0;0
iteration_7;MixNote NotePad Notes;PRODUCTIVITY;d5ba9d1d-381f-4123-8c74-2845da0a3d60;0;Sep 25, 2020;4;f_126;The app is really nice it is good, but that is not what I am leaving a comment, I am leaving one to tell the dev of this app to pleas pleas bring back Anole launcher, pleas. It was a really good launcher and I liked it allot, I don't know why you took it out, but pleas bring it back thanks, other than that the app is 5 stars I left a 4 to get your attention, but PLEAS bring it back thanks, your other apps are also really useful and I will recommend them to other people.;The app is really nice it is good, but that is not what I am leaving a comment, I am leaving one to tell the dev of this app to pleas pleas bring back Anole launcher, pleas.;0;0
iteration_7;SMS Organizer;COMMUNICATION;6d0c82b4-df7c-466e-95bd-f09205c6ee1b;0;Sep 10, 2022;4;f_118;Why I don't get notifications on app also like other messaging apps.;Why I don't get notifications on app also like other messaging apps.;0;0
iteration_7;Google Play Console;TOOLS;6097c445-2867-429c-be40-360f3a80664e;3;Aug 17, 2019;5;f_294;See app statistics, receive change notifications, reply to reviews. Access your Google Play Console data from your Android device. Review your app's performance statistics and financial data.Be notified about your app's status and publishing changes. Read and reply to user reviews on the go.Manage orders and refunds.View statistics by custom date range,with richer breakdowns and hourly data.Ratings now also show averages and cumulative totals.tell me more optional.deceptive add.content in Englis;Be notified about your app's status and publishing changes.;0;0
iteration_7;Pomodoro Timer;PRODUCTIVITY;469a532a-e73e-4114-adb3-3541d61df9d9;1;Jan 26, 2022;5;f_210;This is the perfect Pomodoro timer for my needs. Customizable, you can skip timers by tapping the name of the timer, SIMPLE, and can keep running in the background without it being open and screen unlocked.;Customizable, you can skip timers by tapping the name of the timer, SIMPLE, and can keep running in the background without it being open and screen unlocked.;0;0
iteration_7;MAPS.ME: Offline maps GPS Nav;TRAVEL_AND_LOCAL;aa672185-b919-46bb-9aed-4be92e44119f;1;Jun 13, 2022;2;f_252;Was once good. Now cannot import or export bookmarks!;Now cannot import or export bookmarks!;0;1
iteration_7;Weather;WEATHER;615612a5-0e7e-4032-9512-1d944cddf1fe;2;Sep 29, 2021;3;f_472;A clean simple app. Tells you all you really need. Radar needs a little work, seems to think I'm in another state.;Radar needs a little work, seems to think I'm in another state.;0;0
iteration_7;MAPS.ME: Offline maps GPS Nav;TRAVEL_AND_LOCAL;66570856-a525-4c52-9467-83190f6946f7;2;Jun 30, 2022;1;f_252;New update is brutal! Routing is harder and the bookmark icon covers the distance ffs! Can't log in since I traveling and have no access to my home phone so lost all my bookmarks! Sad it used to be the best app!;Can't log in since I traveling and have no access to my home phone so lost all my bookmarks!;0;1
iteration_7;5K Run - Couch to 5K Walk/Jog;HEALTH_AND_FITNESS;a6809c82-7ea9-4cec-8011-fbf7dcd496b5;5;Jun 26, 2020;5;f_330;Tried this for the first time today. Brillisby. Will follow through to the end😀 26th June Done 21 Runs. Now bought the app to be able to save my stats. Price very reasonable. No subscription.;No subscription.;0;0
iteration_7;Microsoft Translator;PRODUCTIVITY;441abba6-51a9-46bd-aa4b-1abcf3a2852c;0;Sep 02, 2022;5;f_15;Best App translator for all languages,...;Best App translator for all languages,...;0;0
iteration_7;Google Meet;COMMUNICATION;95697498-7b60-4b74-8538-af3d4784d04e;3;Sep 15, 2022;1;f_235;It allows people to invade your privacy from there jobs computers and desktops.I will be inquiring about the rules and regulations of using there jobs equipment for personal reasons.There Administration will be contacted thru my family lawyer ASAP.FACTS are FACTS AND TRUTH CAN BE PROVEN ON EVERYTHING I HAVE EVER SAID.I HAVE THE DAY 1 texts and messages admitting my personal information so there wouldn't be any future issues.False insurance claims are being falsified and identity theft as well.;FACTS are FACTS AND TRUTH CAN BE PROVEN ON EVERYTHING I HAVE EVER SAID.I HAVE THE DAY 1 texts and messages admitting my personal information so there wouldn't be any future issues.;0;1
iteration_7;CoPilot GPS Navigation;MAPS_AND_NAVIGATION;55e32dfb-cb8f-4481-b5ac-36bade222130;0;Sep 14, 2022;5;f_240;Great app, only reviewing because your eastern map pack is glitches and once downloaded will not load maps or routing. However. It would be nice to have a folder option on our favorit menu and a few other options the other apps have.;Great app, only reviewing because your eastern map pack is glitches and once downloaded will not load maps or routing.;0;0
iteration_7;Stuff - To Do List Widget;PRODUCTIVITY;674e5a5e-f289-4b28-b47b-d67c0a14d418;2;Mar 27, 2022;1;f_153;I really like the app, but I don't have money to get a pro version of this app. So, that's why I can't customize my widget. I hope you will update the app with free customizing. Thank youuu!;I hope you will update the app with free customizing.;0;0
iteration_7;D Notes - Notepad, Checklist a;PRODUCTIVITY;b4502093-b159-479f-bd0d-0d093596ec8e;0;Feb 11, 2022;5;f_252;The best notes ever , I've never seen better , you can export the notes and import them to any device, and it works perfectly, also you can customize colors and attach files to the notes, also pin notes as notification and add bookmarks thanks Dnotes;The best notes ever , I've never seen better , you can export the notes and import them to any device, and it works perfectly, also you can customize colors and attach files to the notes, also pin notes as notification and add bookmarks thanks Dnotes;0;0
iteration_7;Wemoji - WhatsApp Sticker Make;COMMUNICATION;c8df39a0-6fea-45b0-a41f-82f40656ff63;0;Apr 22, 2022;4;f_32;Could simplify the part where the sticker is taken to the final layout after cropping.;Could simplify the part where the sticker is taken to the final layout after cropping.;0;0
iteration_7;Wemoji - WhatsApp Sticker Make;COMMUNICATION;5146e585-d55e-485b-86a4-556590d659f0;0;Oct 13, 2021;5;f_271;"Does exactly what it's supposed to do and it does it well - whatsapp stickers. I am however a little worried about there possibly being a compiler within the app. I do not understand why it would otherwise pop-up as a suggestion whenever I would want to install an "".apk"" file.";Does exactly what it's supposed to do and it does it well - whatsapp stickers.;0;0
iteration_7;Samsung Notes;PRODUCTIVITY;bbefa982-cdf6-446e-8f32-62b78d673995;0;Aug 14, 2022;5;f_432;Perfect for Study & Diary writing;Perfect for Study & Diary writing;0;0
iteration_7;Google Assistant Go;TOOLS;6ba78ebf-458e-44a3-ae27-01ec9645d42d;0;Jul 26, 2022;4;f_230;I love the app she's fun but she doesn't make calls for me and that's really annoying I think she needs an updating;I love the app she's fun but she doesn't make calls for me and that's really annoying I think she needs an updating;0;0
iteration_7;To Do List and Goal planner;PRODUCTIVITY;a0ea5577-a451-48ae-b432-7b5910b2501a;0;Dec 30, 2021;5;f_244;I have OCD so finding a Todo list app that allowed me to really break down my list and wants was pretty hard until I found this app. it takes a bit to get use to but once you find your groove it's smooth sailing. I love the fact that it shows your progress through the list so you can know how far along you are. honestly love this app to bits!;I have OCD so finding a Todo list app that allowed me to really break down my list and wants was pretty hard until I found this app.;0;0
iteration_7;Navigation & Maps : shortcut;TOOLS;edb4b682-f769-41d5-ac72-499b33ae6896;1;Dec 27, 2020;1;f_460;I paid for it but didn't install it after I read all the outrageous permissions it required. Why does a navigation app need access to my contacts and messages and make phone calls and record video and turn off my Do Not Disturb etc etc??? I've noticed a lot of watch apps make similar demands. Why?;Why does a navigation app need access to my contacts and messages and make phone calls and record video and turn off my Do Not Disturb etc etc???;0;0
iteration_7;Todoist: to-do list & planner;PRODUCTIVITY;992d426b-e8f8-4e75-a2ff-5123f57e03e3;1;Jan 23, 2022;5;f_110;The best option for to do list and task management I've used. It has a lot of options for setting recurring tasks, dividing them up into categories and sub-categories, sharing with others, and organising your tasks in a way easy to manage. It has apps for desktop, smart devices, web browser, and smart watches, so you can have tasks wherever you go. The free option is decently capable on its own, but you will most likely want to get paid if you want more options and capabilities.;It has a lot of options for setting recurring tasks, dividing them up into categories and sub-categories, sharing with others, and organising your tasks in a way easy to manage.;0;0
iteration_7;Microsoft Translator;PRODUCTIVITY;e6ce9b3e-f870-4bfc-a63c-cb6e6e9cbf62;0;Sep 06, 2022;5;f_15;Good Translator;Good Translator;0;0
iteration_7;True Phone Dialer & Contacts;COMMUNICATION;8d1aaf7f-4782-4882-bcec-fd6fd546beff;3;May 06, 2022;3;f_215;This App is Excellent but there is a bug in Auto Call Recording function . It has Really cool features and All the functions are working smoothly. Except Call Recording. For call recording After Turning it ON From Accessibility it keep asking to turn it ON again in the next call. This is really annoying for me. I have purchased this app but now I can't use call recording because of this bug. Please Fix this bug.;For call recording After Turning it ON From Accessibility it keep asking to turn it ON again in the next call.;0;0
iteration_7;In Love while Parenting;LIFESTYLE;760f007f-a4b6-4185-92c3-ea72c84c568a;0;Oct 22, 2021;4;f_82;The only thing that would make this better is if the videos were available offline;The only thing that would make this better is if the videos were available offline;0;0
iteration_7;Weather Radar Pro—Weather Live;WEATHER;3a3d7d78-76e9-4598-a649-5dae7bb89084;2;Feb 01, 2022;1;f_160;Update 02/01/2022. Temperature readings are often off, sometimes as much as 7 degrees. Real-time reports of weather conditions (rain and snow) for my part of the state leave me scratching my head because of the discrepancy between what the app is reporting and what is actually occurring at the moment. I've used this app now long enough to know not to count on it.;Real-time reports of weather conditions (rain and snow) for my part of the state leave me scratching my head because of the discrepancy between what the app is reporting and what is actually occurring at the moment.;0;0
iteration_7;Repeat Habit - Habit tracker f;PRODUCTIVITY;c7df1c8d-31ad-40da-aeaa-ba160e8d16e4;0;Aug 16, 2020;5;f_424;The app looks good..only point you can add is comment section for each day..which will help to note down progress on that day;The app looks good..only point you can add is comment section for each day..which will help to note down progress on that day;0;0
iteration_7;Huawei Health;HEALTH_AND_FITNESS;baefc1e3-d9c1-4ec7-8fa4-abc3daa5472c;2;Nov 11, 2021;1;f_278;After some updates I can not login to my Huawei account. Everything on profile screen is un-clickable . So synchronization with my honor band is bad, instead of Celsius I see Fahrenheit on my watch. Please, fix these bugs, as soon as possible. Samsung A71, Android 11;So synchronization with my honor band is bad, instead of Celsius I see Fahrenheit on my watch.;0;0
iteration_7;Clock;TOOLS;bf238ea4-aaf9-41d2-8460-9a7c19a5ff10;1;Aug 19, 2022;1;f_121;"Feedback for google: I had a problem, while in a meeting i was expecting the alarm to play the sound i put because it is really high volume, but for some reasons, the alarm seems to depend on the volume of the meeting (call volume), *beeping* differently and really low volume. I would prefer an option to play the sound i selected even in a meeting and also that the volume depens on the ""alarm volume"" not the ""call volume"" while in meetings / calls";"I would prefer an option to play the sound i selected even in a meeting and also that the volume depens on the ""alarm volume"" not the ""call volume"" while in meetings / calls";0;0
iteration_7;Telegram;COMMUNICATION;5417b0e6-b59b-4056-b1d1-491da0c50d38;1;Sep 11, 2022;1;f_335;Decent app. But far too much illegal file sharing and distributing. Its wildly unpoliced. Both underminds my small business and makes me fear for my digital security.;But far too much illegal file sharing and distributing.;0;0
iteration_7;Weather Home: Local Forecast;PERSONALIZATION;53d434c6-eeb6-4cc9-8541-4d29c8a36c50;0;Aug 30, 2022;5;f_183;Nice to have on mobile app;Nice to have on mobile app;0;0
iteration_7;Simple Habit: Meditation;HEALTH_AND_FITNESS;48a98a20-08df-40a3-b0e8-73118b1934cc;0;Dec 10, 2021;5;f_492;Good companion app for wellness with wide range of meditative topics to choose from.;Good companion app for wellness with wide range of meditative topics to choose from.;0;0
iteration_7;Loop Habit Tracker;PRODUCTIVITY;4dd47ff7-0f44-45df-a2f2-5221c329e592;0;Nov 16, 2021;4;f_233;This app is easy to use, I like that you can choose different colors for different tasks, the widgets are great and you can change their transparency as they display over your background. Countless other great features. But, since I'm a bit OCD, I would love a setting that removes the little loop circles from filling up as you complete more of the same task, because some tasks are daily, so it isn't necessary for there to be a bar to fill. The habit is supposed to be infinite. Thanks!;This app is easy to use, I like that you can choose different colors for different tasks, the widgets are great and you can change their transparency as they display over your background.;0;0
iteration_7;Sticker maker;TOOLS;4e46c494-4d4a-4853-822e-2c338de2b1b4;0;Apr 14, 2022;5;f_32;I barely love this app why, cause it makes me create my own stickers there were not 10 stars but I will give a 5!!!🌵🦋🌵🦋🌵🦋🌵🦋❤❤❣🤩🤩🤩🥳🥳🥳🤡🤡👻👻👻😺😺😺😺😺😸😺😸😺I love this I don't even want to stop but I have to stop.. Ok I need to go cause it's already 10:26 and I think I will stay awake all night sooo ya I love this apk it's so cool, nice, sweet, beautiful and awesome thank you for creating this app Good night guys see you when you guys will create another app ok, well BYEEE!❣❣❣;I barely love this app why, cause it makes me create my own stickers there were not 10 stars but I will give a 5!!!🌵🦋🌵🦋🌵🦋🌵🦋❤❤❣🤩🤩🤩🥳🥳🥳🤡🤡👻👻👻😺😺😺😺😺😸😺😸;0;0
iteration_7;Twidere for Twitter/Mastodon;SOCIAL;f29a23b7-f938-41d1-b5ca-7d39dace5835;0;Jun 26, 2021;1;f_262;Add feature tagging photo please 🙏🙏🙏🙏;Add feature tagging photo please 🙏🙏🙏🙏;0;0
iteration_7;BlackNote Notepad Notes;PRODUCTIVITY;bccfca5f-dbb8-493c-b579-f4aec46b890b;0;May 28, 2021;5;f_437;The app is really nice and efficient but it needs some more updates...a reminder should be added to the app to remind users of things they planned to do or buy and also an alarm should be added too...if this updates are put in place the application will be super efficient.;The app is really nice and efficient but it needs some more updates...a reminder should be added to the app to remind users of things they planned to do or buy and also an alarm should be added too...if this updates are put in place the application will be super efficient.;0;0
iteration_7;Lifesize Video Conferencing;COMMUNICATION;887fd19d-69b6-4837-93c4-c6bc2a69a4f1;0;Oct 13, 2021;1;f_121;App randomly dropped out on a meeting and wouldn't reconnect at all.;App randomly dropped out on a meeting and wouldn't reconnect at all.;0;0
iteration_8;Wemoji - WhatsApp Sticker Make;COMMUNICATION;eda96dd8-716b-4a60-8a61-a1ec64394746;0;Oct 07, 2021;3;f_32;Okay so this app is great, but problem is that it didn't add the stickers to whatsapp. It said that it did, and i tried refreshing it lots of times and the stickers did not show in whatsapp. Please fix this, thank you;Okay so this app is great, but problem is that it didn't add the stickers to whatsapp.;0;0
iteration_8;Play Services Info (Update);TOOLS;97aa3a86-d5bc-4b26-84e2-4b5c37143dd0;0;Jun 28, 2021;2;f_259;Will this app fix broken hyperlinks issue?;Will this app fix broken hyperlinks issue?;0;0
iteration_8;Habit Hunter: RPG goal tracker;PRODUCTIVITY;d3f9449b-454f-4b78-9209-d5a2a78e5bc2;2;Jun 22, 2022;5;f_498;I really like this so far. I have been looking for something that will allow me to have goals, tasks and habit building all in one. This app has all of that plus the gamification that me as an Old School D&D guy really enjoys. Well done design team, well done.;This app has all of that plus the gamification that me as an Old School D&D guy really enjoys.;0;0
iteration_8;Messenger;COMMUNICATION;3bc87987-0185-410f-8ce4-09368798ffad;0;Sep 15, 2022;1;f_174;Chat head problem, working slow,call connection problem and so many others problem now showing on messenger;Chat head problem, working slow,call connection problem and so many others problem now showing on messenger;0;0
iteration_8;SAMSUNG Smart Washer/Dryer;TOOLS;af17500a-75f1-4c65-acdf-7d8707bdac52;2;Mar 17, 2022;1;f_241;I need the # for customer service. Smart care wont allow me to see it. The washer and dryer have been pathetic and the constant calls to repair guy are very upsetting and expensive!!!!!;The washer and dryer have been pathetic and the constant calls to repair guy are very upsetting and expensive!!!!!;0;1
iteration_8;OnePlus Health;TOOLS;685e516f-7c22-4b50-86b3-c8066993460b;0;Feb 13, 2022;3;f_164;The outdoor cycling work out mode does not work at all. I was told it would be fixed in the last release. Update: it works if you wait up to 5 minutes for gps lock and for to turn green.;The outdoor cycling work out mode does not work at all.;0;0
iteration_8;Samsung Notes;PRODUCTIVITY;cdf509ce-3ae6-4f9f-b930-fab10975a3dd;0;Sep 05, 2022;4;f_209;Very good app, but sync between devices could be better.;Very good app, but sync between devices could be better.;0;0
iteration_8;Todoist: to-do list & planner;PRODUCTIVITY;f17f3b92-7ff9-48da-95a3-f56e2f1992b7;0;May 31, 2022;5;f_301;Best to do list app out there. I have been using it for 3 years already and achieved great productivity with it. Everything is great so far.;Best to do list app out there.;0;0
iteration_8;Ayoba;COMMUNICATION;93c7d10d-7f97-4e26-91a7-d100761f92ed;2;Aug 15, 2022;1;f_235;Why it's taking so long to snd me d sms to confirm my nmbr? Still couldn't register. I don't like d app , deleting it , entering too much in d privacy.;I don't like d app , deleting it , entering too much in d privacy.;0;0
iteration_8;Tasks;PRODUCTIVITY;2dd295e5-243f-420d-aac9-abd8818a23c1;2;Nov 16, 2021;4;f_257;Great for tracking and prioritizing tasks! I love the color coding based on due dates. I wish I could sync across devices. Would also be great if the app would rotate display in landscape mode.;I wish I could sync across devices.;0;0
iteration_8;Pedometer - Step Counter App;HEALTH_AND_FITNESS;9b53467c-a5fc-4575-821b-a5f857694b3b;0;Sep 05, 2022;5;f_68;Minimalistic but functional. Average person would not require more information that stated in the app.;Minimalistic but functional.;0;0
iteration_8;Stuff - To Do List Widget;PRODUCTIVITY;8d1fdfa2-88b2-416b-80cf-5c230dace87e;0;Aug 09, 2022;5;f_431;Excellent app, would love it if it had automatic backups (local and cloud). I'd pay good money for this app.;Excellent app, would love it if it had automatic backups (local and cloud).;0;0
iteration_8;SLOWLY - Make Global Friends;LIFESTYLE;b6231e6c-c2b7-4879-9307-f665e1725336;0;Jul 29, 2022;5;f_220;it's a very nice way to meet new people 😊 everyone i met so far was very friendly;it's a very nice way to meet new people 😊 everyone i met so far was very friendly;0;0
iteration_8;Garmin Smartphone Link;TRAVEL_AND_LOCAL;87a0be48-af60-43b7-85bb-8bf115a5e899;5;Feb 22, 2020;1;f_180;RUBBISH. Sort of connects to 51lmt-d but then when it feels like it,it shows a text . As for smart features part (Smartphone link) just says connecting left for ages and still failed . What's going on I just brought the sat nav for these features and they DON'T work . Emailed support through website no reply. Let's wake up and get the support team working. So so disappointed . First time garmin sat nav buyer will NOT be recommending Garmin to anyone now. LETS GET IT WORKING ?????????;Let's wake up and get the support team working.;0;1
iteration_8;Telegram X;SOCIAL;83b92d1a-399c-453c-b0d8-c25de0289984;0;Jun 18, 2022;4;f_416;Lovely app but unfortunately it doesn't play videos on profiles and that's really bad Please upgrade the app so short videos uploaded on profiles can play Also, secret chats should not allow screenshots of any sort Thank you;Lovely app but unfortunately it doesn't play videos on profiles and that's really bad Please upgrade the app so short videos uploaded on profiles can play Also, secret chats should not allow screenshots of any sort;0;0
iteration_8;Instagram;SOCIAL;31a06d94-a1e4-4b60-9ee3-7c85ef4fa1d5;4;Sep 14, 2022;1;f_417;With fast wifi it's still slow when loading music for stories, watching feed, and basically everything else. It's like this on all my devices. It's amazing how the biggest companies can make the worst things. There is so many things that can be fixed. Not only that, watching videos just randomly stops playing and you have to refresh the video like 3 times for it to play.;Not only that, watching videos just randomly stops playing and you have to refresh the video like 3 times for it to play.;0;0
iteration_8;PassAndroid Passbook viewer;TRAVEL_AND_LOCAL;d6fd8663-3772-4ab5-b55a-aaaf1c81ed27;2;Apr 05, 2022;4;f_439;Good app for keeping various passes in hand. It can open pdf/jpg stored files (other apps can't), scan for pkpass files (haven't any at the moment). Would be nice to have a qr/barcode scanner also, and to get the pdf file in better resolution.;Would be nice to have a qr/barcode scanner also, and to get the pdf file in better resolution.;0;0
iteration_8;Repeat Habit - Habit tracker f;PRODUCTIVITY;804827fd-bc8d-4bf8-901e-5861cf515fd1;3;Mar 26, 2021;5;f_96;The best habit tracker! It offers free features that comes as paid to other similar apps. I tried tons of them and this is by far the best feature-wise! Feature suggestion: a calendar UI that shows colored dots for daily successful habits. Also please make the ticking have an option to just tap it once instead of long pressing.;Feature suggestion: a calendar UI that shows colored dots for daily successful habits.;0;0
iteration_8;Telegram X;SOCIAL;f71aef24-9525-401f-a643-0affca0d6e53;0;Aug 15, 2022;4;f_128;Add voice chat and video chat please! other things great;Add voice chat and video chat please!;0;0
iteration_8;Garmin Smartphone Link;TRAVEL_AND_LOCAL;b48c502d-2b7a-4638-86f4-a38f9af20286;0;Jan 07, 2022;1;f_398;Does not connect to the smart link services therefore rendering the app useless with device, will now be sending it back for a refund;Does not connect to the smart link services therefore rendering the app useless with device, will now be sending it back for a refund;0;0
iteration_8;zenly - your world;SOCIAL;322d2733-b594-4693-8947-28a9548b2d17;0;Aug 25, 2022;2;f_460;Cool apps, could not record video. Every time I tried to record a video, the whole screen just turn green. Able to take pictures though. Fix this please.;Cool apps, could not record video.;0;0
iteration_8;Pomodoro Timer;PRODUCTIVITY;fd383d4f-ef45-4f22-bdc6-80a2062c3508;1;Jan 27, 2022;5;f_210;Love the layout! Customizable but not hard to work with. Simple, no disruptive ads. I'm in love!;Customizable but not hard to work with.;0;0
iteration_8;Habit Tracker;PRODUCTIVITY;7789adea-711d-4314-beb8-428e21ca4e57;5;Mar 15, 2022;4;f_331;Has helped me tremendously develop new habits. UI is perfect! The app and widgets allow quick and easy habit tracking. Counting habits are useful, but it would be great to be able to see near misses to track improvement better. Major con: This the worst app I've ever seen regarding logging into a new device, and by far! Literally took me days last time. Don't use the Facebook login, it seems broken. PS: I preferred the Habit Bull name and logo so much better I never updated the app since.;This the worst app I've ever seen regarding logging into a new device, and by far!;0;0
iteration_8;SMS Backup+;TOOLS;8d8d73f2-d085-4038-8b29-3f7078203718;0;Aug 19, 2019;2;f_235;sadly, as of July, 2019, SMS+ can no longer access gmail or backup SMS messages to Gmail, as Google has ordered new privacy updates. so this sucks.;sadly, as of July, 2019, SMS+ can no longer access gmail or backup SMS messages to Gmail, as Google has ordered new privacy updates.;0;0
iteration_8;Instagram;SOCIAL;738a2f81-152c-4fc8-b1fd-e559af27d942;1;Sep 14, 2022;5;f_239;Awesome app. Best social networking platform in the world.;Best social networking platform in the world.;0;0
iteration_8;Samsung Health;HEALTH_AND_FITNESS;ea284fe5-fc22-49cd-b87c-765a6f72e823;5;Sep 12, 2022;3;f_439;I love this app. A scanner for scanning food would make it A LOT easier! Please consider adding this feature. It has been a year since i wrote this with updates in between. Still no scanner! Please add a food barcode scanner!;Please add a food barcode scanner!;0;0
iteration_8;imo-International Calls & Chat;COMMUNICATION;9ae6709a-76f1-44ff-8885-8e6167d61f09;0;Sep 09, 2022;5;f_129;It is good apps for audio and video calling .;It is good apps for audio and video calling .;0;0
iteration_8;Telegram;COMMUNICATION;dcb4b98b-8f6e-4a1f-b16f-783a5a9ba13d;0;Sep 01, 2022;2;f_34;Telegram is no more as it used to be. It crashes frequently. It loads slowly. Voice call has become irritating.;Telegram is no more as it used to be.;0;0
iteration_8;Apex Weather;WEATHER;fc847b65-c320-4f55-b248-baea42c7c676;1;Feb 18, 2022;1;f_126;I bought the pro version of this App when I bought the pro version of the launcher. I have my launcher pro, but not my weather pro. What's going on?;I have my launcher pro, but not my weather pro.;0;0
iteration_8;Stopwatch Timer;TOOLS;c357154e-6713-4c83-abe9-8414c2ac9299;0;Jul 18, 2022;5;f_63;StopWatch;StopWatch;0;0
iteration_8;Messenger;COMMUNICATION;cc2c2c0f-7b8b-4f9c-a215-338b46255fdb;1;Sep 14, 2022;1;f_398;Latest update broke the app completely on my pixel 6 App opens but I can't click on any chat rendering it useless Do not update!;Do not update!;0;0
iteration_8;Notebook - Notes,To-do,Journal;PRODUCTIVITY;65b52047-8a6a-4ae3-a380-59fa29a41494;3;Jul 17, 2022;5;f_437;This is such an incredible app. It is my second brain. Such a simple yet powerful app. Initially I was using raindrop (for bookmarks), google keep (for notes) and Microsoft to do (for tasks and reminders). But you can't believe that this app replaces all with such a beautiful interface. Thank you so much for such an amazing app that is unbelievably completely free😌😁;Initially I was using raindrop (for bookmarks), google keep (for notes) and Microsoft to do (for tasks and reminders).;0;0
iteration_8;Event Alarm Reminder for Googl;TOOLS;ae6e11de-5528-4518-9205-0d6f43982f6c;0;Dec 26, 2021;4;f_437;A very sturdy, professional looking and clear UI, albeit with two flaws discovered so far: the reminder options (also in editor) has a very small and unadjustable font-size, and also the haptic feedback when scrolling through time wheels is annoying, too much :);A very sturdy, professional looking and clear UI, albeit with two flaws discovered so far: the reminder options (also in editor) has a very small and unadjustable font-size, and also the haptic feedback when scrolling through time wheels is annoying, too much :);0;0
iteration_8;Whats Web;TOOLS;e84b714a-cd53-4e0e-a862-cbbc34ab9e9e;0;Aug 28, 2022;5;f_331;Nice but it's aromatic logging outs please fix it it's only showing that checknur internet but mine connected to my mobile data please fix it;Nice but it's aromatic logging outs please fix it it's only showing that checknur internet but mine connected to my mobile data please fix it;0;0
iteration_8;miMind - Easy Mind Mapping;PRODUCTIVITY;6202f17c-d2e8-4f85-b65f-6275e8b1a1a4;0;Nov 10, 2021;3;f_419;"Great app, bad monetization strategy. If you're thinking about spending around $6 (tax) on the ""pro"" version of the app, keep these two things in mind: 1. The ""license"" after purchasing the app expires 2. In order to sync cross-platform devices, you'll need to buy the license for that other device. The ""Pro Version Gives"" popup doesn't explain this. So you'll end up spending more than the 5 dollar asking price. I rated the app based on how good the free version is.";Great app, bad monetization strategy.;0;0
iteration_8;Clock;TOOLS;6266be34-1fdf-484c-9636-31ab63c12ec2;2;Aug 25, 2022;1;f_399;There are certain versions of this app that are being used as hacking apps. They Carry app permissions that are hidden within the all permissions section. And when you set an alarm it sends updates to the Google play store app that as well is hacked and a online file cloud storage area with files.its a whole series off app type versions that are coming from the play store. check your permissions. go to permissions in settings then hit the three dots in the top right corner. from there you can .;And when you set an alarm it sends updates to the Google play store app that as well is hacked and a online file cloud storage area with files.;0;0
iteration_8;Get Stuff Done!;PRODUCTIVITY;2a45a3dc-6d04-413e-8465-7d7718f277db;1;Feb 22, 2019;5;f_261;I love it. Calls me out when I'm procrastinating and motivates me to work.;Calls me out when I'm procrastinating and motivates me to work.;0;0
iteration_8;Verizon Messages;COMMUNICATION;d54b2f44-91a6-4a8e-baba-6c32a022d6b0;0;Sep 02, 2022;4;f_118;I've used this messaging app forever, and it's great. Once in a while they do weird upgrades that they later undo, but for basic texting it's good. One thing I hate is how badly they compress video I send or receive, to the point where it's unwatchable.;I've used this messaging app forever, and it's great.;0;0
iteration_8;Google Keep - Notes and Lists;PRODUCTIVITY;8d5dbacd-5268-4d79-8fb0-37b42d2577c2;0;Aug 31, 2022;3;f_45;Need custom background option;Need custom background option;0;0
iteration_8;WhatsApp Messenger;COMMUNICATION;7c9063d1-3e2e-42c0-a035-4d9a93d39d51;0;Sep 12, 2022;5;f_133;"At first - probably around 2019 the app did not hold long phone calls; however, along these past few years WhatsApp has grown and has been more reliable on calls photos and videos sharing. It is the best app to use when you are traveling internationally, too. My family and I love to communicate through this app.";"At first - probably around 2019 the app did not hold long phone calls; however, along these past few years WhatsApp has grown and has been more reliable on calls photos and videos sharing.";0;0
iteration_8;Instagram;SOCIAL;8a28c0c9-a151-44ef-9cd4-f9430ddf3761;0;Sep 14, 2022;5;f_235;There should be a better way of communication because of the way privacy is disregarded quite clearly.;There should be a better way of communication because of the way privacy is disregarded quite clearly.;0;0
iteration_8;Focus To-Do: Pomodoro & Tasks;PRODUCTIVITY;c86ddda2-5c86-4c54-a47e-f67b77a1f984;0;Aug 17, 2022;4;f_233;It is the best application that I use, but unfortunately there is no setting for transparency in the widget section, I think the To-do application works better in this case.;It is the best application that I use, but unfortunately there is no setting for transparency in the widget section, I think the To-do application works better in this case.;0;0
iteration_8;SMS Backup+;TOOLS;3ffcf52a-eafb-4f9d-a7ee-7719607b6ce6;3;Apr 04, 2020;4;f_277;This app seems to work now, at least with the manual setup. You can input your Gmail imap settings and it works. Be sure to set up an App Password if you have 2-step enabled. Would give 5 stars if not for the otherwise broken Gmail integration.;Would give 5 stars if not for the otherwise broken Gmail integration.;0;0
iteration_8;MAPS.ME: Offline maps GPS Nav;TRAVEL_AND_LOCAL;8b4ef740-c4b6-460d-9852-f80590b25332;1;Jun 24, 2022;5;f_252;The best offline map. 1 thing I want to ask, how can I transfer my bookmarked locations from my old phone to my new phone? I can't find the cloud storage. Please help me. Thanks.;1 thing I want to ask, how can I transfer my bookmarked locations from my old phone to my new phone?;0;0
iteration_8;Google Lens;TOOLS;82dfc805-8745-4134-91ef-9ba03c982e8e;1;Sep 11, 2022;5;f_259;Kinda amazing. Take a picture of an unknown plant & voila you get the name & a hyperlink to the Wikipedia page. Beyond that, of course, lies all the internet has to offer.;Take a picture of an unknown plant & voila you get the name & a hyperlink to the Wikipedia page.;0;0
iteration_8;Gmail;COMMUNICATION;5c9414a3-4f07-4801-b013-a5d917dd6444;3;Sep 14, 2022;2;f_104;Good because it's connected to my Google stuff. Horrible because there is no select all function. A simple function that exists in all major email apps except Gmail. The fact that one has to login on the desktop app to do this is asinine.;The fact that one has to login on the desktop app to do this is asinine.;0;0
iteration_8;5K Run - Couch to 5K Walk/Jog;HEALTH_AND_FITNESS;bb5323f7-c77a-4041-9666-8ac17d011050;0;Jan 28, 2020;5;f_506;This is the first time in my adult life to take up running. I felt very nervous starting with this app as I'm quite unfit (to say the least!) but it works with an nice ease into something that is really daunting when trying for beginners.;This is the first time in my adult life to take up running.;0;0
iteration_8;Microsoft Translator;PRODUCTIVITY;c87a0140-d0c3-4462-b67c-199de3813e83;0;Sep 15, 2022;5;f_15;Rare translator functionality compared to other apps. I find it very useful for doing English to Cantonese translation and vice versa to hear how words are pronounced. Or written Chinese to spoken Words.;Rare translator functionality compared to other apps.;0;0
iteration_8;Weather app;WEATHER;46e7a8d2-9824-48d5-b84d-3cb787262af5;1;Aug 26, 2022;5;f_233;Just installed and so far so.good . Transparency overlay keeps all tidy;Transparency overlay keeps all tidy;0;0
iteration_8;Google Lens;TOOLS;e70ab2a1-1474-45b9-89b9-eb48ff702bdd;0;Aug 05, 2022;5;f_15;Very useful for a translator while listening to the words...specially for the beauty products that I'm using with other languages just take a pic then tadahhh...;Very useful for a translator while listening to the words...specially for the beauty products that I'm using with other languages just take a pic then tadahhh...;0;0
iteration_8;Apex Weather;WEATHER;d5f60392-94e5-4812-bfdf-011d11db608c;3;May 16, 2022;1;f_126;Useless, my weather widget said to download this to change the style. Download this app and this one told me I had to download other apps to use the widget styles. What's the point of this app if it requires other apps to function? Apex launcher is awesome, but it's irritating how all the customizable features require multiple other apps.;Apex launcher is awesome, but it's irritating how all the customizable features require multiple other apps.;0;1
iteration_8;True Phone Dialer & Contacts;COMMUNICATION;40d87983-db57-44f1-a72f-6130f3f6c59f;3;Sep 06, 2021;5;f_239;THIS APP IS VERY GOOD TO BE USING. I LOVE IT. AM ENGR. ORIYOMI FABIYI: WE ARE SPECIALIZE IN: COMPUTER ENGINEERING., LAPTOP REPAIR, DESKTOP REPAIR, SALES OF LAPTOP AND DESKTOP, NETWORKING, SUPPLYING OF DESKTOP AND LAPTOP, HARD DISK REPAIR, FROM NIGERIA. THANK YOU;ORIYOMI FABIYI: WE ARE SPECIALIZE IN: COMPUTER ENGINEERING., LAPTOP REPAIR, DESKTOP REPAIR, SALES OF LAPTOP AND DESKTOP, NETWORKING, SUPPLYING OF DESKTOP AND LAPTOP, HARD DISK REPAIR, FROM NIGERIA.;0;0
iteration_8;Boosted Time Tracker;PRODUCTIVITY;c405cfd6-2b61-4988-b772-76cf0aa515d6;0;Jun 29, 2021;2;f_64;It wasn't what I needed and I absolutely HATE that they don't even tell you the timers are for premium memberships only. Don't get this, I know it has an award, but it's really bad.;It wasn't what I needed and I absolutely HATE that they don't even tell you the timers are for premium memberships only.;0;1
iteration_8;SMS Backup+;TOOLS;ff8b803c-08ac-40dc-a189-d08a34351414;3;Sep 15, 2019;4;f_202;Gmail may have stopped working but using my own IMAP server worked flawlessly. My alternative email server is hosted by Strato. You just need to know the relevant settings for your server to add to the app. It still creates the SMS and Call Log folders under your alternative IMAP email address.;It still creates the SMS and Call Log folders under your alternative IMAP email address.;0;0
iteration_8;True Phone Dialer & Contacts;COMMUNICATION;ebe99082-15ee-427e-b009-bfcf2fc002ae;0;Apr 08, 2022;5;f_180;Excellent 👌👌 team work 👍👍;Excellent 👌👌 team work 👍👍;0;0
iteration_8;SMS Backup+;TOOLS;b1d55af9-31f1-4c9b-acd5-88ad9395c851;0;Mar 12, 2021;4;f_241;Works fine with android police instructions, doesn't backup calls anymore;Works fine with android police instructions, doesn't backup calls anymore;0;0
iteration_8;Clock;TOOLS;f5f08b6a-645c-4532-8996-b2e02016b36d;2;Aug 04, 2022;1;f_237;Used to work fine. The interface gets worse with every update. Now I need to reboot the phone just to turn off the alarm.;Now I need to reboot the phone just to turn off the alarm.;0;0
iteration_8;Messenger;COMMUNICATION;42ae0da9-200b-42c3-aad8-50bd49c4f00e;0;Sep 13, 2022;1;f_130;Hello messenger why i cannot send messages in group chat??? I have my lesson in there!!! I cannot reply to the messeges of my teacher.;Hello messenger why i cannot send messages in group chat???;0;0
iteration_8;Simple ToDo List & Tasks;TOOLS;63f3cbc2-0bf4-42ed-8143-2ddda420f250;2;Sep 03, 2022;5;f_175;Excellent simple app. I have been Checklist App for q while, but have switched to this. If they make some features, this would be absolutely the best To Do and Project management app!!;If they make some features, this would be absolutely the best To Do and Project management app!!;0;0
iteration_8;Samsung Notes;PRODUCTIVITY;e8238a1c-08f5-458b-ac0b-4c29e6d09d32;1;Aug 24, 2022;5;f_259;this is the cleanest and best android note taking app, but it still lacks a lot of features. here are my suggestions: 1. allow the users to make hyperlinks within the document/page 2. laser pointer pen 3. better animation when using lasso for pic 3. flip option for selected text/images 4. annotations/highlighted texts/handwriting tab in pdf 5. maybe make it an epub reader as well? 6. customizable font 7. tab for easy access of notes instead of opening a new note;here are my suggestions: 1. allow the users to make hyperlinks within the document/page 2. laser pointer pen 3. better animation when using lasso for pic 3.;0;0
iteration_8;GTasks: Todo List & Task List;PRODUCTIVITY;42ce6a3d-4c73-4425-ba54-cca503865c75;1;Mar 10, 2022;1;f_140;After OS update, repeatedly, the widget will not load :-( . I rely on this app and it's messing with my workflow :-(;After OS update, repeatedly, the widget will not load :-( . I rely on this app and it's messing with my workflow :-(;0;0
iteration_8;SMS Backup+;TOOLS;839b29e9-8764-4d1c-8c5d-410a8339293e;3;Mar 02, 2020;5;f_202;The IMAP method still works! Android Police has a great write up for it specific to this app. I tried the Less Secure Apps method but I want able to get it to work for me. And to John Melchert who claims this app's developer is using his info to send spam from his personal email server, that's not at all how that works. Your personal server is insecure. Any insecure server will eventually be found through various methods.;And to John Melchert who claims this app's developer is using his info to send spam from his personal email server, that's not at all how that works.;0;0
iteration_8;Samsung Notes;PRODUCTIVITY;ba92ee6d-cbc3-4d85-a2c7-831796d304ce;1;Sep 14, 2022;4;f_40;Love this. Use it to mark up PDFs every day, also for math work and notetaking. Text search is fantastic, interface is smooth and intuitive. Would be 5 stars if they added some tools: - convert infinite-page notes to normal multi-page notes - add blank margins to imported PDFs - show when a note was created;Use it to mark up PDFs every day, also for math work and notetaking.;0;0
iteration_8;Google Assistant Go;TOOLS;7ddde6e3-7728-4f94-b718-a96d37f6d690;0;Jun 11, 2022;1;f_258;Add all linking apps combined ex: translate all written text formats.;Add all linking apps combined ex: translate all written text formats.;0;0
iteration_8;True Phone Dialer & Contacts;COMMUNICATION;9b3ca8e4-3444-4f45-b003-1fec15226ea5;1;Jun 11, 2022;2;f_129;It's good dailer but There is one negative side is video calling portis not available So provide direct video call option;So provide direct video call option;0;0
iteration_8;Severe Weather Alerts;WEATHER;4311168a-05e3-4ed2-b954-cd9865567d29;0;Dec 13, 2021;2;f_52;"Despite being set to play a ""blaring"" alarm in emergency situations, this app stayed completely silent while I was in the direct path of major tornados and extreme storms on the night of december 10th. Silent push notifications were all I got. Genuienly considering legal action. Phone was not silenced nor on do-not-disturb. Downloaded this app as a layer of comfort and went to sleep assuming it would be there for me. Thank God I have a roommate whose app actually alerted him outloud!";"Despite being set to play a ""blaring"" alarm in emergency situations, this app stayed completely silent while I was in the direct path of major tornados and extreme storms on the night of december 10th.";0;0
iteration_8;Loop Habit Tracker;PRODUCTIVITY;35f651f4-cb3c-4540-9809-a915f83d8656;0;Aug 20, 2022;5;f_7;IMO the best habit tracker. Tried quite a few and this one was the best.;IMO the best habit tracker.;0;0
iteration_8;To Do List;PRODUCTIVITY;abba96f6-007f-4459-93a3-b3c0b68380b7;1;Jul 18, 2022;5;f_502;Wonderful app..... it is user friendly..it was very easy for me to understand how to use the app. Just a suggestion that you should add a little more of features such a priority (like high, medium or low) and if we could change the background or something ... it would be great.... Overall a very nice app.. I am very happy with it;Just a suggestion that you should add a little more of features such a priority (like high, medium or low) and if we could change the background or something ... it would be great....;0;0
iteration_9;Binaural Beats Therapy;HEALTH_AND_FITNESS;38090fcf-feb7-480d-8f8b-3d5e4bd5e26f;0;Jun 20, 2022;5;f_83;Mainly feel much relaxation after use. Most effective especially if one works nights.;Mainly feel much relaxation after use.;0;0
iteration_9;Habit Tracker;PRODUCTIVITY;84cac888-2a1e-436c-ab82-baedec9acef6;0;Feb 03, 2021;5;f_115;This app is very great,Being mobile app developer makes me respect this app a lot just simple and do what I want without any complexity thanks Habit Tracker team;This app is very great,Being mobile app developer makes me respect this app a lot just simple and do what I want without any complexity thanks Habit Tracker team;0;0
iteration_9;Google Find My Device;TOOLS;f0bff6ab-8fa5-4f9e-acc5-4970e817db8a;0;Jun 04, 2022;5;f_502;We can trusted for a while to protect our lost devices priorities and privacy!!;We can trusted for a while to protect our lost devices priorities and privacy!!;0;0
iteration_9;GTasks: Todo List & Task List;PRODUCTIVITY;e39a7acc-9836-4fe1-8dc1-bf76c88866bd;1;Sep 10, 2020;1;f_257;paid for this app and now they added ads to it anyway. now it doesnt sync across devices AND you get ads to despite paying for it... if i could rate this app lower i would.. they have since increased the ads on it.. TERRBLE COMPANY!;now it doesnt sync across devices AND you get ads to despite paying for it... if i could rate this app lower i would.. they have since increased the ads on it..;0;0
iteration_9;Boosted Time Tracker;PRODUCTIVITY;f68705cc-f5f5-45b2-8e3e-745c98269fc5;1;Mar 23, 2022;5;f_56;Very intuitive and highly reliable, doing exactly what you'd want it to do. Export to csv avoids lock-in of collected data, backups to Google Drive provide safety while all data are stored locally to secure privacy. Recommended!;Export to csv avoids lock-in of collected data, backups to Google Drive provide safety while all data are stored locally to secure privacy.;0;0
iteration_9;Stuff - To Do List Widget;PRODUCTIVITY;5de8f770-9cee-4c30-8f57-31eed1763d82;1;Nov 18, 2021;5;f_301;I am very happy with this app! I love the dark theme and being able to have my to do list as a widget. So now every time I unlock my phone I can see what I've done and still need to do. I'm enjoying how you can simply add things using the widget and select what you have completed! Ah, I love it. I already feel more motivated to get things done. Thank you. :);I love the dark theme and being able to have my to do list as a widget.;0;0
iteration_9;SMS Backup+;TOOLS;71563132-df56-497d-bfcd-f703bfab6384;1;Feb 07, 2022;1;f_398;Just downloaded app, and it asked me to link a Google email account. However, Google blocked the access to two different GMail accounts, effectively rendering this app useless.;However, Google blocked the access to two different GMail accounts, effectively rendering this app useless.;0;0
iteration_9;WhatsApp Messenger;COMMUNICATION;9a6b7f9a-8bd7-40e2-b598-fe4449ad961c;0;Sep 15, 2022;4;f_235;Please put an option for privacy like to hide Online.;Please put an option for privacy like to hide Online.;0;0
iteration_9;Galaxy Wearable (Samsung Gear);TOOLS;95b956df-89fb-4a89-b5a9-cfdb6382f8d6;4;Aug 26, 2022;1;f_20;All Samsung Co ever does is WEAR OUT. Why? They are the most retarded corporation in the universe! Because they cheat by Oracle Java and Python3>.;Because they cheat by Oracle Java and Python3>.;0;0
iteration_9;Google Find My Device;TOOLS;a278764e-a78a-4d95-9a05-429f597aec7e;0;Aug 08, 2022;4;f_160;Could use Real-time background access. Tracking continually;Could use Real-time background access.;0;0
iteration_9;Telegram;COMMUNICATION;dbe4ea5a-411f-4d9c-9ca1-31b65665a266;2;Aug 22, 2022;5;f_54;Love this App and wish that everyone around me can start using this more than What's app. Super handy and I love all the functions and privacy settings even the fact that you can connect to people around you if you choose to I love it! One downfall my notifications doesn't always come through when I receive a message if I don't go in everyday if that could get fixed I have no complaints;One downfall my notifications doesn't always come through when I receive a message if I don't go in everyday if that could get fixed I have no complaints;0;0
iteration_9;True Phone Dialer & Contacts;COMMUNICATION;9ad7437e-36e9-435d-a3c5-8d4a54d96d73;1;Dec 04, 2021;5;f_214;great app.. a feature request. Is it possible that true phone acts like a web server and I can use a browser to load contacts on my laptop and dial contacts from my laptop and calls should get placed via mobile. this feature if possible will help me to buy 20 paid licenses for my users. the browser based extension should be able to load contacts and dial from laptop briwser.;Is it possible that true phone acts like a web server and I can use a browser to load contacts on my laptop and dial contacts from my laptop and calls should get placed via mobile.;0;0
iteration_9;Clock;TOOLS;7c509bd5-d155-449b-96c7-1339a15c0981;0;Sep 02, 2022;1;f_236;No World Clock widget? Why is the tablet version different to the phone version?;No World Clock widget?;0;0
iteration_9;ColorNote Notepad Notes;PRODUCTIVITY;8d4b41c1-4165-4de4-acc4-4a580a7a71fa;1;Jul 22, 2022;5;f_482;Best note app i have ever had. All your notes that have a Password gets an almost impossible encryption. enjoy;All your notes that have a Password gets an almost impossible encryption.;0;0
iteration_9;ColorNote Notepad Notes;PRODUCTIVITY;be82a3cf-e67e-47e5-93b3-59111dab38c1;0;Aug 28, 2022;3;f_193;Dear Sir We Want: 1/ Folder Note Options & 2/ Multiple Account Support like Google Keep;Dear Sir We Want: 1/ Folder Note Options & 2/ Multiple Account Support like Google Keep;0;0
iteration_9;SLOWLY - Make Global Friends;LIFESTYLE;5755e8d3-43d3-4fbd-aaa1-a77a48650123;0;Aug 07, 2022;5;f_220;If you want a to meet new people by using a penpal system. Use this app right now. You can be able to talk anyone in the world. Also they have stamps that you might want to collect.;If you want a to meet new people by using a penpal system.;0;0
iteration_9;Immediate Contact Transfer;TOOLS;fd68e4d1-3d21-45f5-8f0c-bf477787fd8a;1;Oct 26, 2020;1;f_330;Paid 55rs for the subscription but it was not done and they debited money. No subscription activated yet and sent email to the app developer email address but no response.;No subscription activated yet and sent email to the app developer email address but no response.;0;0
iteration_9;Kik — Messaging & Chat App;COMMUNICATION;a593025a-b6a3-4dec-823d-e4d31d2fbef0;0;Sep 04, 2022;3;f_220;Somehow kik fixed the meet new people feature. It no longer shows zero chats. But it's still got the chat limit issue. And I can't earn kin;Somehow kik fixed the meet new people feature.;0;0
iteration_9;Samsung Notes;PRODUCTIVITY;ec15955c-b4e8-42fd-95ac-a993548f6b15;1;Aug 28, 2022;4;f_451;A good notes program that comes pre-installed. some annoying quirks (as all apps have) but decent formatting options, ability to organise in folders including locked notes and you can easily share notes content across to other installed apps on your device.;some annoying quirks (as all apps have) but decent formatting options, ability to organise in folders including locked notes and you can easily share notes content across to other installed apps on your device.;0;0
iteration_9;Samsung Notes;PRODUCTIVITY;e74ffeae-1a01-4b05-b90a-b307e7e0c841;1;Jul 25, 2022;5;f_259;Best note taking app. The only thing that it need is table support and note hyperlinks. The ability to link a note to other notes (not to webpages).;The only thing that it need is table support and note hyperlinks.;0;0
iteration_9;Strava: Run, Ride, Hike;HEALTH_AND_FITNESS;ad5a9b60-3c80-46a8-bace-2cf50baf0289;1;Jul 14, 2022;1;f_416;Extremely poor optimization even for latest devices. Have you even tested the video upload feature? It looks like all the processing is made on the client side. I wonder how Google accepted this. The whole device just hangs and it's not possible to do anything. Pixel 6 with the latest updates;Have you even tested the video upload feature?;0;0
iteration_9;SMS Backup+;TOOLS;9a24e5bd-2e15-479c-95f3-2ddd3ac2afb2;1;Apr 21, 2021;4;f_202;works good, don't believe it works with gmail anymore but if you have a third party email server, Still works flawless... Would like to have a resync feature to re-sync all the messages again.;Would like to have a resync feature to re-sync all the messages again.;0;0
iteration_9;Garmin Smartphone Link;TRAVEL_AND_LOCAL;aeba44cb-ffa8-421b-820d-3267dc896f21;0;Nov 06, 2021;1;f_240;Absolutely ridiculous routing. Weight limit ahead, detour onto a DIRT ROAD to get around it?!? I DON'T THINK SO!!!;Absolutely ridiculous routing.;0;0
iteration_9;Notepad, Notes, Easy Notebook;PRODUCTIVITY;d3e3e574-4a88-4afb-aa83-2e7693c8f388;0;Sep 04, 2022;5;f_246;So far so good, I may be able to stop carrying so many notebooks.;So far so good, I may be able to stop carrying so many notebooks.;0;0
iteration_9;Any.do - To do list & Calendar;PRODUCTIVITY;b6bf2afb-237f-4699-8849-37db0afce57f;1;Jul 25, 2022;4;f_497;Love it so far. Would definitely use the ability to see my subtasks on my to do list during focus mode otherwise great;Would definitely use the ability to see my subtasks on my to do list during focus mode otherwise great;0;0
iteration_9;Social Contact Photo Sync;SOCIAL;e5f20739-166a-4e28-84d4-a9a573722132;2;Jul 26, 2017;1;f_189;The persistent notification stuff unless is ridiculous. Just use ads like everyone else.  Also, the app now will randomly sync contacts. On its own. Even after you tell it not to.;Also, the app now will randomly sync contacts.;0;0
iteration_9;Clock;TOOLS;e5f0a83c-8832-4ced-80f3-0f2bc67a948a;2;Jul 15, 2022;5;f_64;Best clock app. No ad bloating. Timers and alarms are perfectly done.;Timers and alarms are perfectly done.;0;0
iteration_9;Samsung Notes;PRODUCTIVITY;6b382fcf-9b3a-47d4-b62e-45a322b294af;0;Aug 22, 2022;4;f_121;use Samsung notes alot to make quick notes, prepare for meetings, presentations, discussions;use Samsung notes alot to make quick notes, prepare for meetings, presentations, discussions;0;0
iteration_9;WhatsApp Messenger;COMMUNICATION;dca5c6f9-1872-48b0-98f6-77f99fbb5cdc;0;Sep 14, 2022;3;f_130;We use this app for reporting, can you add also easy search for a group chat . Like i search for the name who report last sunday for example. Its hard to searh the report.;We use this app for reporting, can you add also easy search for a group chat .;0;0
iteration_9;WhatsApp Messenger;COMMUNICATION;cd5f200c-aa2e-42b7-8c18-9e76e031742a;1;Sep 14, 2022;5;f_416;Kindly give the features. Status history, Live video upload, change in user interface. Then it will be useful and interesting...;Status history, Live video upload, change in user interface.;0;0
iteration_9;To Do Reminder with Alarm;PRODUCTIVITY;76424cfd-202f-4117-b865-d43c860641f8;4;Jul 08, 2022;4;f_497;Great! I installed like 15 apps and nothing allows you to snooze tasks and this app does it even in more intuitive way. I tried too many like AnyDo, etc. 1.) Please add quick snooze in list view. 2.) features like subtasks and auto move missing that are in 'My Daily Planner' 3.) Please add unique sounds for different reminders. 4.) Please add ascending ring tones. 5.) Cannot move tasks up and down 🙏 Thank you;2.) features like subtasks and auto move missing that are in 'My Daily Planner' 3.);0;0
iteration_9;Noisli: Focus and Relax;PRODUCTIVITY;74fee84a-939e-4d04-a24e-517fa6e73e7e;1;Aug 08, 2019;4;f_83;I've used noisli for years, long before I got the app. it's the only white noise thing that has that wonderfully deep engine sound, it puts me right into relaxation. but I'm really disappointed that it automatically stops playback when other audio starts. I need my white noise to block out other sounds, and like to listen to music or podcasts with it. this function makes the app half as useful as the desktop version. really disappointing.;it's the only white noise thing that has that wonderfully deep engine sound, it puts me right into relaxation.;0;0
iteration_9;SMS Backup+;TOOLS;886c0854-6eca-453b-9756-536700895c29;2;Aug 11, 2019;1;f_431;Bring back this app. Make it work again. This was such a great app for automatic backup to email sms and call log. Google has disconnected the link to Gmail. Can't we get it to work with another email?????;This was such a great app for automatic backup to email sms and call log.;0;0
iteration_9;MixNote NotePad Notes;PRODUCTIVITY;ab3a4f97-68fe-4bf4-ba9c-398fc886b1fb;2;Oct 19, 2017;3;f_482;good app, but it doesn't show links copied.it shows them as text not as links. also we don't know where the lpcked files are...it should have its own encryption rather than using app lock.;also we don't know where the lpcked files are...it should have its own encryption rather than using app lock.;0;0
iteration_9;WA.Status Saver - Downloader;SOCIAL;5181f207-f75e-4805-94e5-a9f99638acd6;0;Apr 13, 2022;5;f_482;Among the status saver apps this one is the 👌 👍 because it doesn't take long to load and also it gives u options on which whatsap u can save from, it has unique features like that of message encryption I rate it five star;Among the status saver apps this one is the 👌 👍 because it doesn't take long to load and also it gives u options on which whatsap u can save from, it has unique features like that of message encryption I rate it five star;0;0
iteration_9;Brain Focus Productivity Timer;PRODUCTIVITY;684f8ba6-cf7d-48d8-89a5-6c3ad2b5cf80;4;Oct 02, 2020;5;f_209;Hello - I am confused about your products. I have one installed on my tablet that does what I want - it has categories of tasks and you can start and stop them as you need to. But even though play store said it was installed, it didn't install on my phone (Samsung Galaxy S8) so I installed the one that was available and bought a second subscription. This one does pomodoro and it's not the same - it doesn't have the same flexibility and I can't see how to put tasks into categories. How can I install the productivity timer on my phone? Can I sync between devices? It would be nice to be able to sync between a tablet and a phone - or at least copy all the tasks and categories across.;How can I install the productivity timer on my phone?;0;0
iteration_9;ColorNote Notepad Notes;PRODUCTIVITY;ab1e6c17-d37d-4096-9813-50b29d38f319;0;Jul 02, 2022;5;f_102;I use this ColorNote app daily for simple things like grocery lists and for very important things too that I need to remember! Love the app thank you😍 ⭐⭐⭐⭐⭐;I use this ColorNote app daily for simple things like grocery lists and for very important things too that I need to remember!;0;0
iteration_9;Material Notes: Colorful notes;PRODUCTIVITY;868a129c-2584-47a6-a11c-e76e613694ad;0;Aug 22, 2018;3;f_23;This app lets you easily take notes and materials design is just awesome 😍...but there should be an option of sync notes with Google drive or some other cloud services.;This app lets you easily take notes and materials design is just awesome 😍...but there should be an option of sync notes with Google drive or some other cloud services.;0;0
iteration_9;Sticker maker;TOOLS;7855afdb-5e9f-4fff-a325-38ee3f537c5c;0;Jun 25, 2022;1;f_80;Animated stickers behind paywall.;Animated stickers behind paywall.;0;0
iteration_9;Burner: 2nd Phone Number Line;COMMUNICATION;dc28cb5d-0f9d-490e-9b9f-7ccf8194221f;0;Aug 26, 2022;2;f_129;Won't ring no more when someone calls me . I've had this app for a long time now and it's not working right now. No notification at all I try forwarding and it says not network connection sound like this app is falling off big time . And they won't tend to put video calling in the app ... Ugh What's going on burner!!;Won't ring no more when someone calls me .;0;0
iteration_9;4.Do - To Do List & Task Manag;PRODUCTIVITY;38cc7e34-028b-4504-86e5-86552426b004;3;Mar 15, 2021;4;f_233;Seems to work well so far. Only issue is you can't reorder your tasks by dragging them. You can order them by date added, due date, etc though. Widget works - can add any of the four categories and adjust transparency. Small ad banner at the top can be removed by paying $2. A few different shades are available for dark themes which is unique and nice. Text size can be adjusted.;Widget works - can add any of the four categories and adjust transparency.;0;0
iteration_9;WhatsApp Messenger;COMMUNICATION;5cce2552-2ff9-4b8c-8761-585da71c31eb;2;Sep 14, 2022;5;f_130;I love using whatsapp as it's so easy,efficient,and everything works great.My whatsapps are meant to backup to google,but have not done so,so I was slightly disappointed when my phone broke and I cant get back some important chats. Also I would love it if you added a separate tab for group chats and for personal message chats, or having the option separate them.;Also I would love it if you added a separate tab for group chats and for personal message chats, or having the option separate them.;0;0
iteration_9;Lifesum: Healthy Eating & Diet;HEALTH_AND_FITNESS;77e5baee-2224-4cdc-8efb-60cd083da463;0;Sep 03, 2022;5;f_360;great app for calorie counting!! lost weight with it pretty well, didnt expect an app to help do this but tracking calories goes a long way with exercise. the key for me was both!;great app for calorie counting!!;0;0
iteration_9;Burner: 2nd Phone Number Line;COMMUNICATION;7db00bee-fc26-49b1-87a4-2b8fbda17926;1;Sep 12, 2022;1;f_133;Odd. I received a phone call today from the burner number I was assigned. That's not suspicious at all....;I received a phone call today from the burner number I was assigned.;0;0
iteration_9;ColorNote Notepad Notes;PRODUCTIVITY;4c6ba29c-ec5c-4a14-a70b-f7b44e156a33;3;May 26, 2022;5;f_30;Absolute top notch. Has all the features I would use, and more. Now with cloud sync is FANTASTIC!!! EVO 4G I still call this the best after 4 years. Way better than google keep. I do wish it had better search functionality, like to globally search across/within all notes.;EVO 4G;0;0
iteration_9;Steam Chat;COMMUNICATION;7843b275-5d77-4b13-9999-53932cc8a64a;2;Jul 26, 2021;1;f_183;cannot go 30 seconds without crashing when hitting send. come on. back to the 2015 steam mobile app I go;back to the 2015 steam mobile app I go;0;0
iteration_9;Telegram X;SOCIAL;b1ba2acd-bf20-4ba7-981e-c32ca830ccd4;1;Aug 02, 2022;2;f_228;Add voice chat on ground chat. Voice chat is missing on group chat.;Voice chat is missing on group chat.;0;0
iteration_9;ColorNote Notepad Notes;PRODUCTIVITY;fdab20f7-ae14-4510-a73d-e3dd666a3e67;3;Aug 17, 2022;5;f_102;Using for years. It transfers from device to device nicely. I love how it has the option to color code, make lists or notes. I do my grocery list, to do list, whatever list and check mark as I go. I do a lot of notes here too. Back up auto sync notes are saved. So if you delete something by mistake, you can go find it in back up. You can lock specific ones so it can be more private, just don't forget the password you set because I don't think their is a way to reset it. But you can change it.;I do my grocery list, to do list, whatever list and check mark as I go.;0;0
iteration_9;True Phone Dialer & Contacts;COMMUNICATION;9b98c68f-0714-4e11-8c78-0746e7504bd8;0;Jul 21, 2021;1;f_117;Cannot find the message the caller left. There is no voice mail access;Cannot find the message the caller left.;0;0
iteration_9;Todoist: to-do list & planner;PRODUCTIVITY;94dd6361-150c-4e57-8e91-e732bcd6e2ea;1;Mar 10, 2022;3;f_109;It's ok. It needs a one-way Google calendar sync. I tried playing with the settings and accidentally ended up deleting all of my events for the year on the calendar which is very tedious to figure out what was missing and re-add. A simple one-way sync where the Google calendar events sync to Todoist and there are no permissions requesting to edit the Google calendar would fix this.;It needs a one-way Google calendar sync.;0;0
iteration_9;Weather Radar Widget;WEATHER;6a8361e1-1854-4d44-a686-7cb8c6d7c60c;0;Jan 28, 2019;1;f_472;JAN 2019: LIVE RADAR WIDGET IS MISSING! This is the only thing that makes ur app different from others. WE WANT THE LIVE RADAR WIDGET BACK. Otherwise this app is just another crappy weather app. <~READ THE COMPLAINTS~> 9/12/17 UPDATE...YOU REFUSE TO FIX YOUR APP. WHAT HAPPENED? Clicking on app works great but so do 10 million other weather apps. You have a priceless gem on your hands..a weather radar widget. Please oh please fix it. Thanks in advance;JAN 2019: LIVE RADAR WIDGET IS MISSING!;0;1
iteration_9;Windy.com - Weather Forecast;WEATHER;dd2563e3-7531-4614-b49b-f945edfc931d;4;Aug 22, 2022;5;f_49;Lot of access on a little screen. Lucky for I have used Premium Website access for years. Layouts between the two are similar, I knew what I was looking for. Smartphone app is compact requiring more navigation. Data transfers quickly. Screen images are clear with smooth animation. Premium is ad free, so far, moving between devices. Very satisfied with developer innovation. Adding weather warnings access was a good move. Very responsive.;Data transfers quickly.;0;0
iteration_9;Repeat Habit - Habit tracker f;PRODUCTIVITY;c109f1e8-4abe-499d-8939-df2e3b92e469;2;Oct 14, 2019;5;f_278;Go ahead .. I have tried several habit apps..but your is the awesome. But please add backup and restore from google...this online synchronization means very very important to us..!;But please add backup and restore from google...this online synchronization means very very important to us..!;0;0
iteration_9;Facebook Lite;SOCIAL;ca580866-4413-4506-b354-4d9923eed889;0;Sep 11, 2022;1;f_417;lite is ugly now when I open the lag right away and I can't watch videos or view myday since it updated, I uninstalled it several times but nothing I hope it goes well;lite is ugly now when I open the lag right away and I can't watch videos or view myday since it updated, I uninstalled it several times but nothing I hope it goes well;0;0
iteration_9;Garmin Smartphone Link;TRAVEL_AND_LOCAL;889df340-3cd2-48ce-8c2f-5b957077ecfa;0;May 04, 2020;5;f_164;I really like this app ive used in my personal vehicle and a 150thousand dollar freightliner fully loaded and never steered me wrong with the deizl770 gps. 1 question though why did my app state 5.3 gigabytes of storage used and when i uninstalled and restarted the app it says 41 mb.;I really like this app ive used in my personal vehicle and a 150thousand dollar freightliner fully loaded and never steered me wrong with the deizl770 gps.;0;0
iteration_9;Event Alarm Reminder for Googl;TOOLS;6e3d4a78-8c55-48b9-be59-05540ae1a418;2;Feb 10, 2022;1;f_96;Too confusing.Did not save my event for March and I paid 7.99 for it sigh. Just want a simple alarm calendar,any recommendations?;Just want a simple alarm calendar,any recommendations?;0;0
iteration_9;Material Notes: Colorful notes;PRODUCTIVITY;307c0739-e3b0-4992-a129-cbc2867c5693;0;Nov 07, 2016;5;f_23;This is a great ever app in material design I have used...;This is a great ever app in material design I have used...;0;0
iteration_9;Get Stuff Done!;PRODUCTIVITY;5f97e922-86e1-4e66-b32b-28d33e47435d;4;Dec 02, 2016;3;f_502;If on the pauses there could be different levels, like depending on the work schedule/environment would depend on how many you were allowed. Ex: like cleaning out your garage, or spring cleaning, or if you work in an office type setting. I personally would like to be able to set up different goals/tasks separately to be broken down into smaller goals/tasks. This way I am able to pick/choose the order of the large goals/tasks go in. Ex: Which ones have a higher priority over another.;Ex: Which ones have a higher priority over another.;0;0
iteration_9;Steam Chat;COMMUNICATION;c9a712f6-52eb-472e-974d-28588a53a6af;0;Sep 08, 2021;3;f_46;How does an instant messaging app not allow you to zoom in when viewing images?;How does an instant messaging app not allow you to zoom in when viewing images?;0;0
iteration_9;Telegram;COMMUNICATION;e262a8e8-42aa-4e34-a3b2-3be2faef1270;2;Aug 31, 2022;1;f_120;I was contacted by a scammer to download this App and send them money. There is no need for this app. Your phone comes with a text messaging app or use the Google app. Do not trust this app;Your phone comes with a text messaging app or use the Google app.;0;0
iteration_9;Google Earth;TRAVEL_AND_LOCAL;c34a82a4-4993-4387-acd4-9757f4326481;0;Jul 27, 2022;5;f_344;Educational;Educational;0;0
iteration_9;WhatsApp Messenger;COMMUNICATION;350016e4-7c95-4b1c-8528-229111b3729a;1;Sep 13, 2022;3;f_416;I think im going to give 3 stars bcaz if i have a full network Still the videos being uploading or downloading are too much time consuming. I mean to say videos upload or download is too much slow so i think this is my reason for giving it three stars caz my maximum work done by videos as i m a student;I mean to say videos upload or download is too much slow so i think this is my reason for giving it three stars caz my maximum work done by videos as i m a student;0;0
iteration_9;Tasker;TOOLS;ee80411c-0ee3-4b94-82bb-9833e163ad1e;2;Aug 04, 2022;3;f_140;Very clunky. This app was clearly designed and implemented by an engineer... Please get a professional UX designer to redo the workflow and the UI to reduce the frustrating user experience.;Please get a professional UX designer to redo the workflow and the UI to reduce the frustrating user experience.;0;0
iteration_9;Phone by Google;TOOLS;5a0ec5a7-4113-4744-8b25-a1855a8f9a0e;1;Sep 13, 2022;5;f_235;it's great. I mean, every aspect of your personal interactions become part of a terrifying data set that includes horrifying intrusions of privacy and information safety. But the convenience! Yeah! yeah... 乁⁠|⁠ ⁠･⁠ ⁠〰⁠ ⁠･⁠ ⁠|⁠ㄏ It works good.;I mean, every aspect of your personal interactions become part of a terrifying data set that includes horrifying intrusions of privacy and information safety.;0;0
iteration_9;True Phone Dialer & Contacts;COMMUNICATION;a0d99b97-c9bb-4d3e-bba7-784413bc5b89;0;Feb 06, 2022;3;f_215;Call recording is not working iam using Google dailar it's showing poor performance. Hence iam installed this app but Everthing is good only call recording is not working.;Call recording is not working iam using Google dailar it's showing poor performance.;0;0
